name,type,state,lat,lon
RH Shriwadhan,CHC,MAHARASHTRA,18.25972000037347,73.12620000047536
Eturunagaram,CHC,TELANGANA,18.337811000366653,80.42987000027678
Newasa,CHC,MAHARASHTRA,19.550487999383687,74.92745400075074
Pachod,CHC,MAHARASHTRA,19.572336109989102,75.6265055598754
Loni,CHC,MAHARASHTRA,19.579200000212825,74.46876499996449
NSKMC Swami Samarth Hospital,CHC,MAHARASHTRA,19.580000000192147,73.45999999933636
Khardi,CHC,MAHARASHTRA,19.58229199970443,73.39296300027338
NSKMC Dr Zakir Hussain Hospital,CHC,MAHARASHTRA,19.58999999937912,73.47000000016341
Etapalli,CHC,MAHARASHTRA,19.599950999894137,80.22808999984797
Igatpuri,CHC,MAHARASHTRA,19.635709999889173,73.57099000038609
Nandgaon,CHC,MAHARASHTRA,19.635709999889173,73.57099000038609
Haroti,CHC,RAJASTHAN,26.207350999973787,76.61238799984994
NASIRABAD,CHC,UTTARPRADESH,26.20826800003073,81.52009999984963
BHITARGAON,CHC,UTTARPRADESH,26.21262700029633,80.27702200053523
Fursatganj,CHC,UTTARPRADESH,26.2256480000666,81.09268799984004
PATARA,CHC,UTTARPRADESH,26.23231300014505,80.1939469996158
JATUATAPPA,CHC,UTTARPRADESH,26.253107000260314,81.13662699978647
Shahgarh,CHC,UTTARPRADESH,26.263363000084333,81.76883299981831
jaisinghpur,CHC,UTTARPRADESH,26.28134299985596,82.24823700013938
Sapotara,CHC,RAJASTHAN,26.29145400009463,76.75228999984134
SARSAUL,CHC,UTTARPRADESH,26.294263999324013,80.48309300064967
Peeplu,CHC,RAJASTHAN,26.299306999851822,75.71348199976929
Malpura,CHC,RAJASTHAN,26.30056799998949,75.36966100016483
CHC Kailaras,CHC,MADHYA PRADESH,26.301353330300387,77.61414332953514
Mandrayal,CHC,RAJASTHAN,26.303048999634008,77.23515299999482
AMAWAN,CHC,UTTARPRADESH,26.305027000202635,81.35407299983108
BIDHNOO,CHC,UTTARPRADESH,26.31844500052492,80.27325300018308
CHC AMAYAN,CHC,MADHYA PRADESH,26.322524110163176,78.76042492937611
kurwar,CHC,UTTARPRADESH,26.335773000245304,81.99334800003885
CHC ROUN,CHC,MADHYA PRADESH,26.338550340650038,78.9458525499384
HARCHANDPUR,CHC,UTTARPRADESH,26.353283999697883,81.18069299995449
Newai,CHC,RAJASTHAN,26.359346999600497,75.91836600020325
Musafirkhana,CHC,UTTARPRADESH,26.36256000002717,81.81212599968434
Sikandra,CHC,UTTARPRADESH,26.36679699990595,79.69868500005832
jamon,CHC,UTTARPRADESH,26.36801400012269,81.66420200018835
Magrayar,CHC,UTTARPRADESH,26.37950400065524,80.69818399980329
Tiloi,CHC,UTTARPRADESH,26.39308199995547,81.46978000053878
CHC Noorabad,CHC,MADHYA PRADESH,26.404270000717137,78.06633999915051
KUREBHAR,CHC,UTTARPRADESH,26.413194000214705,82.127321999504
Mitrapura,CHC,RAJASTHAN,26.433202000130983,76.19512899992999
Dhanpatganj,CHC,UTTARPRADESH,26.440361000240447,82.03282499969708
Arain,CHC,RAJASTHAN,26.453700000230864,75.03713599994956
Borunda,CHC,RAJASTHAN,26.46666699973156,73.80000000050676
Mathaniya,CHC,RAJASTHAN,26.52973900036208,72.97432700070216
Bawri,CHC,RAJASTHAN,26.62309739982489,73.17331269981156
Bhopalgarh,CHC,RAJASTHAN,26.64584600001324,73.49302399966012
Bhaniyana,CHC,RAJASTHAN,26.660863000052565,71.88974300072492
Chamu,CHC,RAJASTHAN,26.666666999509108,72.58333300055148
Gothan,CHC,RAJASTHAN,26.671301000235182,73.74439200000396
Bajwas,CHC,RAJASTHAN,26.712900000304057,74.59526799957082
Osian,CHC,RAJASTHAN,26.72599999984136,72.90999999966245
Harsor,CHC,RAJASTHAN,26.73425299981193,74.47307800028976
Sankara,CHC,RAJASTHAN,26.73775799968928,71.59019900027738
Idawa,CHC,RAJASTHAN,26.778861999336108,74.26435300043191
Asop,CHC,RAJASTHAN,26.793605000008316,73.58149699957971
Rupangarh,CHC,RAJASTHAN,26.79473199999913,74.85217500027848
Sam,CHC,RAJASTHAN,26.830452999965036,70.50715700070612
Gacchipura,CHC,RAJASTHAN,26.95453799981906,74.45402800028626
Khinwsar,CHC,RAJASTHAN,26.97701100062077,73.40219900012099
Lohawat,CHC,RAJASTHAN,26.98164499991245,72.58143299994518
Panchala Siddha,CHC,RAJASTHAN,26.988398999937083,73.2750620001298
Budsu,CHC,RAJASTHAN,27.13792000000113,74.72200200005418
Jayal,CHC,RAJASTHAN,27.140149999533527,74.12634999942532
Chhoti Khatu,CHC,RAJASTHAN,27.16629000008553,74.34876300027146
Rol,CHC,RAJASTHAN,27.166700000446927,73.93330000030244
Tosina,CHC,RAJASTHAN,27.18261600035452,74.53168100011946
MEETHRI ladnu,CHC,RAJASTHAN,27.19735999997877,74.38925900027898
kukanwali,CHC,RAJASTHAN,27.22999099959378,74.98516799992748
TEPU,CHC,RAJASTHAN,27.263432599846105,72.0408906001264
Maulasar,CHC,RAJASTHAN,27.30562999977963,74.72685199978157
Kelansar,CHC,RAJASTHAN,27.34581859960675,72.93572149982019
Mohangarh,CHC,RAJASTHAN,27.35016300004398,71.21614299981175
Baru,CHC,RAJASTHAN,27.36469099944137,71.88381000017584
Bap,CHC,RAJASTHAN,27.36858000001739,72.34931900071764
Ramgarh,CHC,RAJASTHAN,27.37488999941006,70.49376900019176
Panchu,CHC,RAJASTHAN,27.445760999470554,73.13201000010248
Dhodh,CHC,RAJASTHAN,27.49237500017649,74.99128100040161
BHARNAWA,CHC,RAJASTHAN,27.502482000435,74.27368499964065
Nachna,CHC,RAJASTHAN,27.50746800031476,71.72369299934353
Nimbijodha,CHC,RAJASTHAN,27.611819999637195,74.2953569996005
Nechwa,CHC,RAJASTHAN,27.615610000499696,74.76589199959676
Jasrasar,CHC,RAJASTHAN,27.7097820003,73.81396900080416
Salasar,CHC,RAJASTHAN,27.725467000398822,74.72492800068244
Shandawa,CHC,RAJASTHAN,27.75000000061838,74.16666700023099
Jajod,CHC,RAJASTHAN,27.786571999553445,74.8549110000376
Bidasar,CHC,RAJASTHAN,27.830718999793,74.3182449995531
Kolayat,CHC,RAJASTHAN,27.835655999739547,72.95256899963029
Parihara,CHC,RAJASTHAN,27.929462000014038,74.55670600050483
Bajju,CHC,RAJASTHAN,27.93519299996307,72.51160900017112
Napsar,CHC,RAJASTHAN,27.959008999691743,73.55924999968462
Rol Sahabsar,CHC,RAJASTHAN,28.050000000175284,74.85000000021084
Mahansar,CHC,RAJASTHAN,28.20159260026438,75.04651229957652
Momasar,CHC,RAJASTHAN,28.21052100006016,74.28693299951463
Loonkaransar,CHC,RAJASTHAN,28.48321299979273,73.75072799916255
Jaitsisar,CHC,RAJASTHAN,28.75617299973263,74.45143500064223
Barjangsar,CHC,RAJASTHAN,28.77060609931611,74.4494610004161
Mahajan,CHC,RAJASTHAN,28.7897470000683,73.84484699957605
Rawla,CHC,RAJASTHAN,28.845047000235542,72.88171800000933
Sahawa,CHC,RAJASTHAN,28.871236999631314,74.84486500007812
Pallu,CHC,RAJASTHAN,28.876720000191348,74.1998060001825
Khadki Cantonment Board,CHC,MAHARASHTRA,18.342049999803766,73.5116799994783
Samsherpur,CHC,MAHARASHTRA,19.647480000408866,73.96431699988982
Mantha,CHC,MAHARASHTRA,19.64816500004961,76.38721000072894
Mulchera,CHC,MAHARASHTRA,19.67936400043221,80.00428699983007
Asti,CHC,MAHARASHTRA,19.6831889998634,79.80389900001944
Ghoti,CHC,MAHARASHTRA,19.685840000209087,73.65828999997056
Wada,CHC,MAHARASHTRA,19.68601099966029,73.17331299984886
Bidkin,CHC,MAHARASHTRA,19.70421389000898,75.29803611001147
Manor,CHC,MAHARASHTRA,19.724854999708185,72.90975400051346
Pujariguda,CHC,ORISSA,19.732049999695857,82.20372999993042
Gharsana,CHC,RAJASTHAN,29.021645899695365,73.07889570037057
Rajiyasar,CHC,RAJASTHAN,29.06226020022507,73.96537149986248
Ramgarh,CHC,RAJASTHAN,29.185269000091196,74.98074499999736
Phephana,CHC,RAJASTHAN,29.340000000062812,74.89999999985454
Sameja Kothi,CHC,RAJASTHAN,29.417516999768704,73.27454900011882
Madhosinghana,CHC,HARYANA,29.430000000354035,74.92999999964076
NIRWANA,CHC,RAJASTHAN,29.48632300032475,73.76486800006252
Raisinghnagar,CHC,RAJASTHAN,29.52769699982919,73.45220600033565
Dablirathan,CHC,RAJASTHAN,29.55069900017628,74.19151800053906
Tibi,CHC,RAJASTHAN,29.553999999234104,74.50200000017546
Ridmalsar,CHC,RAJASTHAN,29.564084399842056,73.75072760031057
Goluwala,CHC,RAJASTHAN,29.63299999939074,74.04999999962355
Baragudha,CHC,HARYANA,29.69999999977984,75.00000000004029
Padampur,CHC,RAJASTHAN,29.707549000421817,73.62565700035736
Dholipal,CHC,RAJASTHAN,29.75207400029933,74.26744400001832
Chunawadh,CHC,RAJASTHAN,29.821068400200787,73.7273276001719
Sri Karanpur,CHC,RAJASTHAN,29.83802000009753,73.46810799995302
Dhabaan,CHC,RAJASTHAN,29.85841900069095,74.5433990001813
kesarisinghpur,CHC,RAJASTHAN,29.947521000747432,73.62124199992485
Sitto Gunno CHC,CHC,PUNJAB,30.02460200031147,74.36334900033697
Shivpur,CHC,RAJASTHAN,30.050000000477528,73.86666699967387
Sarawa Bodlan CHC,CHC,PUNJAB,30.218731999554787,74.3959069996071
Khui Khera CHC,CHC,PUNJAB,30.301821000265104,74.09470399947602
Goniana CHC,CHC,PUNJAB,30.31913099969185,74.91413599965824
Dabwala Kalan CHC,CHC,PUNJAB,30.32883500029403,74.2516729999222
Bajakhana CHC,CHC,PUNJAB,30.455314999688166,74.98078500018035
Bariwala CHC,CHC,PUNJAB,30.46723000000552,74.4313969993533
Sadiq CHC,CHC,PUNJAB,30.710083000152267,74.5820000005037
Daroli Bhai CHC,CHC,PUNJAB,30.81018899982801,75.04513400006304
Sirhali CHC,CHC,PUNJAB,31.099239000301864,74.91576199972984
Harikepattan CHC,CHC,PUNJAB,31.165294999832884,74.94306599993986
Brahampura CHC,CHC,PUNJAB,31.303840000291355,74.99630000018342
Naushera Pannuan CHC,CHC,PUNJAB,31.33998999995308,74.95376000052786
Ghuman CHC,CHC,PUNJAB,31.98950199935829,75.04505200004729
Saipau,CHC,RAJASTHAN,26.452728000246232,77.52181300061645
Kurgaon,CHC,RAJASTHAN,26.4553469995259,76.85552000042894
Purwa,CHC,UTTARPRADESH,26.459199000097573,80.76654800008545
Ayana,CHC,UTTARPRADESH,26.46121799933692,79.34444399950226
Jagdishpur,CHC,UTTARPRADESH,26.46148800017273,81.6171349999473
BALDIRAY,CHC,UTTARPRADESH,26.46850800063962,81.893457999458
Singhpur,CHC,UTTARPRADESH,26.480595000026163,81.43676500043583
Mandawari,CHC,RAJASTHAN,26.48559999983932,76.43557000005734
CHC MEHGAON,CHC,MADHYA PRADESH,26.49516500063859,78.61296500045422
Sarmathura,CHC,RAJASTHAN,26.514829999706084,77.36802699981818
SHIVGARH,CHC,UTTARPRADESH,26.542132999522856,81.24593800016282
Jhijhak,CHC,UTTARPRADESH,26.555611999760444,79.7224249999556
Mathura Nagar,CHC,UTTARPRADESH,26.560000000108865,81.13099999955914
Roopwas,CHC,RAJASTHAN,26.562407000162057,75.87447300028761
Rajpur,CHC,UTTARPRADESH,26.56248500032832,79.14001100005329
CHC Khadiyahar,CHC,MADHYA PRADESH,26.563906670124616,78.20866000068035
Phagi,CHC,RAJASTHAN,26.578406000077614,75.568425000452
Bamanwas,CHC,RAJASTHAN,26.580890000174037,76.54408000054264
Vajeerpur,CHC,RAJASTHAN,26.58246999995073,76.87332000010444
Piloda,CHC,RAJASTHAN,26.599999999940582,76.82999999957592
Shukul bazar,CHC,UTTARPRADESH,26.60567599981366,81.58120700053318
CHAUBEYPUR,CHC,UTTARPRADESH,26.618567999764533,80.18681499969068
CHC Mahewa,CHC,UTTARPRADESH,26.621422999839524,79.2307760002163
Dibiyapur,CHC,UTTARPRADESH,26.626693000159204,79.55339100001626
Milkipur,CHC,UTTARPRADESH,26.628182000400912,81.94250499977296
Masalpur,CHC,RAJASTHAN,26.63261999988877,77.23189300035405
Ramgarh Pachwara,CHC,RAJASTHAN,26.635734000185032,76.2537049999955
Trivediganj,CHC,UTTARPRADESH,26.643175999754774,81.31347500061464
Kasba Kothi,CHC,UTTARPRADESH,26.67360999958053,81.42742400010795
Dudu,CHC,RAJASTHAN,26.683025000268028,75.23186200027105
MOHANLALGANJ,CHC,UTTARPRADESH,26.68606300044532,80.98855500015245
Kanchanpur,CHC,RAJASTHAN,26.70304299967094,77.69655699972553
Banshi Pahadpur,CHC,UTTARPRADESH,26.708043200044195,79.4499807003646
Nadauti,CHC,RAJASTHAN,26.70825199998816,76.71815699965488
Achhalda,CHC,UTTARPRADESH,26.715537000202897,79.4165050001665
Tunga,CHC,RAJASTHAN,26.72929900029483,76.14967299969194
CHC ATER,CHC,MADHYA PRADESH,26.74831333021175,78.64500833064356
Sohawal,CHC,UTTARPRADESH,26.75507699981233,81.97856799980461
GOSAIGANJ,CHC,UTTARPRADESH,26.767729999872326,81.10552200033555
Lawaan,CHC,RAJASTHAN,26.772963000520885,76.21025000064608
Hasanganj,CHC,UTTARPRADESH,26.773836999700272,80.63160000047687
Gudachanderji,CHC,RAJASTHAN,26.78365000030749,76.67172299997375
Haidergarh,CHC,UTTARPRADESH,26.785483000002763,81.51379600047808
KAKWAN,CHC,UTTARPRADESH,26.79328200042725,79.97957100013952
Paparda,CHC,RAJASTHAN,26.797099999892392,76.4239500008031
R S Ghat,CHC,UTTARPRADESH,26.79721999979012,81.54182999953576
Miyaganj,CHC,UTTARPRADESH,26.79785999950633,80.49422700055538
Bichun,CHC,RAJASTHAN,26.807558000083013,75.35187099963674
Maniya,CHC,RAJASTHAN,26.81736899999989,77.91796100026814
Sanganer,CHC,RAJASTHAN,26.821567999395416,75.77494000008213
banskhoh,CHC,RAJASTHAN,26.82437400060311,76.14649000004403
Jaitpur Kalan,CHC,UTTARPRADESH,26.83303300074321,78.6887269999019
Bassi,CHC,RAJASTHAN,26.838204999984107,76.05369599940326
Basreher,CHC,UTTARPRADESH,26.84146800001912,79.08553999990058
Jatabarauli,CHC,UTTARPRADESH,26.846746999654027,81.1369250006106
Jaswantnagar,CHC,UTTARPRADESH,26.87448499986129,78.91113800019998
RH Jaswali,CHC,MAHARASHTRA,18.42641999997695,73.24371999995412
Bhatakumarada,CHC,ORISSA,19.43602999990408,84.875760000071
Mohana,CHC,ORISSA,19.439770000415063,84.2607100001824
Adapada,CHC,ORISSA,19.45202000054208,84.64376999979369
Dabugaon,CHC,ORISSA,19.453829999878035,82.41399999966897
Jaipatna,CHC,ORISSA,19.46859000052844,82.81026999951939
Kalyansingpur,CHC,ORISSA,19.50672999997041,83.31315000014715
Shearagada,CHC,ORISSA,19.51091000057,84.60679999956575
Bissamcuttack,CHC,ORISSA,19.516299999264994,83.50848000071623
Thuamul Rampur,CHC,ORISSA,19.54512000049788,82.93883000009089
Daspur RH,CHC,WEST BENGAL,22.606799999275225,87.7223829997079
B. B. Dhar RH,CHC,WEST BENGAL,22.606804659901105,87.9344716001116
Haroa Rural Hospital,CHC,WEST BENGAL,22.61433299992326,88.68140000058739
Rajnagar,CHC,JHARKHAND,22.62000000013822,86.00999999973534
Potka,CHC,JHARKHAND,22.62000000013822,86.21000000010677
Domjur RH,CHC,WEST BENGAL,22.63301333958918,88.22447886990724
Salboni RH,CHC,WEST BENGAL,22.640232999541237,87.3152669998318
Kansabel,CHC,CHATTISGARH,22.644506779797656,83.74058626994075
Khuntpani,CHC,JHARKHAND,22.64459100038415,85.80717099971837
Bano,CHC,JHARKHAND,22.65199799997298,84.91841600007747
Natibpur Rural Hospital,CHC,WEST BENGAL,22.66639999983128,87.89065000009134
KAPU,CHC,CHATTISGARH,22.66965210006061,83.33590907029689
Jagatballavpur RH,CHC,WEST BENGAL,22.679844249807694,88.10837854005577
Akuni Ichapasar Rural Hospital,CHC,WEST BENGAL,22.69145000017587,88.26356699965876
Chanditala RH,CHC,WEST BENGAL,22.69145000017587,88.26356699965876
Dhanyakuria Rural Hospital,CHC,WEST BENGAL,22.69156700007972,88.75664999984903
Kolebira,CHC,JHARKHAND,22.698204999464437,84.69895700034697
Biswanathpur Rural Hospital,CHC,WEST BENGAL,22.700532999960657,88.63869999930166
Shibhati BPHC,CHC,WEST BENGAL,22.702333000234496,88.89273300015785
Kanaipur RH,CHC,WEST BENGAL,22.702617000067217,88.32068300023235
Khanakul RH,CHC,WEST BENGAL,22.70343299939096,87.8490669999625
CHC VIJAYNAGAR,CHC,CHATTISGARH,22.704816389975136,83.35564203964798
Kewakole RH,CHC,WEST BENGAL,22.70806700036765,87.18408300055248
DULDULA,CHC,CHATTISGARH,22.71173444004784,84.1053089893017
Vidyasagar BPHC,CHC,WEST BENGAL,22.721282999598685,87.66258299925369
Dwarigeria RH,CHC,WEST BENGAL,22.73110000016368,87.34988299989197
Chhotojagulia BPHC,CHC,WEST BENGAL,22.73138299991365,88.53170000033363
Jangipara RH,CHC,WEST BENGAL,22.741699999987823,88.05126700051588
Debipur BPHC,CHC,WEST BENGAL,22.760682869815117,87.96798807034885
Sarenga RH,CHC,WEST BENGAL,22.767467000457117,87.01584999960588
Mainpat,CHC,CHATTISGARH,22.76767999979631,83.33659666956146
Rania,CHC,JHARKHAND,22.770000000015173,85.09999999993188
Dakshin Narayanpur RH,CHC,WEST BENGAL,22.795016999762243,87.89638300062391
Raipur RH,CHC,WEST BENGAL,22.809183000198576,86.93261699940102
Amdanga Rural Hospital,CHC,WEST BENGAL,22.81081700033436,88.51105000019784
Kotulpur RH,CHC,WEST BENGAL,23.01995000024392,87.58043299987051
Akri Srirampur RH,CHC,WEST BENGAL,22.825350000429072,87.95415000040241
Maslandpur Rural Hospital,CHC,WEST BENGAL,22.8360830000015,88.72575000043754
Sarapul RH,CHC,WEST BENGAL,22.83831700045697,88.86861700051695
Sabdalpur Rural Hospital,CHC,WEST BENGAL,22.844883000172143,88.56588299985049
Kuchai,CHC,JHARKHAND,22.850000000426014,85.72999999993405
Garhbeta RH,CHC,WEST BENGAL,22.857516999424607,87.35530000005703
Ranibandh RH,CHC,WEST BENGAL,22.861399999801066,86.78175000045661
Bandgaon,CHC,JHARKHAND,22.86336399935479,85.33098200062888
Basia,CHC,JHARKHAND,22.86999999961223,84.82000000013058
Bandwan Rural Hospital,CHC,WEST BENGAL,22.879000000017957,86.50231699929635
Goghat BPHC,CHC,WEST BENGAL,22.887416999917185,87.71358299987838
Karra,CHC,JHARKHAND,22.89543099969846,84.99632099980575
Patmada,CHC,JHARKHAND,22.900000000069475,86.37999999979365
Kamdara,CHC,JHARKHAND,22.9100000003408,84.92000000031628
Udaipur,CHC,CHATTISGARH,22.911207429772706,82.94964933991555
Nanna Rural Hospital,CHC,WEST BENGAL,22.91714999985957,88.44064999976526
Simlapal RH,CHC,WEST BENGAL,22.926249999979813,87.07486699971237
Chandpara Rural Hospital,CHC,WEST BENGAL,22.94074999973884,88.77735000021359
Raidih,CHC,JHARKHAND,22.95000000037485,84.46000000000103
Chandil,CHC,JHARKHAND,22.95000000037485,86.05000000034862
Murhu,CHC,JHARKHAND,22.959999999707183,85.28999999947625
Polba RH,CHC,WEST BENGAL,22.96171700004386,88.30456700035477
Batauli,CHC,CHATTISGARH,22.961811259821225,83.4238967302314
Dhaniakhali RH,CHC,WEST BENGAL,22.965582999823937,88.091883000174
Khatra BPHC   simla,CHC,WEST BENGAL,22.969450000674986,86.8486170005386
Kamarpukur Rural Hospital,CHC,WEST BENGAL,22.978532999787166,87.65811699966585
Lakhanpur,CHC,CHATTISGARH,22.98354292962984,83.03792476976142
Arki,CHC,JHARKHAND,22.990000000543297,85.53000000046094
Chinsurah Mogra RH,CHC,WEST BENGAL,22.991517000284,88.36918300020116
MANORA,CHC,CHATTISGARH,22.99750378996768,84.05537973019001
Ichagarh,CHC,JHARKHAND,23.00000000011225,85.95000000016292
Nimdih,CHC,JHARKHAND,23.00000000011225,86.13300000002666
Madhabdihi RH,CHC,WEST BENGAL,23.01385000039458,87.86663300018462
Bari BPHC,CHC,WEST BENGAL,23.0142669999778,86.53778300054972
Taldangra RH,CHC,WEST BENGAL,23.0193829998684,87.10173300025448
Joypur BPHC,CHC,WEST BENGAL,23.055382999731517,87.4515169996469
Manbazar RH,CHC,WEST BENGAL,23.056832999928464,86.65878299977727
Amjhuri RH,CHC,WEST BENGAL,23.058450000441077,86.80857000006965
Jamalpur RH,CHC,WEST BENGAL,23.062982999827543,87.99096700046948
Pandua RH,CHC,WEST BENGAL,23.074216999449074,88.28109999937061
Maheshbati Rural Hospital,CHC,WEST BENGAL,23.075750000102417,87.90673300035702
Bansgarh CHC,CHC,WEST BENGAL,23.093050000749912,86.2324830000034
Sundarpur BPHC,CHC,WEST BENGAL,23.094982999915395,88.71916699961012
Ahamedpur RH,CHC,WEST BENGAL,23.0970329996666,88.45271699980657
Lapung,CHC,JHARKHAND,23.09999999998176,84.83999999998807
Chirmiri,CHC,CHATTISGARH,23.10287091041851,82.38393990977679
Onda RH,CHC,WEST BENGAL,23.115466999784587,87.17581700065035
Chainpur,CHC,JHARKHAND,23.139999999861036,84.23999999977212
Ramanujnagar,CHC,CHATTISGARH,23.14674404054601,82.71885176963461
Indus RH,CHC,WEST BENGAL,23.15296700014845,87.62045000020223
Indpur RH,CHC,WEST BENGAL,23.15530000058592,86.92256700014187
Badla BPHC,CHC,WEST BENGAL,23.15911700003892,88.29816699982544
Dumri,CHC,JHARKHAND,23.159999999995225,84.14000000048476
Puncha Rural Hospital,CHC,WEST BENGAL,23.16340000014316,86.65221700046494
RH Roha,CHC,MAHARASHTRA,18.269289999903744,73.73680000066965
Pandripani,CHC,ORISSA,18.433720000580895,82.01530000038116
Chandrapur,CHC,ORISSA,19.59801999975423,83.88011000014576
Kalampur,CHC,ORISSA,19.614310000447027,82.88425000015823
Muniguda,CHC,ORISSA,19.630539999266016,83.48476000001209
Krushna Prasad,CHC,ORISSA,19.63487999995366,85.26502000019505
Dharakote,CHC,ORISSA,19.64225999950946,84.5738100004755
Badagada,CHC,ORISSA,19.64569000034666,84.41444000000588
Chilka Nuapada,CHC,ORISSA,19.663570000423643,85.38093999954145
Koksara,CHC,ORISSA,19.66805999984156,82.70195999994898
Balisira,CHC,ORISSA,19.697350000170555,84.63779000028727
Radhanagar RH,CHC,WEST BENGAL,23.164367000745013,87.32776699951813
Barsul BPHC,CHC,WEST BENGAL,23.184232999881125,87.96751700010209
Bishrampur,CHC,CHATTISGARH,23.184818830043834,82.96567938988507
Pathardih Rural Hospital,CHC,WEST BENGAL,23.191317000665816,86.05934999999903
Dhourpur,CHC,CHATTISGARH,23.193357770062388,83.4337856202376
Jadavdutta RH,CHC,WEST BENGAL,23.19746699985852,88.53365000027036
Bishunpur,CHC,JHARKHAND,23.199999999706545,84.20000000005719
Patrasayer RH,CHC,WEST BENGAL,23.205867000722684,87.52818299981615
Bagdah RH,CHC,WEST BENGAL,23.20824999927287,88.89015000055959
Latori,CHC,CHATTISGARH,23.213983329827634,83.09915333046924
Khandaghosh BPHC,CHC,WEST BENGAL,23.216083000499808,87.68363300032088
Mahuadar,CHC,JHARKHAND,23.230000000029303,84.5999999999017
Chakoltore Rural Hospital,CHC,WEST BENGAL,23.23633299968824,86.3596999994622
Aranghata RH,CHC,WEST BENGAL,23.23961699969585,88.62654999941971
Ghaghra,CHC,JHARKHAND,23.25999999993149,84.56000000018673
Anchuri RH,CHC,WEST BENGAL,23.272499999993272,87.00163299961133
Sirkabad Rural Hospital,CHC,WEST BENGAL,23.274767000507,86.19516700016908
Patna,CHC,CHATTISGARH,23.279999999392288,82.65000000032283
Atghoria RH,CHC,WEST BENGAL,23.28115000018265,88.26054999969223
Adrahati BPHC,CHC,WEST BENGAL,23.291049999950072,87.64726700034056
Bero,CHC,JHARKHAND,23.30000000041094,85.01999999960368
Shankargarh,CHC,CHATTISGARH,23.3006925096878,83.6007391902509
Hura RH,CHC,WEST BENGAL,23.31135000022956,86.65398299938029
Kanchanpur BPHC,CHC,WEST BENGAL,23.31448300017174,87.09069999973275
Namkom,CHC,JHARKHAND,23.32999999982201,85.36999999980449
Chhatna RH,CHC,WEST BENGAL,23.321433000689105,86.97534999940042
Kurmun BPHC,CHC,WEST BENGAL,23.341299999849458,87.985233000112
Silli,CHC,JHARKHAND,23.35000000001897,85.84000000004846
Bhandra,CHC,JHARKHAND,23.36243399986268,84.77724700003971
Pursha Rural Hospital,CHC,WEST BENGAL,23.365833000066228,87.63776700000402
Bishnupur RH,CHC,WEST BENGAL,23.380032999871872,88.41778299972907
Senha,CHC,JHARKHAND,23.385000000297136,84.65100000052641
Bhaiyathan,CHC,CHATTISGARH,23.390609999409385,82.85192832967304
Amarkanan RH,CHC,WEST BENGAL,23.392616999255115,87.11070000048854
Chandwa,CHC,JHARKHAND,23.40000000017861,84.44000000014354
Angara,CHC,JHARKHAND,23.40000000017861,85.47999999991892
Bhatar RH,CHC,WEST BENGAL,23.401300000159583,87.93678300037193
Kotshila RH,CHC,WEST BENGAL,23.403716999848285,86.0694500003852
Kustour Rural Hospital,CHC,WEST BENGAL,23.405267000027283,86.45331699973534
Srirampur RH,CHC,WEST BENGAL,23.414349999906868,88.33314999940842
Maheshganj RH,CHC,WEST BENGAL,23.41553299944254,88.39963300024918
Monteswar RH,CHC,WEST BENGAL,23.417050000273477,88.10985000025407
Krishnaganj RH,CHC,WEST BENGAL,23.41714999932045,88.69800000016369
Joypur Rural Hospital,CHC,WEST BENGAL,23.417700000146592,86.14073300072462
Barjora RH,CHC,WEST BENGAL,23.42498300030785,87.2819999998338
Mankar RH,CHC,WEST BENGAL,23.43294999946748,87.55030000001494
Jamtara BPHC,CHC,WEST BENGAL,23.435867000605587,87.59683300032859
Kolloli Rural Hospital,CHC,WEST BENGAL,23.438732999863333,86.68521700049925
Lohardaga Sadar,CHC,JHARKHAND,23.44179200035745,84.68525699966308
Mandar,CHC,JHARKHAND,23.44999999971056,85.09000000000316
Purbasthali RH.,CHC,WEST BENGAL,23.457149999269827,88.32514999964509
PANAGARH Rural Hospital,CHC,WEST BENGAL,23.459449999671453,87.44989999979614
Garu,CHC,JHARKHAND,23.46699999991775,84.14543299964498
Ormanjhi,CHC,JHARKHAND,23.46999999935697,85.46000000006146
Sonhat,CHC,CHATTISGARH,23.47889020043338,82.51764056986728
Odgi,CHC,CHATTISGARH,23.479153329848938,82.8046850000232
Dhubulia RH,CHC,WEST BENGAL,23.489316999715594,88.44911700040716
Balumath,CHC,JHARKHAND,23.49000000009286,84.46000000000103
Barwadih,CHC,JHARKHAND,23.499999999820503,84.5999999999017
Chano,CHC,JHARKHAND,23.499999999820503,84.96999999995998
Manika,CHC,JHARKHAND,23.50999999938556,84.20000000005719
Para Rural Hospital,CHC,WEST BENGAL,23.51225000021063,86.51528300003632
Kisko,CHC,JHARKHAND,23.51433900050704,84.66553000051537
Chapra RH,CHC,WEST BENGAL,23.517649999543828,88.5458329997643
Saltora RH,CHC,WEST BENGAL,23.52279999996201,86.93688299987065
Gola,CHC,JHARKHAND,23.52548100044339,85.71766500010413
Raghunathpur BPHC,CHC,WEST BENGAL,23.525699999655565,86.62761700022702
Bononabagram RH,CHC,WEST BENGAL,23.52706700003684,87.63145000021369
Kuru,CHC,JHARKHAND,23.541890999634944,84.81899000000213
Mejhia RH,CHC,WEST BENGAL,23.56071700015439,87.10463300004517
Kasmar,CHC,JHARKHAND,23.57000000031903,85.95000000016292
Singot RH,CHC,WEST BENGAL,23.571382999979487,87.98215000002322
Burmo,CHC,JHARKHAND,23.57315300017008,85.1315049994159
Murardih Rural Hospital,CHC,WEST BENGAL,23.586967000234253,86.82600000074767
Noapara BPHC,CHC,WEST BENGAL,23.5962669999997,88.181582999957
Harmadih RH,CHC,WEST BENGAL,23.6072169996502,86.80021700012891
Banda Rural Hospital,CHC,WEST BENGAL,23.6072329997928,86.55278299999368
Peterwar,CHC,JHARKHAND,23.610000000745057,85.6499999996058
Raniganj BPHC,CHC,WEST BENGAL,23.61334999981079,87.11858300007601
Illambazar RH,CHC,WEST BENGAL,23.624283000010617,87.53873299956582
Patratu,CHC,JHARKHAND,23.6349309995485,85.30331400037078
KHANDRA RH,CHC,WEST BENGAL,23.6515669999834,87.23134999991173
Laudoha Rural Hospital,CHC,WEST BENGAL,23.661099999761728,87.30378300012168
Jaridih,CHC,JHARKHAND,23.670000000446425,86.00999999973534
Ompi RH,CHC,TRIPURA,23.676899999639588,91.63530000010006
Bahadurpur Rural Hospital,CHC,WEST BENGAL,23.68953299977114,87.14313300008521
Ketugram BPHC,CHC,WEST BENGAL,23.69973299947268,88.04708300006203
Nanoor RH,CHC,WEST BENGAL,23.703249999856,87.86278300053996
Kaliganj RH,CHC,WEST BENGAL,23.72469999979798,88.23415000020375
Chakan,CHC,MAHARASHTRA,18.451746999924147,73.51367399979597
Sumandal,CHC,ORISSA,19.70903999956181,85.037299999687
Lanjigarh,CHC,ORISSA,19.712190000742293,83.363689999566
Jharigam,CHC,ORISSA,19.71279999953433,82.37128000008839
Surada,CHC,ORISSA,19.72690000002196,84.43866000030222
Chiliguda,CHC,ORISSA,19.73069999924542,82.9063899999232
Puntamba,CHC,MAHARASHTRA,19.76552999928439,74.61093099971193
Dodi,CHC,MAHARASHTRA,19.788989999194307,74.01535000012649
vikramgad,CHC,MAHARASHTRA,19.801486000416105,73.09448299948266
Vangaon,CHC,MAHARASHTRA,19.87413399978615,72.75438300054977
Bhandaria,CHC,JHARKHAND,23.73849799957559,83.8287399996252
Ramjibanpur RH,CHC,WEST BENGAL,23.739082999284808,87.96555000044692
Latehar Sadar,CHC,JHARKHAND,23.74364999950548,84.53649999959063
Wadrafnagar,CHC,CHATTISGARH,23.75111263958384,83.22058478064632
Kelejora Rural Hospital,CHC,WEST BENGAL,23.761817000187417,87.01031699998818
Salar BPHC,CHC,WEST BENGAL,23.775817000118277,88.10965000023755
Nirsa,CHC,JHARKHAND,23.779999999954278,86.71000000013699
Baghmara,CHC,JHARKHAND,23.790000000271984,86.19999999927971
Palashipara RH,CHC,WEST BENGAL,23.79178299955772,88.4473669995887
Keredari,CHC,JHARKHAND,23.800000000550053,85.00000000064452
Barkagaon,CHC,JHARKHAND,23.800000000550053,85.20000000011763
Nakrakonda RH,CHC,WEST BENGAL,23.804983000144425,87.26271700020179
Sultanpur RH,CHC,WEST BENGAL,23.80976699985049,87.58546700061925
Labpur RH,CHC,WEST BENGAL,23.815616999743995,87.79686700013687
Pithaikeary Rural Hospital,CHC,WEST BENGAL,23.81601699948551,86.87589999993392
Gomia,CHC,JHARKHAND,23.82999999938094,85.84999999997723
Govindpur,CHC,JHARKHAND,23.840000000199705,86.52000000059263
Tandwa,CHC,JHARKHAND,23.850000000506014,85.0299999995324
Mandu,CHC,JHARKHAND,23.8549999993077,85.44333300053802
Saktipur Rural Hospital,CHC,WEST BENGAL,23.86276699997665,88.19513299995475
Bharatpur Rural Hospital,CHC,WEST BENGAL,23.876183000035976,88.07979999934085
Hazaribagh Sadar,CHC,JHARKHAND,23.900000000060945,85.29999999940497
Churchu,CHC,JHARKHAND,23.900000000060945,85.4999999997764
Topchachi,CHC,JHARKHAND,23.900000000060945,86.19999999927971
Nala,CHC,JHARKHAND,23.92209499964561,87.03514400000685
Burwan Rural Hospital,CHC,WEST BENGAL,23.926433000195253,87.94213300058982
Amtala Rural Hospital,CHC,WEST BENGAL,23.92913299948025,88.45389999928908
Satpalsa Rural Hospital,CHC,WEST BENGAL,23.931400000190948,87.78496700050016
Rajnagar RH,CHC,WEST BENGAL,23.94403299958259,87.3240670005596
Barachaturi BPHC,CHC,WEST BENGAL,23.96368299959043,87.4723330003624
Natidanga RH,CHC,WEST BENGAL,23.96846699967309,88.54253300083882
Ref Kundhit  Hospital,CHC,JHARKHAND,23.97209599959464,87.15974199988233
Ref Dumri  Hospital,CHC,JHARKHAND,23.979999999899707,86.03000000049117
Tundi,CHC,JHARKHAND,23.979999999899707,86.45000000019314
MD Bazar RH,CHC,WEST BENGAL,23.98191699949833,87.58996699964393
Tisri,CHC,JHARKHAND,23.99000000024794,86.03000000049117
Ranka,CHC,JHARKHAND,23.991524000194666,83.78629399968099
Ichak,CHC,JHARKHAND,23.99999999946673,85.400000000489
Bishnugarh,CHC,JHARKHAND,23.99999999946673,85.70000000014782
Kumarghat Rural Hospital,CHC,TRIPURA,24.009799000492404,92.00240799986526
Panisagar CHC,CHC,TRIPURA,24.016020000465385,92.00927299982668
Khargram Rural Hospital,CHC,WEST BENGAL,24.019516999331007,87.99171699940858
Lesliganj,CHC,JHARKHAND,24.02509000032597,84.12770999996235
Karna Subarna B.P.H.C.,CHC,WEST BENGAL,24.026682999837927,88.17529999960352
Kadamtala CHC,CHC,TRIPURA,24.027385000336487,92.01269800022224
Panki,CHC,JHARKHAND,24.035687999915247,84.47764999988874
Pirtand,CHC,JHARKHAND,24.03999999951848,86.16000000046307
Narayanpur,CHC,JHARKHAND,24.043118999457192,86.61615299971005
Gokarna Rural Hospital,CHC,WEST BENGAL,24.04411700017343,88.11118299952442
Ranishwar,CHC,JHARKHAND,24.04580000007949,87.40972000015611
Hariharpara B.P.H.C.,CHC,WEST BENGAL,24.045900000224904,88.41269999947487
CHC khutar,CHC,MADHYA PRADESH,24.04699999996602,82.53400000061048
Ref SimariaHospital,CHC,JHARKHAND,24.04999999983829,84.93000000024504
Mollarpur Rural Hospital,CHC,WEST BENGAL,24.07549999988546,87.71331699973963
Katkamsandi,CHC,JHARKHAND,24.09999999920972,85.20000000011763
Barkatta,CHC,JHARKHAND,24.09999999920972,86.60000000002253
Karon,CHC,JHARKHAND,24.115943999845783,86.73296599990739
Sadikhans Dear Rural Hospital,CHC,WEST BENGAL,24.11861699998686,88.64353300020892
Myorpur,CHC,UTTARPRADESH,24.1229339993624,83.04971099956404
Manatu,CHC,JHARKHAND,24.13234000000074,84.23955999955608
Baswa Rural Hospital,CHC,WEST BENGAL,24.135330999962783,87.87669099983968
Dhurki,CHC,JHARKHAND,24.14024800070652,83.44834800000099
Islampur Rural Hospital,CHC,WEST BENGAL,24.15566700032999,88.47053300027395
Masalia,CHC,JHARKHAND,24.159400000753426,87.18139000045102
Gandey,CHC,JHARKHAND,24.180000000169787,86.28999999953668
Nabagram B.P.H.C.,CHC,WEST BENGAL,24.192382999535784,88.09466699961371
Chakmondola BPHC,CHC,WEST BENGAL,24.198983000211108,87.72344999973775
Chatra Sadar,CHC,JHARKHAND,24.19999999990668,84.86999999977428
Patan,CHC,JHARKHAND,24.20211899974893,84.17783999930242
Anpara,CHC,UTTARPRADESH,24.20723600048947,82.80190599970801
Godhanpara Rural Hospital,CHC,WEST BENGAL,24.21891700007393,88.5491830007151
Shikaripara,CHC,JHARKHAND,24.237799999661902,87.47638999969628
Palajori,CHC,JHARKHAND,24.24044800018555,87.00260899940459
Sarath,CHC,JHARKHAND,24.257560999736985,86.83992599959073
Birni,CHC,JHARKHAND,24.269999999571457,85.92999999940714
Pratappur,CHC,JHARKHAND,24.28999999990998,84.63000000058622
Itkhori,CHC,JHARKHAND,24.28999999990998,85.15999999950435
Barhi,CHC,JHARKHAND,24.29999999988142,85.400000000489
Bengabad,CHC,JHARKHAND,24.29999999988142,86.35999999993616
Lohapur BPHC,CHC,WEST BENGAL,24.3002249999155,87.95360599953096
Kanapukur RH,CHC,WEST BENGAL,24.304482999804605,88.2958829999779
CHC ITAR,CHC,MADHYA PRADESH,24.306193999500643,82.28955699960422
Nashipur B.P.H.C.,CHC,WEST BENGAL,24.307599999934027,88.38251700028887
Pakuria,CHC,JHARKHAND,24.330000000409097,87.6399999997979
Jama,CHC,JHARKHAND,24.35030000001392,87.1461099998688
Kathikund,CHC,JHARKHAND,24.35829999970863,87.42082999977241
Jainagar,CHC,JHARKHAND,24.369887999784844,85.6460559993515
Jamua,CHC,JHARKHAND,24.38000000050587,86.2699999996792
Sarwan,CHC,JHARKHAND,24.38761299940793,86.78358900006525
Bhawnathpur,CHC,JHARKHAND,24.38999999998073,83.57000000005506
Kanhe Phata,CHC,MAHARASHTRA,18.452790999896404,73.35380900065533
Trimbak,CHC,MAHARASHTRA,19.8855099999026,73.5336599994097
Mokhada,CHC,MAHARASHTRA,19.90424100072156,73.3227539996365
NSKMC Indira Gandhi Hospital,CHC,MAHARASHTRA,20.00000000010393,73.47000000016341
Yeola,CHC,MAHARASHTRA,20.0259799997068,74.42968999998915
Deogaon Rangari,CHC,MAHARASHTRA,20.03610599982598,75.03355800029142
Harsul,CHC,MAHARASHTRA,20.090090000290267,73.40226000022034
Talasari,CHC,MAHARASHTRA,20.103780000079126,72.91104599977592
Nagarsul,CHC,MAHARASHTRA,20.13730999955968,74.59752999967708
Lasalgaon,CHC,MAHARASHTRA,20.175069999643817,74.27477000011217
Jarmundi,CHC,JHARKHAND,24.39359999969788,87.04999999951075
Devipur,CHC,JHARKHAND,24.398751999808987,86.58920099985255
Krishnapur Rural Hospital,CHC,WEST BENGAL,24.409080180238607,88.2514604297275
Ref Rajdhanwar Hospital,CHC,JHARKHAND,24.409999999530328,85.98000000084745
Bairdaha,CHC,MADHYA PRADESH,24.418625000120063,82.36821500044128
Gopikandar,CHC,JHARKHAND,24.425800000169797,87.48638999962505
Hunterganj,CHC,JHARKHAND,24.43000000055756,84.81000000020181
Rajnagar B.P.H.C.,CHC,WEST BENGAL,24.433249999704827,88.0901669996907
Murarai Rural Hospital,CHC,WEST BENGAL,24.44319999994397,87.84951700022431
Teghari B.P.H.C.,CHC,WEST BENGAL,24.452866999785165,88.13096700037015
Ref. Hospital Domchanch,CHC,JHARKHAND,24.471857999449075,85.68714500063422
Chitrangi,CHC,MADHYA PRADESH,24.47513999978563,82.54231166996331
Maheshpur,CHC,JHARKHAND,24.479999999982866,87.74999999991236
Deori,CHC,JHARKHAND,24.51000000046659,86.19000000024928
Amrapara,CHC,JHARKHAND,24.51000000046659,87.56000000036799
Mohanpur,CHC,JHARKHAND,24.51231900070795,86.81640300032674
Chopan,CHC,UTTARPRADESH,24.52908300014384,83.01681500018509
Hariharganj,CHC,JHARKHAND,24.54209000016529,84.27852300027673
RH Nauhatta,CHC,BIHAR,24.54329999975568,83.81810000036216
RH Chakai,CHC,BIHAR,24.549681669783084,86.39956666942605
Ramgarh,CHC,JHARKHAND,24.57390000011203,87.25694000018663
Saraiyahat,CHC,JHARKHAND,24.588900000365992,87.02111000031037
RH Kutumba,CHC,BIHAR,24.61495560030903,84.22821980036002
Pakur Sadar,CHC,JHARKHAND,24.629999999538075,87.8300000002406
Poraiyahat,CHC,JHARKHAND,24.675546000376627,87.17170200069182
Littipara,CHC,JHARKHAND,24.690000000691263,87.61000000001168
RH Adhaura,CHC,BIHAR,24.697823069990225,83.61485634968815
Hiranpur,CHC,JHARKHAND,24.7000000002884,87.70000000026866
Mohanpur CHC,CHC,ASSAM,24.742400000460822,92.62639999987356
RH Katoria,CHC,BIHAR,24.749615979943368,86.72476070994881
Sunderpahari,CHC,JHARKHAND,24.75354500018447,87.36370299932817
Farakka B.P.H.C.,CHC,WEST BENGAL,24.77711699931839,87.92491700017209
RH Bounsi,CHC,BIHAR,24.800500000078408,87.01373700036089
Hallia,CHC,UTTARPRADESH,24.827972000496423,82.32612699979904
NAUGARH,CHC,UTTARPRADESH,24.83101400025603,83.25624400053417
Godda Sadar,CHC,JHARKHAND,24.831231000313142,87.21306700036246
Barharwa,CHC,JHARKHAND,24.850000000192026,87.76999999976984
Silampur RH,CHC,WEST BENGAL,24.86318300018449,88.01595000012372
Rajgarh,CHC,UTTARPRADESH,24.86474199945921,82.8569450001233
Barhait,CHC,JHARKHAND,24.88000000021448,87.60000000008297
RH Laxmipur,CHC,BIHAR,24.88605099965585,86.39386400050907
Katigorah Modal Hospital,CHC,ASSAM,24.91373300003456,92.50029999977504
Pathargama,CHC,JHARKHAND,24.945326000070192,87.28113799984332
Kalain CHC,CHC,ASSAM,24.968316999805896,92.57259999991558
Bangitola RH,CHC,WEST BENGAL,24.975067000258218,88.00493299949554
Pathna,CHC,JHARKHAND,24.97999999961183,87.61000000001168
R N Roy RH,CHC,WEST BENGAL,24.98378299989581,88.24831699996959
Lalganj,CHC,UTTARPRADESH,25.01121599980521,82.36342799956476
Mahagama,CHC,JHARKHAND,25.03000000019131,87.31999999938333
Borio,CHC,JHARKHAND,25.03000000019131,87.58999999925591
Moulpur RH,CHC,WEST BENGAL,25.030666999678992,88.13843300020609
CHAKIYA,CHC,UTTARPRADESH,25.05696499955138,83.2237290000234
RH Haspura,CHC,BIHAR,25.06088200053457,84.51702699998786
Boarijore,CHC,JHARKHAND,25.06363899965755,87.47224000047595
Manikchak RH,CHC,WEST BENGAL,25.081749999162778,87.89773299961266
Pandari,CHC,UTTARPRADESH,25.08558300009152,82.73983999984792
Taljhari,CHC,JHARKHAND,25.10000000050608,87.72999999915658
Manda,CHC,UTTARPRADESH,25.10482599976657,82.2619090003359
Chacheri Mor Chunar,CHC,UTTARPRADESH,25.11544099986212,82.84182699978025
Araidanga Rural Hospital,CHC,WEST BENGAL,25.118267000073136,87.98911700009188
Ref Thakur Gangti Hospital,CHC,JHARKHAND,25.130100999766032,87.45420500062379
Shikhar,CHC,UTTARPRADESH,25.13405499965218,82.8154220002689
Chunar,CHC,UTTARPRADESH,25.13457800012366,82.89114299970872
Vindhyachal,CHC,BIHAR,25.14404000000104,85.58205000049875
Vijaypur,CHC,UTTARPRADESH,25.153102000263186,82.38480099977386
Chilh,CHC,UTTARPRADESH,25.170541999372087,82.54928600028471
Gazole RH,CHC,WEST BENGAL,25.17959299978373,88.15383699988108
Meharma,CHC,JHARKHAND,25.180855000359447,87.34942899943223
Gursandi,CHC,UTTARPRADESH,25.18555300057554,82.63104300020578
RH Ghoshi,CHC,BIHAR,25.18976819990231,85.11452240017357
Bamongola RH,CHC,WEST BENGAL,25.191265000067325,88.38523100030669
Ratua Rural Hospital,CHC,WEST BENGAL,25.194133000002893,87.93163300017058
RH Asthawan,CHC,BIHAR,25.2153749991946,85.62227299979646
Hatimari RH,CHC,WEST BENGAL,25.22294999976906,88.20173299960229
RH Nathnagar,CHC,BIHAR,25.226417610525168,86.93262991986977
CHC Aurai,CHC,UTTARPRADESH,25.2675000004662,82.553699999994
HATHI BAZAR,CHC,UTTARPRADESH,25.26967100012192,82.84480100008909
Hili Rural Hospital,CHC,WEST BENGAL,25.279423329935277,88.99202167028416
Khaspur Rural Hospital,CHC,WEST BENGAL,25.29004999989611,88.74794999957865
RH Ramgarh,CHC,BIHAR,25.292670429963056,83.65976552924306
CHC Deegh,CHC,UTTARPRADESH,25.29751799994691,82.3035320006477
Tapan Rural Hospital,CHC,WEST BENGAL,25.306799999678084,88.5647999999271
RH Chandi,CHC,BIHAR,25.320130000097983,85.40623000024071
Malatipur RH,CHC,WEST BENGAL,25.322932999822992,88.01921700033553
RH Paliganj,CHC,BIHAR,25.3271021005216,84.80073150020557
Mashaldabazar Rural Hospital,CHC,WEST BENGAL,25.329816999677025,87.92858300059206
SAKALDIHA,CHC,UTTARPRADESH,25.34379799957248,83.25593799931407
RH Maithani,CHC,BIHAR,25.37419167052117,86.15993167011099
Harirampur Rural Hospital,CHC,WEST BENGAL,25.374416999899413,88.26958300004853
Bhadohi,CHC,UTTARPRADESH,25.385663000565973,82.58517199986603
Mahad,CHC,MAHARASHTRA,18.45898999966369,73.26121500003111
Rakholi,CHC,DADAR & NAGAR HAVELI,20.221900000154925,73.02479999927556
Zodga,CHC,MAHARASHTRA,20.23690000046301,74.39740999965505
Dindori,CHC,MAHARASHTRA,20.244300000164746,73.81660000008301
Peint,CHC,MAHARASHTRA,20.25844700035908,73.50305299990117
Bhilad,CHC,GUJARAT,20.275797089641905,72.88394960022805
Mehunbare,CHC,MAHARASHTRA,20.2829739999198,74.95061900071276
Surgana,CHC,MAHARASHTRA,20.3002499999146,73.49055999988755
Sutharpada,CHC,GUJARAT,20.30650284035389,73.37390198961947
Dadra,CHC,DADAR & NAGAR HAVELI,20.325300000247992,72.96399999963698
Rashidpur Rural Hospital,CHC,WEST BENGAL,25.39402133997489,88.40584600028241
Kumarganj Rural Hospital,CHC,WEST BENGAL,25.40583281031201,88.75559829992513
RH Sandesh,CHC,BIHAR,25.407433170048996,84.74010371928505
Harishchandrapur RH,CHC,WEST BENGAL,25.416349999861023,87.88918300002844
Chaloon Block Primary Health Centre,CHC,WEST BENGAL,25.44199999992928,88.61749999934494
Itahar Rural Hospital,CHC,WEST BENGAL,25.45185000070492,88.17403299955713
CHC SURIYAWA,CHC,UTTARPRADESH,25.458256999996497,82.42728199987816
GANGAPUR,CHC,UTTARPRADESH,25.46752199980061,82.88105400009152
COLAPUR MCH,CHC,UTTARPRADESH,25.48333299982623,83.0166670000471
RH Barari,CHC,BIHAR,25.500164099563325,87.37797459982399
RH Naubatpur,CHC,BIHAR,25.503224999620045,84.96105199999246
Saidpur,CHC,UTTARPRADESH,25.53128899993094,83.23242199972277
Kushmandi Rural Hospital,CHC,WEST BENGAL,25.532021319877437,88.36258462919923
Mankachar CHC,CHC,ASSAM,25.53529999931844,89.86623300027239
Mohanpur,CHC,BIHAR,25.55277778047676,85.34055556041079
RAM NAGAR,CHC,UTTARPRADESH,25.555686999786182,82.6200060003844
RH Manjhaul,CHC,BIHAR,25.566979000230237,86.11991600018422
RH Rupouli,CHC,BIHAR,25.578729999196938,87.15022999985023
DOBHI,CHC,UTTARPRADESH,25.58486700039761,83.02418800013463
BARSATHI,CHC,UTTARPRADESH,25.58905000014505,82.46726800024773
Rampur BPHC,CHC,WEST BENGAL,25.62573299953053,88.13604999972603
Hemtabad RH,CHC,WEST BENGAL,25.678767000233595,88.21586699975614
Bharkool,CHC,UTTARPRADESH,25.68284100008971,83.91054200065042
Jakhaniya,CHC,UTTARPRADESH,25.735580999617987,83.3711240005132
Zamaina,CHC,UTTARPRADESH,25.735580999617987,83.56613199996869
Dubhar,CHC,UTTARPRADESH,25.74454600008047,84.24213999967964
PARMANPUR,CHC,UTTARPRADESH,25.762399000020835,83.19005500031962
SUJANGANJ,CHC,UTTARPRADESH,25.76943200062842,82.29005700009472
Sonwani,CHC,UTTARPRADESH,25.77749499992265,84.3033230005312
Narahi,CHC,UTTARPRADESH,25.801527000171856,84.13757699982172
Sonbarsa,CHC,UTTARPRADESH,25.801527000171856,84.13757699982172
Nagra East,CHC,UTTARPRADESH,25.801527000171856,84.13757699982172
Lalganj,CHC,UTTARPRADESH,25.804360000561303,82.98398400020517
BARDAH,CHC,UTTARPRADESH,25.815280000058788,82.86393999978105
Jigni,CHC,UTTARPRADESH,25.81850499952778,83.10956399972171
Bhadaura,CHC,UTTARPRADESH,25.827784000602342,83.66251900033618
RH Tajpur,CHC,BIHAR,25.85720000002798,85.66961999952171
TUMNI,CHC,ASSAM,25.86201599997624,89.99156699974162
Menhnager,CHC,UTTARPRADESH,25.88221899986746,83.10059499983782
Ratanpura,CHC,UTTARPRADESH,25.90865100014325,83.74223000006113
Khajechand Chhapra,CHC,BIHAR,25.91712599968586,85.43770599941236
AMARGARH,CHC,UTTARPRADESH,25.931011000026352,82.32095599968127
Alair,CHC,TELANGANA,17.645954000026464,79.0465660002076
Siswan,CHC,BIHAR,25.950269999913576,84.39973000009185
RH Amour,CHC,BIHAR,25.95569500082557,87.72957499990746
KOLUHKHOR,CHC,UTTARPRADESH,25.956511000244543,83.25480400023541
RH Marhaura,CHC,BIHAR,25.96679999967555,84.86669999995051
Medziphema CHC,CHC,ASSAM,25.97638899928927,93.90666700059732
RH Sakra,CHC,BIHAR,25.977677049799787,85.56119391965025
Boko FRU,CHC,ASSAM,25.97981700023577,91.22271700072852
DUDHNOI FRU,CHC,ASSAM,25.981950000123533,90.7886499999215
RH Baniapur,CHC,BIHAR,25.996709999271054,84.69155000006226
Raghunathpur,CHC,BIHAR,26.000589999352357,84.27229000015197
BADHYA,CHC,UTTARPRADESH,26.013376000166485,83.0709479993307
Mohammadabad Gohna,CHC,UTTARPRADESH,26.02667399980399,83.39121100040931
Chakulia RH,CHC,WEST BENGAL,26.027816999800773,87.9441669992938
Chhaygaon CHC,CHC,ASSAM,26.038633000414425,91.35018300060769
Rani CHC,CHC,ASSAM,26.04425000050984,91.58621699980009
Bokolia  CHC,CHC,ASSAM,26.064016999784283,93.1825830003418
Sitai RH,CHC,WEST BENGAL,26.0644829996595,89.30060000059464
RH Tariyann,CHC,BIHAR,26.06779999995407,84.8985700002058
P.P. Kamaicha,CHC,UTTARPRADESH,26.0703780002284,82.30512100001108
Bamanhat Rural Hospital,CHC,WEST BENGAL,26.07443299978357,89.5835830000273
Lodhan Rural Hospital,CHC,WEST BENGAL,26.07573299994861,88.10843299952154
MUBARAKPUR,CHC,UTTARPRADESH,26.078497999528803,83.29335999945363
Goroimari CHC,CHC,ASSAM,26.08169999961572,91.2551500003252
RH Raniganj,CHC,BIHAR,26.086860760273517,87.23529666995908
SUITHAKALA,CHC,UTTARPRADESH,26.10043699922764,82.49944899994932
Ghosi,CHC,UTTARPRADESH,26.10518600041239,83.50545700000356
KHETRI CHC,CHC,ASSAM,26.105666999421352,92.09031699972022
TAHBERPUR,CHC,UTTARPRADESH,26.111802999982224,83.07289499979265
Doboka,CHC,ASSAM,26.114332999714424,92.85703300059107
CHC Fatehpur Mandaon,CHC,UTTARPRADESH,26.13207199961673,83.7084359998084
Gossanimari BPHC,CHC,WEST BENGAL,26.139166999216176,89.36026700008112
RH Jokihat,CHC,BIHAR,26.14270986011924,87.61837073000122
JIYAN PUR,CHC,UTTARPRADESH,26.161553000296017,83.3397170000402
Badraon,CHC,UTTARPRADESH,26.166243000079035,83.46076499984667
Kampur,CHC,ASSAM,26.166982999824285,92.6535500000978
Sitalkuchi RH,CHC,WEST BENGAL,26.16816699996899,89.18158299911909
Pawai,CHC,UTTARPRADESH,26.176184999566864,82.72692199968684
AHIRAULA,CHC,UTTARPRADESH,26.18016199970316,82.90027499979924
Salempur,CHC,UTTARPRADESH,26.18299999987805,83.55228499987001
RH Manigachi,CHC,BIHAR,26.19127400002324,86.19589829977724
AGOMANI CHC,CHC,ASSAM,26.19944999962169,89.78531699952704
Sarupathar,CHC,ASSAM,26.211400000399312,93.86436700024298
RH Tribeniganj,CHC,BIHAR,26.22889999965142,86.86779999971317
PARASURAMPUR,CHC,UTTARPRADESH,26.233262000442004,83.16367200054958
Dewanhat BPHC,CHC,WEST BENGAL,26.233266999566325,89.48468299948344
RH Chhattargachh,CHC,BIHAR,26.2392319999305,88.11305999966618
Nimgaon Ketki,CHC,MAHARASHTRA,18.459899999820102,74.5434979999155
Vani,CHC,MAHARASHTRA,20.335580000754742,73.67512999974636
Kaprada,CHC,GUJARAT,20.345296879797303,73.217552409901
Nanapondha,CHC,GUJARAT,20.413405100294774,73.12596632980535
Umrane,CHC,MAHARASHTRA,20.4174499997298,74.3184999998212
Girnare,CHC,MAHARASHTRA,20.4174499997298,74.3184999998212
Deola,CHC,MAHARASHTRA,20.429979999676256,74.20398000059059
Rohina,CHC,GUJARAT,20.45514157066639,73.0101356005403
Pindval,CHC,GUJARAT,20.46978660019795,73.30882601012678
Abhona,CHC,MAHARASHTRA,20.521290000326232,73.93113999940515
motigarpur,CHC,UTTARPRADESH,26.24089299964298,82.29982500021985
HALAKURA CHC,CHC,ASSAM,26.25313300028927,89.77538300061886
Mukalmua FRU CHC BPHC,CHC,ASSAM,26.27140000029077,91.3492999998025
BAZNAPATHAR,CHC,ASSAM,26.271466999899665,91.82990000002486
Chandmama Model Hospital,CHC,ASSAM,26.275132999245024,90.94800000029964
Mandia Model Hospital,CHC,ASSAM,26.282799999639348,90.77858300004564
RH Raghopur,CHC,BIHAR,26.30060000032033,86.83830000041746
JALAALPUR,CHC,UTTARPRADESH,26.301279000224827,82.75451199922881
BAMUNI,CHC,ASSAM,26.303233000698835,92.79655000024658
Persiya Chandaur,CHC,UTTARPRADESH,26.306139000785908,83.85522999952533
Bebejia,CHC,ASSAM,26.3119999997008,92.63823299956316
MERAPANI CHC,CHC,ASSAM,26.32336700028556,94.08853299958574
Chabukdhara CHC,CHC,ASSAM,26.32596700048544,92.49258299986892
Atrulia,CHC,UTTARPRADESH,26.32907799998057,82.94696700012156
BHIYAON,CHC,UTTARPRADESH,26.33230500051443,82.82405599951873
Kotpad,CHC,ORISSA,19.13482999982397,82.32032999969242
Bezara FRU,CHC,ASSAM,26.33918299974491,91.78193299926022
Boxirhat BPHC,CHC,WEST BENGAL,26.34163299954832,89.76535000017986
Kamalpur,CHC,ASSAM,26.34294999966575,91.67735000020916
Ashokbari BPHC,CHC,WEST BENGAL,26.349250000215083,89.20886699923764
RH Phulparas,CHC,BIHAR,26.35413066079944,86.48782059989223
Dalua RH,CHC,WEST BENGAL,26.35938299940767,88.30728300002244
Kakaya CHC,CHC,ASSAM,26.36480000030256,91.3439000002542
SARUKHETRI,CHC,ASSAM,26.365432999563065,91.22164999980038
Kalag CHC,CHC,ASSAM,26.371316999813168,91.47745000029516
PALHNI,CHC,UTTARPRADESH,26.373000000318328,83.16020000029833
Natabari Rural Hospital,CHC,WEST BENGAL,26.3907829996778,89.59283300011863
Barnarddi CHC,CHC,ASSAM,26.39528299947578,91.38718300007451
Bidyapur CHC,CHC,ASSAM,26.398550000327663,90.44768300007702
SIPAJHAR,CHC,ASSAM,26.400800000320263,91.90285000044376
Chamata CHC,CHC,ASSAM,26.40591699998743,91.3451170000719
Pundibari BPHC,CHC,WEST BENGAL,26.41175000034846,89.38305000045175
JAHANGIRGANG,CHC,UTTARPRADESH,26.412149000763687,82.97709499995432
HOWLY,CHC,ASSAM,26.414233000456225,90.9831500002872
Changrabandha BPHC,CHC,WEST BENGAL,26.41769999992106,88.91920000049183
Batrawali,CHC,UTTARPRADESH,26.42611599995869,83.67741800039612
Rangiya FRU,CHC,ASSAM,26.426400000018734,91.61193300047168
Ghoksadanga RH,CHC,WEST BENGAL,26.431533000487452,89.27166699993994
RH Bhorey,CHC,BIHAR,26.44692000061248,84.10401889985755
Bhatibari RH,CHC,WEST BENGAL,26.449067000700417,89.62298299969264
Borholla CHC,CHC,ASSAM,26.449849999323547,94.13266700042412
RAM NAGAR,CHC,UTTARPRADESH,26.45044000025953,82.90026000062895
Dotma CHC,CHC,ASSAM,26.45128300044854,90.15096700034849
BASKHARI,CHC,UTTARPRADESH,26.454139999469028,82.76807800001843
RH Phulwaria,CHC,BIHAR,26.45950859000532,84.24993863039394
AALAPUR,CHC,UTTARPRADESH,26.463311999718712,82.85167500027133
BHAWANIPUR,CHC,ASSAM,26.46574999965345,91.06703299987208
KAWAIMARI,CHC,ASSAM,26.46701699970093,92.81803300006054
Panchkolguri RH,CHC,WEST BENGAL,26.48028299995565,89.3997329998687
RH Chakia,CHC,BIHAR,26.49024509946818,84.98622339971801
BARPETA ROAD CHC,CHC,ASSAM,26.49089999939301,90.96856699969646
SORBHOG,CHC,ASSAM,26.49133299993394,90.89895000050991
Jasodanga RH,CHC,WEST BENGAL,26.511766999731226,89.63026699995373
ULUONI,CHC,ASSAM,26.52344999935294,92.91579999955398
Barama CHC,CHC,ASSAM,26.52473300056824,91.34669999958749
KHARUPETIA,CHC,ASSAM,26.529199999370093,92.14813299990251
RH Kateya,CHC,BIHAR,26.53284649935062,84.08559950011552
Goreswar CHC,CHC,ASSAM,26.53498300010375,91.72929999978952
Haisar Bazar,CHC,UTTARPRADESH,26.55001699996867,83.03255500031908
Khoribari RH,CHC,BIHAR,26.555620000645664,88.19144999981633
Kachugaon CHC,CHC,ASSAM,26.56596700010285,90.06164999998178
Mainaguri Rural Hospital,CHC,WEST BENGAL,26.570382999984925,88.82814999992343
Patherdeva,CHC,UTTARPRADESH,26.57629999965608,83.9280999995783
Belakoba RH,CHC,WEST BENGAL,26.578582999887026,88.59794999974925
Gauribazar,CHC,UTTARPRADESH,26.5835400001344,83.67196999937062
Jakhalabandha,CHC,ASSAM,26.58760000042043,92.97481699966048
Phansidewa Rural Hospital,CHC,WEST BENGAL,26.58862899981101,88.3650050004934
Rajganj Rural Hospital,CHC,WEST BENGAL,26.598500000156545,88.5208670007268
Charingia CHC,CHC,ASSAM,26.600499999782595,93.9488500007758
BAGHMARA,CHC,ASSAM,26.6148500001759,91.17643299993688
HARNAHI,CHC,UTTARPRADESH,26.615276000232303,83.24014799984973
Pali,CHC,UTTARPRADESH,26.826824999909164,83.16259900067192
Nagajanka CHC,CHC,ASSAM,26.630233000305527,94.34178300009422
Tamulpur CHC,CHC,ASSAM,26.63266700046456,91.57064999991846
Bengtol,CHC,ASSAM,26.633433000083784,90.4769330000258
Jalah CHC,CHC,ASSAM,26.635833000522013,91.2263499997399
RH Dhaka,CHC,BIHAR,26.67145719958794,85.15454850043912
Dhaula Kadam,CHC,UTTARPRADESH,26.683981000650117,83.78713899995297
Tarkulwa,CHC,UTTARPRADESH,26.684303000095618,83.87089600003948
Naxalbari RH,CHC,WEST BENGAL,26.68569999961776,88.20260999966133
Uttar Latabari RH,CHC,WEST BENGAL,26.686032999837035,89.43723299982605
Madarihat RH,CHC,WEST BENGAL,26.69184999965022,89.27475000002876
Tamkuhi,CHC,UTTARPRADESH,26.69304299983043,84.18307499989255
Poora Bazar,CHC,UTTARPRADESH,26.70212000048818,82.26700300046075
Matigara BPHC,CHC,WEST BENGAL,26.71931000011465,88.3867100000652
DERGAON,CHC,ASSAM,26.734233000381664,93.9703329996914
CHAURICHAURA,CHC,UTTARPRADESH,26.74898899957448,83.58463000050145
Marwatiya,CHC,UTTARPRADESH,26.75537999927294,82.67923200072828
PIPRAICH,CHC,UTTARPRADESH,26.76241500041773,83.53548299972907
Sukna Rural Hospital,CHC,WEST BENGAL,26.79291700020364,88.36349999989734
Khairput,CHC,ORISSA,18.480000000224265,82.21999999979381
Dabhadi,CHC,MAHARASHTRA,20.537000000015688,74.45660000001389
Khergham,CHC,GUJARAT,20.62537663963559,73.09823872003994
Satana,CHC,MAHARASHTRA,20.637799999612906,74.17705000047437
Dangsaundane,CHC,MAHARASHTRA,20.6378300005248,74.17707999971326
Atgam,CHC,GUJARAT,20.64815179982041,73.03101943034795
Rumla,CHC,GUJARAT,20.680584820014303,73.17203103027657
Dungari,CHC,GUJARAT,20.686011140312257,72.95765355935983
Limzar,CHC,GUJARAT,20.731812339862927,73.2808561301191
Nampur,CHC,MAHARASHTRA,20.74583000014663,74.32859999930906
Harraiya,CHC,UTTARPRADESH,26.797671000375548,82.46020999994246
Vikramjot,CHC,UTTARPRADESH,26.80219800055108,82.29343999975914
Amguri CHC,CHC,ASSAM,26.80450000067133,94.5247999996764
Saughat,CHC,UTTARPRADESH,26.84808199979457,82.79910500054983
Sulkapara Rural Hospital,CHC,WEST BENGAL,26.851717000822013,88.91371700020454
Chariduar,CHC,ASSAM,26.854566999323257,92.77946699989825
Oodlabari BPHC,CHC,WEST BENGAL,26.86451699992556,88.6259500002684
Mongalbari Rural Hospital,CHC,WEST BENGAL,26.87894999969523,88.80343299950965
Semariyawa,CHC,UTTARPRADESH,26.88338500047419,82.91229400015997
Parasrampur,CHC,UTTARPRADESH,26.897137999980725,82.34161000001505
Gaure,CHC,UTTARPRADESH,26.90796099945294,82.57254400013318
Kamalabari CHC,CHC,ASSAM,26.95449999965819,94.16949999948636
PARTAWAL,CHC,UTTARPRADESH,26.966757000747013,83.6117680001318
MANSHOORGANJ,CHC,UTTARPRADESH,26.97728199988554,83.40334500039778
SukhiaPokhri BPHC,CHC,WEST BENGAL,26.99976700029001,88.16820000036377
Takda Rural Hospital,CHC,WEST BENGAL,27.00006699942624,88.35715000049504
Maskanwa,CHC,UTTARPRADESH,27.003329999519227,82.35170300072855
CAMPIERGANJ,CHC,UTTARPRADESH,27.02339499941716,83.26781000026004
Bhanpur,CHC,UTTARPRADESH,27.028418000622796,82.65830500058301
Bongalmora CHC,CHC,ASSAM,27.05201700045477,93.95834999931571
Pedong Rural Hospital,CHC,WEST BENGAL,27.054437999417093,88.54241700048786
GHUGHALI,CHC,UTTARPRADESH,27.055491999974016,83.70471699968496
Rambi Rural Hospital,CHC,WEST BENGAL,27.0623669998028,88.43546699995196
Sadullanagar,CHC,UTTARPRADESH,27.10472099975017,82.38080299999116
Nakachari Model Hospital,CHC,ASSAM,27.10506999956522,95.2667399996839
CHC Deomali,CHC,ASSAM,27.11883999993734,95.28070999980626
DHANI,CHC,UTTARPRADESH,27.120409000736217,83.17334999936472
Farenda,CHC,UTTARPRADESH,27.12378300018367,83.28818300038644
MAHARAJGANJ,CHC,UTTARPRADESH,27.145310000089456,83.56133000082019
CHC SISWA,CHC,UTTARPRADESH,27.14662799970504,83.7665529993913
MAHARAJGANJ,CHC,UTTARPRADESH,27.147821999873187,83.5656879995547
Anaval,CHC,GUJARAT,20.8441279998914,73.26525000052204
Khejuri,CHC,UTTARPRADESH,25.96162799959795,84.0666099998498
Hariaya,CHC,UTTARPRADESH,26.240521999574742,83.29575200015452
Koilsa,CHC,UTTARPRADESH,26.26660700047117,83.02112299958918
Rajgarh CHC,CHC,ASSAM,27.18446699988006,95.11956699985024
CHC BRIJMANGANJ,CHC,UTTARPRADESH,27.193239999983994,83.20214499992711
Naharani CHC BPHC,CHC,ASSAM,27.256950000330075,95.23326700071986
Gaindas bujurg,CHC,UTTARPRADESH,27.26712999990632,82.42012300018888
CHC Bordumsa,CHC,ASSAM,27.310809999696627,95.52833999976008
Ghilamora CHC,CHC,ASSAM,27.31778299998783,94.4208169997766
Etwa,CHC,UTTARPRADESH,27.33010100004642,82.69728299957563
Bengenagarah CHC,CHC,ASSAM,27.350217000132105,94.54335000008768
Manada,CHC,ORISSA,22.080550000033774,86.23915999964385
Sriganj,CHC,UTTARPRADESH,27.37474000017319,82.30160300062744
CHC Likabali,CHC,ASSAM,27.39540000004434,94.42084000024116
Nandnagar Khajuria,CHC,UTTARPRADESH,27.407784000098843,82.37488799988375
Gogamukh CHC,CHC,ASSAM,27.42928299997401,94.31751699976714
MG Kothalguri Model Hospital,CHC,ASSAM,27.48999999980359,95.8099999999682
CHC Ruksin,CHC,ASSAM,27.507730000620143,95.13186999989313
CHC Gainsari,CHC,UTTARPRADESH,27.528980000272643,82.54832999968463
CHC Basar,CHC,ASSAM,27.588740000653623,94.41157000005836
Dangori CHC,CHC,ASSAM,27.69736699923176,95.57263300060714
Jonai CHC,CHC,ASSAM,27.83798300018288,95.2112829996922
Gosaba RH,CHC,WEST BENGAL,22.173382999845515,88.80473300006632
Satgawan,CHC,JHARKHAND,24.61908100018076,85.91895500008815
KAMALNAGAR,CHC,KARNATAKA,18.23709999996727,77.18129999943508
ARUDESAM,CHC,TAMILNADU,8.302299999257178,77.16160000005156
HULLHALLI,CHC,KARNATAKA,12.09829999965391,76.55469999971415
RH Uran,CHC,MAHARASHTRA,18.87723459934866,72.92833900018655
Sarsa,CHC,GUJARAT,22.54617527934216,73.06503960932119
Kairon CHC,CHC,PUNJAB,31.333333000027704,74.86666700063263
MACHRA,CHC,UTTARPRADESH,28.892793000281465,77.89097199970239
Kasdol,CHC,CHATTISGARH,21.63489999953049,82.42026333051099
Haripal RH,CHC,WEST BENGAL,22.82931699944834,88.11478300072045
Nawadih,CHC,JHARKHAND,23.67999999962036,85.98000000084745
Owk,CHC,ANDHRA PRADESH,15.208364000588023,78.11795700044159
CHC RAMAYAMPET,CHC,TELANGANA,18.096844000323813,78.32609319954646
Rui,CHC,MAHARASHTRA,18.10527500012918,74.36422999969567
Chitrakonda,CHC,ORISSA,18.10999999927653,82.11000000057768
RH Goregaon,CHC,MAHARASHTRA,18.156951999830667,73.29570099949663
SANTHPUR,CHC,KARNATAKA,18.161199999900347,77.43949999923005
Jejuri,CHC,MAHARASHTRA,18.164145999891463,74.94266000005899
Podia,CHC,ORISSA,18.174119999481285,81.54365999982186
Velhe,CHC,MAHARASHTRA,18.175495000488507,73.38172499971223
Venpakal CHC,CHC,KERALA,8.381429935702522,77.06015276004425
MEGNANAPURAM,CHC,TAMILNADU,8.473234000110386,77.99840410000016
MUDALUR,CHC,TAMILNADU,8.417338699835124,77.94533890038501
Perumkadavilla CHC,CHC,KERALA,8.43784995015476,77.10520139945379
Malainkeezhu CHC,CHC,KERALA,8.481238914729769,77.04505701995393
Pulluvilla CHC,CHC,KERALA,8.503249999491384,77.08522000011257
KAYAMOZHI,CHC,TAMILNADU,8.5112009000395,78.04642429989424
Vilappil CHC,CHC,KERALA,8.516719108407306,77.04129866014634
MUNAINJIPATTI,CHC,TAMILNADU,8.520213900001782,77.79785739931987
Vellanad CHC,CHC,KERALA,8.558444939837605,77.05403575937216
Arynad CHC,CHC,KERALA,8.578000026302188,77.08612622955434
Andoorkonam CHC,CHC,KERALA,8.599479514957947,76.87279402033593
REDDIARPATTY,CHC,TAMILNADU,8.673796699788076,77.74334389987108
CHC Palode,CHC,KERALA,8.713838104013226,77.02829652018247
Usoor,CHC,CHATTISGARH,18.485467189265822,80.7493817402833
Waghai,CHC,GUJARAT,20.76948680918752,73.50176388962069
Taharabad,CHC,MAHARASHTRA,20.780710000185667,74.14563999962832
Simar,CHC,GUJARAT,20.786987999810467,71.14746300006045
Amalsad,CHC,GUJARAT,20.814135839673032,72.95558336034655
Dolasa,CHC,GUJARAT,20.82090999973748,70.85658299989825
Mandir,CHC,GUJARAT,20.893457520006457,72.91798678969953
Khadsupa,CHC,GUJARAT,20.91321357987638,73.02443153999042
Gir Gadhada,CHC,GUJARAT,20.9220599998369,70.91613700030518
Subir,CHC,GUJARAT,20.92850030085884,73.77224156954394
Manamboor CHC,CHC,KERALA,8.723875492918836,76.78734160016931
Kallara CHC,CHC,KERALA,8.741716776214593,76.93954356030461
Kesavapuram CHC,CHC,KERALA,8.75703179193409,76.85619250979332
Kalakode CHC,CHC,KERALA,8.808376379632662,76.68768663929096
Pallikkal CHC,CHC,KERALA,8.822827489124355,76.80789119021593
Nilamel CHC,CHC,KERALA,8.824844349327488,76.87784544031632
Velinalloor CHC,CHC,KERALA,8.872765066496811,76.77841547956886
Palathara CHC,CHC,KERALA,8.874481934393613,76.62471156053304
OTTANATHAMI,CHC,TAMILNADU,8.902145000700754,77.89459499956634
Nedumoncavu CHC,CHC,KERALA,8.926986288219341,76.73827678985553
Anchal CHC,CHC,KERALA,8.927002885007566,76.90873295943356
Thekkumbhagam CHC,CHC,KERALA,8.960555829521187,76.5616531396763
Mynagappally CHC,CHC,KERALA,9.04117924932866,76.58002230023774
Kulakkada CHC,CHC,KERALA,9.052996845785758,76.74836153055995
Sooranadu CHC,CHC,KERALA,9.079132407851263,76.65358217049629
Pathanapuram CHC,CHC,KERALA,9.090516614652431,76.85784288026028
KEELAIRALI,CHC,TAMILNADU,9.09921399934398,78.01031360021933
Enadimangalam CHC,CHC,KERALA,9.120880291419567,76.82098796050843
Oachira CHC,CHC,KERALA,9.123636188577994,76.52041433982833
KURUVIKULAM,CHC,TAMILNADU,9.176309400018068,77.66946020042735
Chunakara CHC,CHC,KERALA,9.177790999945405,76.60514199922373
PERILOVANPATTI,CHC,TAMILNADU,9.191144999613906,78.085303399764
Kurathicad CHC,CHC,KERALA,9.20447599977207,76.56008599991706
NAGALAPURAM,CHC,TAMILNADU,9.22817820053108,78.13744660001254
Thrikkunnapuzha CHC,CHC,KERALA,9.25713099995537,76.41090000039753
UPPATHUR,CHC,TAMILNADU,9.25799000030859,77.96703109986234
Elanthoor CHC,CHC,KERALA,9.297284042956909,76.73180941029001
Vallana CHC,CHC,KERALA,9.297500752234534,76.66755078990802
Mannar CHC,CHC,KERALA,9.30918500008659,76.53846699966067
Pandanad CHC,CHC,KERALA,9.315536000387072,76.5637699998804
PERAIYUR,CHC,TAMILNADU,9.356699999899032,78.45330000043182
Kanjeetukara CHC,CHC,KERALA,9.36205616449782,76.7253752396439
Ranni Perunad CHC,CHC,KERALA,9.365900877026249,76.85543712994563
THAYILPATTI,CHC,TAMILNADU,9.373050800175283,77.80263720019938
Chathenkery CHC,CHC,KERALA,9.383152000231668,76.52583300008003
BOGALUR,CHC,TAMILNADU,9.409000000103967,78.69860000050738
Champakulam CHC,CHC,KERALA,9.410949000036307,76.41025400031715
M.REDDIYAPATTI,CHC,TAMILNADU,9.4176569999659,78.21133380019091
Ezhumattoor CHC,CHC,KERALA,9.421361167446497,76.70565594983796
Veliyanad CHC,CHC,KERALA,9.423410999578158,76.48932699945931
Chempumpuram CHC,CHC,KERALA,9.436478999986482,76.39973199925826
CHC Kunnamthanam,CHC,KERALA,9.43977942143108,76.61341024940562
KANNICHERIPUTHUR,CHC,TAMILNADU,9.469377499807935,77.91014939967778
CHC Erumely,CHC,KERALA,9.47876666746239,76.84608332952327
CHC Karuckachal,CHC,KERALA,9.502466666471276,76.63341667042076
CHC Sachivothamapuram,CHC,KERALA,9.508049999858624,76.52684999988116
CHC Vakathanam,CHC,KERALA,9.525016667371125,76.57051667015934
CHC Thottackadu,CHC,KERALA,9.529516666435272,76.60951666979157
CHC Koottickal,CHC,KERALA,9.585033332733644,76.88528333007038
CHC Kumarakom,CHC,KERALA,9.587716666756435,76.43776667018452
SALAIGRAMMAM,CHC,TAMILNADU,9.607400000323665,78.71509999962622
CHC Ayarkunnam,CHC,KERALA,9.632916666631417,76.60591667039212
CHC Paika,CHC,KERALA,9.651849999590787,76.72468333026262
KALLIGUDI,CHC,TAMILNADU,9.69490700018378,77.97413299993721
Vandanmedu CHC,CHC,KERALA,9.70951899994158,77.1458819996589
CHC Kadaplamattom,CHC,KERALA,9.740549999697595,76.56031667021402
Thycattussery CHC,CHC,KERALA,9.771379999924418,76.34346800042601
MARAVAMANGALAM,CHC,TAMILNADU,9.773500000426068,78.63570000024592
CHC Thalayoraparampu,CHC,KERALA,9.781849999463567,76.45268333022462
CHC Arunoottimangalam,CHC,KERALA,9.800450000530464,76.49770000038983
Valayankulam,CHC,TAMILNADU,9.813199999991635,78.09709999971822
Perumbalam CHC,CHC,KERALA,9.832313000256642,76.33943999960778
Muttom CHC,CHC,KERALA,9.833063000153633,76.74452799972936
Keechery CHC,CHC,KERALA,9.840247900576394,76.41566279976198
Arookutty CHC,CHC,KERALA,9.857447999748487,76.32493800010621
POOVANTHI,CHC,TAMILNADU,9.858299999558456,78.28089999964816
Elamdesam CHC,CHC,KERALA,9.859631000193518,76.80243599997321
Purapuzha CHC,CHC,KERALA,9.87046599936653,76.65914999959415
Vathikudy CHC,CHC,KERALA,9.88651700002009,77.04270099947514
CHC Mulanthuruthy,CHC,KERALA,9.900613300282847,76.39095430010573
Pampakuda CHC,CHC,KERALA,9.907168970162296,76.51991452978066
Pandappilly CHC,CHC,KERALA,9.908269031132676,76.60802637012512
CHELLAMPATTI,CHC,TAMILNADU,9.941099999322889,77.90129999969417
CHECKANURANI,CHC,TAMILNADU,9.941299999531942,77.96980000041877
Ramamangalam CHC,CHC,KERALA,9.943272041600755,76.49101066059235
Kanjikuzhy CHC,CHC,KERALA,9.948356000037355,76.94327100010011
Chithirapuram CHC,CHC,KERALA,9.9513059997444,77.10654300009294
PONBETHI,CHC,TAMILNADU,9.95689999964426,79.08440000007577
Vadavucode CHC,CHC,KERALA,9.976074845767515,76.4271020804389
DODDAPPANAICKANUR,CHC,TAMILNADU,9.982499999480453,77.73399999978146
VELLALORE,CHC,TAMILNADU,10.001200000561903,78.40650000015447
CHC Kadayiruppu,CHC,KERALA,10.00449999946154,76.4564999996773
Malippuram CHC,CHC,KERALA,10.019110999976842,76.2250080002407
KALLENDIRI,CHC,TAMILNADU,10.038352000261488,78.19858899970818
CHC Neriyamangalam,CHC,KERALA,10.050750599862129,76.7711625996442
Malayidamthuruth CHC,CHC,KERALA,10.064478699777556,76.40568699954866
Varappuzha CHC,CHC,KERALA,10.067982689464914,76.27598180060185
CHC Vengola,CHC,KERALA,10.075363000043032,76.46001399976132
VIRUVEEDU,CHC,TAMILNADU,10.076200000641984,77.78180000014152
Vengoor CHC,CHC,KERALA,10.147799999760066,76.54150000041908
Supa,CHC,MAHARASHTRA,18.49000000028529,74.22000000020873
Ambada,CHC,GUJARAT,20.95130631022431,73.03849279008101
Gadat,CHC,GUJARAT,20.97191938980032,73.35894891996257
Sakri,CHC,MAHARASHTRA,21.000000000467,74.17999999959545
Mahuva,CHC,GUJARAT,21.017630000286104,73.14061300028848
Valod,CHC,GUJARAT,21.04694414992275,73.26870278041943
Palsana,CHC,GUJARAT,21.0865919996316,72.98759499976931
Songir,CHC,MAHARASHTRA,21.102900000048614,74.79733000003192
Janak Smarak Vyara GIA,CHC,GUJARAT,21.113342680299677,73.4036788299228
Khambha,CHC,GUJARAT,21.142358689902263,71.25301225038733
NAGUDI,CHC,TAMILNADU,10.150199999501652,79.12170000001659
CHC Kalady,CHC,KERALA,10.16729108974181,76.43260287994524
CHC Muthakunnam,CHC,KERALA,10.190588899939664,76.1870681006786
MANNAVANUR,CHC,TAMILNADU,10.227899999914523,77.35110000000375
PIRANMALAI,CHC,TAMILNADU,10.23849999939975,78.43410000064053
ULUPPAGUDI,CHC,TAMILNADU,10.239900000780938,78.19779999951268
Mala CHC,CHC,KERALA,10.24029799991417,76.26312699961593
Thiruvilwamala CHC,CHC,KERALA,10.271616700640664,76.24529438929898
KOSAVAPATTY,CHC,TAMILNADU,10.289200000690233,78.05400000019607
Mattathur CHC,CHC,KERALA,10.293218550187524,76.16746726003112
Perinjanam CHC,CHC,KERALA,10.303502749700732,76.21909087022775
Elinjipra CHC,CHC,KERALA,10.332355149149254,76.4207846701185
VADAKADU,CHC,TAMILNADU,10.349500000170451,79.0516999996171
SIRUVAVIDUTHI,CHC,TAMILNADU,10.356799999907876,79.17630000004071
Vellanikkara CHC,CHC,KERALA,10.370441760236703,76.30516913048315
Anandapuram CHC,CHC,KERALA,10.381359379898996,76.2648970598147
THAMARANKOTTAI,CHC,TAMILNADU,10.398000000246933,79.4089000004134
Valappad CHC,CHC,KERALA,10.4004519997233,76.11766699989252
Thriprayar CHC,CHC,KERALA,10.4004519997233,76.11766699989252
Kattur CHC Anandapuram,CHC,KERALA,10.4004519997233,76.11766699989252
MALAIYUR,CHC,TAMILNADU,10.43019999994896,79.02260000035446
PARAMBUR,CHC,TAMILNADU,10.43439700020116,78.6389149996809
VALANNADU  CHC Gr II,CHC,TAMILNADU,10.450627000443086,78.48504799959007
Ollur CHC,CHC,KERALA,10.457115860350374,76.19222062065437
KARIYAPATTINAM,CHC,TAMILNADU,10.457400000750392,79.73989999994112
PUTHANATHAM  CHC Gr I,CHC,TAMILNADU,10.46627300069964,78.3667320002431
ALATHUR,CHC,TAMILNADU,10.491900000489414,79.34589999969454
THIRUVONAM,CHC,TAMILNADU,10.50440000069961,79.15339999949425
UJJINI,CHC,KARNATAKA,14.717800000035805,76.28609999995737
THIRUMAKOTTAI,CHC,TAMILNADU,10.534380000042528,79.45491800016794
Kadappuram CHC,CHC,KERALA,10.538606180171277,76.02471476011617
Mullassery CHC,CHC,KERALA,10.542006460304338,76.08095565966919
ERISINAMPATTY,CHC,TAMILNADU,10.545800000608631,77.11610000033092
VAIYAMPATTI   CHC Gr I,CHC,TAMILNADU,10.556000000631268,78.31289999959976
Tholur CHC,CHC,KERALA,10.563291619409704,76.12439484956792
THONDARAMPATTU,CHC,TAMILNADU,10.56449999975287,79.32059999984784
Vadakkencherry CHC,CHC,KERALA,10.587426919693607,76.45787308986044
Nenmara CHC Vadakkanchery,CHC,KERALA,10.592857000025166,76.60047800016748
K.KEERANUR,CHC,TAMILNADU,10.614499999716024,77.7282999997592
KANJAMPATTI,CHC,TAMILNADU,10.622499999846823,77.07310000036784
THIRUPOONDI,CHC,TAMILNADU,10.626399999848976,79.81169999959116
Nanniyode CHC,CHC,KERALA,10.642931539344024,76.77868297001271
Erumapetty CHC,CHC,KERALA,10.65793304971612,76.08710650975951
Vadakkekad CHC,CHC,KERALA,10.661250020169469,76.00364527009884
Madavana CHC,CHC,KERALA,10.678351449797187,76.15748266980277
Koduvayur CHC,CHC,KERALA,10.687352060132287,76.66043373974588
Pazhayannur CHC,CHC,KERALA,10.682383999668264,76.42304500025664
GUDIMANGALAM,CHC,TAMILNADU,10.688600000004945,77.28190000056875
Pazhambalakode CHC,CHC,KERALA,10.690785769257234,76.4528391106713
Pazhanji CHC,CHC,KERALA,10.693419419874786,76.06235319045881
VADUVOOR,CHC,TAMILNADU,10.698156000235496,79.33247299972038
PONNAPURAM,CHC,TAMILNADU,10.700100000092016,77.39049999966907
INAMKULATHUR  CHC Gr II,CHC,TAMILNADU,10.700600000068944,78.55059999994506
PALAYAPATTI,CHC,TAMILNADU,10.710199999987454,78.91680000058737
Kuzhalmannam CHC,CHC,KERALA,10.713637669483326,76.59707521061733
VADUGACHERI,CHC,TAMILNADU,10.716900000162362,79.76579999983738
THOGAMALAI,CHC,TAMILNADU,10.727099999895044,78.40999999999478
THEVUR,CHC,TAMILNADU,10.727200000396731,79.73000000046979
Maranchery N CHC,CHC,KERALA,10.729022490066946,75.96405661973229
ChalisseryCHC,CHC,KERALA,10.7343229298754,76.09359073004167
NAVALPATTU,CHC,TAMILNADU,10.739326999592702,78.78062000019418
CHC Kozhinjampara,CHC,KERALA,10.740203000083476,76.8346160007482
ADIYAKKAMANGALAM,CHC,TAMILNADU,10.761256000709006,79.67687199963315
NALLATTIPALAYAM,CHC,TAMILNADU,10.780700000778117,77.02020000003513
Edapal CHC,CHC,KERALA,10.783862000030974,76.00759399998316
Parli CHC,CHC,KERALA,10.797699999753016,76.56228333030597
KANIYALAMPATTI,CHC,TAMILNADU,10.801000000653946,78.20000000059296
Thrithala CHC,CHC,KERALA,10.80136200003376,76.12877881949561
Purathur CHC,CHC,KERALA,10.826514189969195,75.92241768959553
PANJAPATTI,CHC,TAMILNADU,10.830617999680902,78.3099999998091
Ambalappara CHC,CHC,KERALA,10.830931129957342,76.41171694987648
ALANGUDI,CHC,TAMILNADU,10.832776999976783,79.40708600002081
Chalavara CHC,CHC,KERALA,10.835498219805944,76.30801965016967
KULUMANI  CHC Gr.I,CHC,TAMILNADU,10.84359999981536,78.59840000030515
PERUMPANNAIYUR,CHC,TAMILNADU,10.844510999733814,79.54629400025124
MALAIKOVILUR,CHC,TAMILNADU,10.848299999592502,77.97140000055111
Thavanur CHC,CHC,KERALA,10.852127000238657,75.98167200034555
Kongad CHC,CHC,KERALA,10.854149749470832,76.52163176993903
INNUNGUR,CHC,TAMILNADU,10.85430000002676,78.48829999973326
Vettom CHC,CHC,KERALA,10.85836692007633,75.90959930002303
CHINADARAPURAM,CHC,TAMILNADU,10.859499999883583,77.8484000002598
NADUCAUVERY,CHC,TAMILNADU,10.86180000009242,79.04009999955602
ARISIPALAYAM,CHC,TAMILNADU,10.866400000292176,76.97309999928382
Koppam CHC,CHC,KERALA,10.868934449558957,76.18810349977343
Katampazhipuram CHC,CHC,KERALA,10.871267909256344,76.44867195003579
THAYAMPALAYAM,CHC,TAMILNADU,10.88000000002964,77.48840000013026
CHANDRAPURAM,CHC,TAMILNADU,10.899699999377315,77.183800000091
PUDUR UTHAMANUR  CHC Gr I,CHC,TAMILNADU,10.924500000318655,78.8027999992438
POONTHOTTAM,CHC,TAMILNADU,10.933146999660323,79.65442099952355
ValavannoorCHC,CHC,KERALA,10.935340189927857,75.9762749598478
Thalner,CHC,MAHARASHTRA,21.15000000029333,74.57000000040955
Maliya,CHC,GUJARAT,21.15929000057924,70.30176799975875
Visarvadi,CHC,MAHARASHTRA,21.16999999985375,73.95999999936657
Uchchhal,CHC,GUJARAT,21.177775279941415,73.76844589012616
Mota Khutavada,CHC,GUJARAT,21.19133130969771,71.64931290973838
Datha,CHC,GUJARAT,21.19965276998495,71.95948661026422
Madhavpur,CHC,GUJARAT,21.25875099961172,69.9565309992467
Kamrej,CHC,GUJARAT,21.283761000480887,72.97562800018542
Kathor,CHC,GUJARAT,21.291114000152923,72.93302399915918
TIRUMANUR,CHC,TAMILNADU,10.93759999972718,79.09969999999369
KABISTHALAM,CHC,TAMILNADU,10.942500000364957,79.25109999993889
THIRUVIZHIMIZHALAI,CHC,TAMILNADU,10.94631900046144,79.57088000024547
Puzhakkattiri CHC,CHC,KERALA,10.976410359510124,76.15701599950422
T.PUTHUR - CHC Gr.I,CHC,TAMILNADU,10.993899999926075,78.5301000004954
SEMMIPALAYAM,CHC,TAMILNADU,11.00910000046569,77.23679999998282
Alanellur CHC,CHC,KERALA,11.009463150417886,76.34564144011998
Mankada CHC,CHC,KERALA,11.013496870677171,76.17595189011043
VANGAL,CHC,TAMILNADU,11.043300000092842,78.12359999966415
Vengara CHC,CHC,KERALA,11.048899959748924,75.97709174942663
Melattur CHC,CHC,KERALA,11.057783990141427,76.2735984003715
DHALIYUR,CHC,TAMILNADU,11.07640000004001,76.90469999991497
CHC Agali,CHC,KERALA,11.097753969417512,76.64481515051583
T.PALUR,CHC,TAMILNADU,11.098299999916176,79.37450000026325
KOLAKANATHAM,CHC,TAMILNADU,11.120399999899416,78.95259999995497
Karuvarakundu CHC,CHC,KERALA,11.121206099364134,76.33727367996079
VERAMACHAN PATTI  CHC Gr I,CHC,TAMILNADU,11.125499999929875,78.52599999970712
SIVAGIRI,CHC,TAMILNADU,11.128100000139856,77.79000000081972
KABILARMALAI,CHC,TAMILNADU,11.14169999955635,77.94860000046204
KONULAMPALLAM,CHC,TAMILNADU,11.153399999676514,79.49910000068691
THIRUVENGADU,CHC,TAMILNADU,11.17820000028523,79.80730000012558
PERUMANALLUR,CHC,TAMILNADU,11.209400000599468,77.35700000004256
Omanur CHC,CHC,KERALA,11.211747310143648,75.96962410028384
EdavannaCHC,CHC,KERALA,11.21343075993946,76.1399637502847
AMMAPALAYAM,CHC,TAMILNADU,11.2135999992915,78.74430000024459
MUTTAM,CHC,TAMILNADU,11.218088999846916,79.57796999943947
CHC Kadmath,CHC,LAKSHADWEEP,11.224100000330235,72.77620000027454
Olavanna CHC,CHC,KERALA,11.224854999497142,75.83244300027
MEENSURUTTY,CHC,TAMILNADU,11.237400000205986,79.47849999988148
ERNAPURAM,CHC,TAMILNADU,11.245147999969731,78.09728200019144
Urungathiri CHC,CHC,KERALA,11.246100259799142,76.05036832967212
CHEYUR,CHC,TAMILNADU,11.247599999961365,77.23049999991093
Valayam CHC,CHC,KERALA,11.258753000186806,75.7804099999506
POGALUR,CHC,TAMILNADU,11.259500000514468,77.03589999998611
NALLUR,CHC,TAMILNADU,11.261283999930626,77.95701200085236
Cheruvadi CHC,CHC,KERALA,11.267897000077596,75.98857200046706
KUMARATCHI,CHC,TAMILNADU,11.30650000061242,79.62700000003599
KOKKARAYANPETTAI,CHC,TAMILNADU,11.314999999823042,77.79340000020258
T.ORANALLY,CHC,TAMILNADU,11.317399999952183,76.66540000033567
VINAITHEERTHAPURAM,CHC,TAMILNADU,11.322599999763058,78.17229999964948
MANICKAMPALAYAM,CHC,TAMILNADU,11.32594600062056,78.0124039996484
NALLUR,CHC,TAMILNADU,11.329900000523413,79.77339999956766
Chungathara CHC,CHC,KERALA,11.332090969678305,76.27594880009158
ANDIMADAM,CHC,TAMILNADU,11.337600000075858,79.37439999980583
Thalakkulathur CHC,CHC,KERALA,11.34878899987745,75.7615599999637
Mukkom CHC,CHC,KERALA,11.350039000254323,76.00718899992718
Narikkuni CHC,CHC,KERALA,11.365825000062324,75.86356199996462
POWERKADU,CHC,TAMILNADU,11.372760999784518,78.34921200005176
Thiruvangoor CHC,CHC,KERALA,11.384680000483316,75.73417800083416
LABBAIKUDIKADU,CHC,TAMILNADU,11.391523000177129,79.03389599974362
UKKARAM,CHC,TAMILNADU,11.411400000723198,77.23299999966855
ORATHUR,CHC,TAMILNADU,11.425000000132746,79.58210000036492
Kodenchery CHC,CHC,KERALA,11.435293999707318,76.00950599938669
Ulliyeri CHC,CHC,KERALA,11.44342899933479,75.77212399995705
VADUGAPATTI,CHC,TAMILNADU,11.465268999543673,77.92494700060341
KAMMAPURAM,CHC,TAMILNADU,11.478391999770276,79.42160599996406
KODANAD,CHC,TAMILNADU,11.510642000641662,76.90668300036194
MANGALORE,CHC,TAMILNADU,11.51560000079776,79.00620000079473
MYLAMBADI,CHC,TAMILNADU,11.524306999548084,77.67935299990164
Koorachundu CHC,CHC,KERALA,11.538056000311595,75.84555599952647
PUDHUCHATRAM,CHC,TAMILNADU,11.540899999414718,79.72239999984126
MAC DONALDS CHOULTRY,CHC,TAMILNADU,11.54701099983776,77.98611299993986
Meppady CHC,CHC,KERALA,11.558467999333754,76.13083900049682
MALLIAKARAI,CHC,TAMILNADU,11.571062999227212,78.49928899987403
Thiruvallur CHC,CHC,KERALA,11.59867159988694,75.68954180042945
ARIYAPALAYAM,CHC,TAMILNADU,11.615387000220368,78.47199399988486
CHC Ambalavayal,CHC,KERALA,11.622498889879322,76.21209388978478
CHITHOOR,CHC,TAMILNADU,11.63929999983103,77.82229999944867
GURUVAREDDYUR,CHC,TAMILNADU,11.644991000436018,77.68186100005518
CHC MEENANGADY,CHC,KERALA,11.65256666996572,76.1627499998617
MARUNGUR,CHC,TAMILNADU,11.654900000619202,79.53879999992787
Orkkattery CHC,CHC,KERALA,11.65606500019147,75.60043999957391
KARIPATTI,CHC,TAMILNADU,11.664938000545016,78.28370300025277
Kunnummel CHC,CHC,KERALA,11.678310000163195,75.71098000036184
Thariyode CHC,CHC,KERALA,11.694839090439324,75.97942548988979
Porunnanore CHC,CHC,KERALA,11.703205999666528,76.0833999998118
ELAVANASURKOTTAI,CHC,TAMILNADU,11.715005799606946,79.17814760011987
Panamaram CHC,CHC,KERALA,11.738420999995888,76.07038899976429
Nallornad CHC,CHC,KERALA,11.75108299988092,76.00482699936356
TALAVADY,CHC,TAMILNADU,11.775300000369551,77.00459999964325
RISHIVANDIYAM,CHC,TAMILNADU,11.80981600028984,79.10307490044755
Pinarayi CHC,CHC,KERALA,11.810249129963388,75.49722698073846
KARIYALUR,CHC,TAMILNADU,11.817582500474842,78.71782440033844
ORAIYUR,CHC,TAMILNADU,11.818599999272672,79.49960000027909
SARAKKAPILLAIYUR,CHC,TAMILNADU,11.82752600003854,78.07925199946382
IRUVELPATTU,CHC,TAMILNADU,11.839982999916844,79.43039140037354
Periya CHC,CHC,KERALA,11.841031110024083,75.8851061103707
Karikalampakkam,CHC,PONDICHERRY,11.864930000114134,79.74840000019493
ARIYUR,CHC,TAMILNADU,11.872196399986652,79.16652829975493
SIRUVANTHADU,CHC,TAMILNADU,11.872471400589474,79.5803744004845
Irivery CHC,CHC,KERALA,11.888389249832992,75.46067203001957
Kudumuluguma,CHC,ORISSA,18.37250999985044,82.1859100001634
Korpana,CHC,MAHARASHTRA,19.73917400030771,78.99032899934288
CHC Nancowry,CHC,ANDAMAN & NICOBAR,7.961090000400862,93.5588999992921
CHC Bambooflat,CHC,ANDAMAN & NICOBAR,11.730299999758772,92.650030000166
CHC Diglipur,CHC,ANDAMAN & NICOBAR,13.30682000005806,92.94110000029896
CHC Nakkapalli,CHC,ANDHRA PRADESH,17.412086000146868,82.7293189995123
Kotauratla,CHC,ANDHRA PRADESH,17.566213999448816,82.68344500059611
Chodavaram,CHC,ANDHRA PRADESH,17.831381000028536,82.93402200019628
K.Kotapadu,CHC,ANDHRA PRADESH,17.886116000476832,83.04352099999532
Bheemilipatnam,CHC,ANDHRA PRADESH,17.887517000337507,83.4456800000139
Mahwa,CHC,RAJASTHAN,26.877169999573667,76.32422599990358
Bhandarej,CHC,RAJASTHAN,26.882161999548927,76.42593800037464
Airwakatra,CHC,UTTARPRADESH,26.88469999994862,79.43330000063476
Gijgarh,CHC,RAJASTHAN,26.8934060001116,76.64704700046616
HASERAN,CHC,UTTARPRADESH,26.91836700029915,79.57908199967514
Saiyan,CHC,UTTARPRADESH,26.918499999778952,77.9231800000665
Sikrai,CHC,RAJASTHAN,26.92334899953881,76.6850199993532
Nayala,CHC,RAJASTHAN,26.936194000497935,75.99566699968393
BATESWER,CHC,UTTARPRADESH,26.93694300007327,78.54043299961177
CHC Saifai,CHC,UTTARPRADESH,26.951802999653008,78.96619199978556
kheragarh,CHC,UTTARPRADESH,26.956255000058068,77.82324199980508
Tarabganj,CHC,UTTARPRADESH,26.95795399993147,81.98830599979252
Sarsinaver,CHC,UTTARPRADESH,26.959773000215613,79.2395069995505
Basai Nawab,CHC,UTTARPRADESH,26.963196999578734,77.78096700046338
Wazeerganj,CHC,UTTARPRADESH,26.963876999644317,82.11701000030403
Sikandara,CHC,RAJASTHAN,26.96652999950416,76.57372999962617
Belsar,CHC,UTTARPRADESH,26.975528000430803,81.91043299985132
Badagaon,CHC,UTTARPRADESH,26.97884000023467,81.30445999980164
Bahrawdakhurd,CHC,RAJASTHAN,26.98333300017279,76.36667000019797
Amer,CHC,RAJASTHAN,26.985847000552376,75.88825099989101
Sirauligauspur,CHC,UTTARPRADESH,26.992380000378407,81.46670000082302
Dewa,CHC,UTTARPRADESH,27.017288999305777,81.17607099983275
Jamuaramgarh,CHC,RAJASTHAN,27.01814899951622,76.01165799988806
Karahl,CHC,UTTARPRADESH,27.02398000001809,78.90726000006788
Sainthal,CHC,RAJASTHAN,27.034004999658084,76.31162299938678
Paraspur,CHC,UTTARPRADESH,27.03409000009804,81.7864199999568
Sandila,CHC,UTTARPRADESH,27.04486299942528,80.53077400028573
Sahadatganj,CHC,UTTARPRADESH,27.050000000112053,81.38399999982236
Mankapur,CHC,UTTARPRADESH,27.055786999858302,82.21358800046727
Andhi,CHC,RAJASTHAN,27.05625799997464,76.15808500008221
Quazidewar,CHC,UTTARPRADESH,27.074053000042927,82.07014899992731
Bhanpur kalan,CHC,RAJASTHAN,27.0773500005832,75.9666439995159
Vijaynagar,CHC,RAJASTHAN,27.07782099971333,75.13775500045143
Nadbai,CHC,RAJASTHAN,27.083539700550265,76.92842839986702
Maroth,CHC,RAJASTHAN,27.09786999969404,75.0850070004547
Sahar,CHC,UTTARPRADESH,27.09999999977859,79.44999999977016
JALALABAD,CHC,UTTARPRADESH,27.10005199972378,79.77886199993854
Jalsu,CHC,RAJASTHAN,27.111852999417568,75.6295369993618
Baroli Ahir,CHC,UTTARPRADESH,27.120488999277725,78.05913299978067
GUGRAPUR,CHC,UTTARPRADESH,27.13640199919581,79.80165700000471
Haldharmau,CHC,UTTARPRADESH,27.13949999999426,81.75926000058517
Baswa,CHC,RAJASTHAN,27.141903999833072,76.58927700031462
Ghunghter,CHC,UTTARPRADESH,27.14528599986502,81.01945499956393
Kishangarhrenwal,CHC,RAJASTHAN,27.161492000106307,75.35737999986331
Reni,CHC,RAJASTHAN,27.162679999732124,76.74519499972615
Kachona,CHC,UTTARPRADESH,27.1638659998204,80.34499199973375
Bichpuri,CHC,UTTARPRADESH,27.176475000087,77.90521299998638
Kaladera,CHC,RAJASTHAN,27.179684000006244,75.61789899966591
Suratganj,CHC,UTTARPRADESH,27.195108999924223,81.34080299931745
Samod,CHC,RAJASTHAN,27.20668500063439,75.79528399989618
Pandrikripal,CHC,UTTARPRADESH,27.207887999765944,81.9847429993047
Mujehna,CHC,UTTARPRADESH,27.222493000295405,82.13787799999976
Ghdhi Sawairam,CHC,RAJASTHAN,27.222886999950028,76.83173299977763
Tehla,CHC,RAJASTHAN,27.243899999942418,76.40858000056498
Govindgarh,CHC,RAJASTHAN,27.245984999591297,75.64699299997908
Jatwara,CHC,RAJASTHAN,27.25419000001819,76.89893999961824
Pinan,CHC,RAJASTHAN,27.261338999596237,76.75096599989354
Kamalganj,CHC,UTTARPRADESH,27.26635400010801,79.63078699993147
Khachriyawas,CHC,RAJASTHAN,27.27963200024245,75.29863300009355
Gondalamau,CHC,UTTARPRADESH,27.28019700038213,80.68205000038233
Rupaideeh,CHC,UTTARPRADESH,27.28337900035043,81.91901400029602
Bhogaon,CHC,UTTARPRADESH,27.28438000049133,79.18105000020898
Danta,CHC,RAJASTHAN,27.291039000000936,75.20414699925897
Itiyathok,CHC,UTTARPRADESH,27.29418999952967,82.04379999959416
Manoharpur,CHC,RAJASTHAN,27.29849999941819,75.95049299947819
Farah,CHC,UTTARPRADESH,27.30939000001894,77.83378999990488
Rarah,CHC,RAJASTHAN,27.313431199718284,77.54959330016655
Kathumar,CHC,RAJASTHAN,27.31815299991273,77.07659299963714
Aunchha,CHC,UTTARPRADESH,27.32340300065609,78.81834699993225
Harpalpur,CHC,UTTARPRADESH,27.324319999180155,79.84319999995058
Khejroli,CHC,RAJASTHAN,27.334061999761637,75.69652499981763
Awalkhera,CHC,UTTARPRADESH,27.33414400039236,78.13523899918493
Kankroli,CHC,RAJASTHAN,27.338547000277824,77.0478109994935
Kumher,CHC,RAJASTHAN,27.34052170015828,77.25179119953025
Neemsar,CHC,UTTARPRADESH,27.35950300001544,80.48687200014923
Mishrikh,CHC,UTTARPRADESH,27.359716999390223,80.4874709994756
Rampur Mathura,CHC,UTTARPRADESH,27.363244999427717,81.32285500040224
Laxmangarh,CHC,RAJASTHAN,27.364202999714315,76.8586239995358
Khatushayamji,CHC,RAJASTHAN,27.365300999665124,75.4032279997385
Amarsar,CHC,RAJASTHAN,27.36666700034386,75.83333299984953
ALIGANJ,CHC,UTTARPRADESH,27.38024299990333,79.24283999988457
Malakhera,CHC,RAJASTHAN,27.38138999968131,76.62291699968321
Pahla,CHC,UTTARPRADESH,27.383927999707453,81.05196799952655
Thanagazi,CHC,RAJASTHAN,27.399838999863007,76.31506299985097
Machharehta,CHC,UTTARPRADESH,27.41043100001762,80.63238499957608
Baldeo,CHC,UTTARPRADESH,27.41669999981767,77.8166899998381
Nawabganj,CHC,UTTARPRADESH,27.43487499952886,79.40266100044086
Tandiyawan,CHC,UTTARPRADESH,27.43947999990979,80.24119999962967
Viratnagar,CHC,RAJASTHAN,27.448960999762857,76.17599399953771
Jajod,CHC,RAJASTHAN,27.472345999601043,75.51621199930922
Shirur,CHC,MAHARASHTRA,18.493162999979003,74.22227400001053
Khondamali,CHC,MAHARASHTRA,21.299999999797613,74.03999999969479
Khandbara,CHC,MAHARASHTRA,21.303197999722588,74.04616900024543
Areth,CHC,GUJARAT,21.30799699944731,73.1619880001474
Mendarda,CHC,GUJARAT,21.32245700046434,70.44220099930446
Bagdana,CHC,GUJARAT,21.32665847969394,71.83351191975794
Madhusudan Hospital CY,CHC,GUJARAT,21.32880640045165,71.02428660029173
Dhari,CHC,GUJARAT,21.32925052015129,71.02186948988202
Olpad,CHC,GUJARAT,21.339663999698345,72.75152899989153
Dhanora,CHC,MAHARASHTRA,21.340000000175998,74.16999999966673
KABBALLI FRU,CHC,KARNATAKA,11.893600000376727,76.74570000023955
KANDAMANADI,CHC,TAMILNADU,11.895467900747448,79.4740165999266
Azhikode CHC,CHC,KERALA,11.908607660185584,75.34460633022229
BEGURU FRU,CHC,KARNATAKA,11.93630000011606,76.67119999991701
THOPPUR,CHC,TAMILNADU,11.940200000125463,78.05520000029532
BAIRANATHAM,CHC,TAMILNADU,11.945800000033207,78.30170000047009
Pappinissery CHC,CHC,KERALA,11.94976124028895,75.35530776975915
PUDUPETTAI,CHC,TAMILNADU,11.965662499892414,78.89735729936251
KUTTA,CHC,KARNATAKA,11.969638999411156,76.05121400008736
MUGAIYUR,CHC,TAMILNADU,11.976276599425198,79.30641439956575
Mannadipet,CHC,PONDICHERRY,11.983480000041768,79.6228400007699
Mayyil CHC,CHC,KERALA,11.992314960238268,75.45048730951895
SARAGUR,CHC,KARNATAKA,12.000299999486488,76.39680000057885
RADHAPURAM,CHC,TAMILNADU,12.000954699960634,79.58999110006131
ERIYUR,CHC,TAMILNADU,12.007299999714553,77.80189999955812
SANTEMARAHALLI FRU,CHC,KARNATAKA,12.047299999848248,76.98149999997854
ANNIYUR,CHC,TAMILNADU,12.074165099828573,79.39125159952688
TAGADUR,CHC,KARNATAKA,12.089299999918923,76.8150999996911
KATTAMPOONDI,CHC,TAMILNADU,12.106093999805436,79.08633100064421
KILIYANUR,CHC,TAMILNADU,12.107909000103138,79.74488399956279
MAILAM,CHC,TAMILNADU,12.129042700205051,79.62002790023145
MUGUR,CHC,KARNATAKA,12.130899999313234,76.94230000032975
Oduvallithattu CHC,CHC,KERALA,12.133710609908643,75.44283625044629
D.THURINJIPPATTI,CHC,TAMILNADU,12.184200000053304,78.25829999957563
TALAKAD,CHC,KARNATAKA,12.190900000042747,77.02859999983153
JAYANAGAR UCHC,CHC,KARNATAKA,12.202700000678622,76.55449999969761
POLIBETTA,CHC,KARNATAKA,12.24109999972193,75.9201000002299
SATHIYAMANGALAM,CHC,TAMILNADU,12.241223899994488,79.30838320034306
MELPALLIPATTU,CHC,TAMILNADU,12.269390600018312,78.7436473993435
MELSITHAMUR,CHC,TAMILNADU,12.270394899791748,79.50594890014347
SIDDAPURA,CHC,KARNATAKA,12.296600000161904,75.8745999996109
NAPOKLU,CHC,KARNATAKA,12.306899999779858,75.68760000031467
SAMALPATTI,CHC,TAMILNADU,12.307799999887092,78.39819999991717
BARUR,CHC,TAMILNADU,12.308199999822378,78.30649999996876
MANGALAM,CHC,TAMILNADU,12.3277146999635,79.17511340011058
VALATHI,CHC,TAMILNADU,12.34713180029431,79.37826519984344
ANCHETTY,CHC,TAMILNADU,12.353300000152466,77.73250000010657
KARAPATTU,CHC,TAMILNADU,12.376588200047983,78.94102739940841
Periye CHC,CHC,KERALA,12.400150490387553,75.09697268939658
THELLAR,CHC,TAMILNADU,12.407533999794166,79.54361659939468
ARAKERE,CHC,KARNATAKA,12.41169999962081,76.81520000014851
PAVINJUR,CHC,TAMILNADU,12.4457999997303,80.0059999999403
SATHANUR,CHC,KARNATAKA,12.447799999610831,77.32309999948464
Panathady CHC,CHC,KERALA,12.45243844996373,75.30960148989979
Bedadukka CHC,CHC,KERALA,12.458638960345088,75.1680323002844
K M DODDI,CHC,KARNATAKA,12.484100000398678,77.03679999961139
JAGADEVI,CHC,TAMILNADU,12.486399999763467,78.31670000081238
KOMMANANDAL,CHC,TAMILNADU,12.505798800446264,79.17233539962031
Muliyar CHC,CHC,KERALA,12.510643510188483,75.1113579402506
PUDUPET,CHC,TAMILNADU,12.52970000040012,78.50980000016393
ANDIAPPANUR,CHC,TAMILNADU,12.537018999536713,78.69751270034872
CHINAKURALI,CHC,KARNATAKA,12.539799999989626,76.5994999998261
FRU SALIGRAMA,CHC,KARNATAKA,12.562700000620078,76.26289999983524
BOOKANAKERE,CHC,KARNATAKA,12.562999999538336,76.52639999961936
Badiadka CHC,CHC,KERALA,12.58721688018496,75.07215260011742
PACHUR,CHC,TAMILNADU,12.589225100420906,78.46027949965935
Kumbla CHC,CHC,KERALA,12.591650550610732,74.94360184051527
M.C.PALLI,CHC,TAMILNADU,12.600000000367473,78.25779999998345
NAVALPAKKAM,CHC,TAMILNADU,12.615161899457355,79.41001609966172
KONANUR,CHC,KARNATAKA,12.629299999733872,76.05180000079156
HALLI MYSORE,CHC,KARNATAKA,12.657400000465774,76.2592999995375
SHOOLAGIRI - CHC Gr.I,CHC,TAMILNADU,12.661616000055169,78.01438600027048
Mangalpady CHC,CHC,KERALA,12.663006809934144,74.91691484995476
S.V.NAGARAM,CHC,TAMILNADU,12.677084599518142,79.31607760043325
HAROHALLI,CHC,KARNATAKA,12.68010000046089,77.46929999989806
AKKUR,CHC,TAMILNADU,12.684128499957954,79.63296679969763
Bangarupalem,CHC,ANDHRA PRADESH,12.702859999246805,78.3738000005941
SANIVARASANTHE,CHC,KARNATAKA,12.722799999886671,75.89570000000852
Manjeshwar CHC,CHC,KERALA,12.724895569729544,74.88707744972655
PERUNGATTUR,CHC,TAMILNADU,12.750912999885632,79.53048070028504
KAGGALIPURA,CHC,KARNATAKA,12.801899999651486,77.50860000000428
KANIYAMBADI - CHC Gr.II,CHC,TAMILNADU,12.810261600027523,79.13129870005001
PADUVALAHIPPE,CHC,KARNATAKA,12.818699999238374,76.17099999987029
NARIAMPATTU,CHC,TAMILNADU,12.837114500016671,78.71722649965163
SRAVANABELAGOLA,CHC,KARNATAKA,12.85300000074652,76.4794000002238
DODDAKUNCHE,CHC,KARNATAKA,12.863299999929517,76.26700000062348
MADHANUR,CHC,TAMILNADU,12.868181599833258,78.8486370001467
USSOOR,CHC,TAMILNADU,12.869272300171016,79.06141210027705
THIRUPPUKKUZHI,CHC,TAMILNADU,12.876699999498928,79.61539999997493
BINDIGANAVILE,CHC,KARNATAKA,12.881100000274454,76.63389999997621
MOSALE HOSAHALLI,CHC,KARNATAKA,12.89469999931465,76.16039999989192
CHANDRAPPA CIRCLE,CHC,KARNATAKA,12.910900000132193,77.37040000025247
AMRUTHUR,CHC,KARNATAKA,12.920100000349834,76.93279999999321
BANASHANKARI RH UCHC,CHC,KARNATAKA,12.923199999726949,77.56389999963716
PARANDUR,CHC,TAMILNADU,12.933600000606502,79.74020000041509
HIRISAVE,CHC,KARNATAKA,12.951300000387274,76.57469999957164
MADURAMANGALAM,CHC,TAMILNADU,12.954299999554838,79.81409999978965
VAMADAPADAV,CHC,KARNATAKA,12.963699999530634,75.1010999998678
BELLURU,CHC,KARNATAKA,12.979799999959496,76.73450000021154
Chandoli,CHC,MAHARASHTRA,18.5044750004034,73.52431300013237
Ranala,CHC,MAHARASHTRA,21.340000000175998,74.37000000003812
Thaliya,CHC,GUJARAT,21.36618155978908,71.91145003048925
Jesar,CHC,GUJARAT,21.36973522030671,71.67123672004878
Vanda,CHC,GUJARAT,21.38414582945297,71.47070531049127
Bilkha,CHC,GUJARAT,21.440928000640582,70.59734500038577
Zankhvav,CHC,GUJARAT,21.44589099989779,73.32107199948842
Umarpada,CHC,GUJARAT,21.456148999931266,73.47713600028649
Mangrol,CHC,GUJARAT,21.46039425041469,73.15340830944639
Nizar,CHC,GUJARAT,21.481200260502614,74.21025155011912
SHANTHIGRAMA,CHC,KARNATAKA,12.983300000193736,76.21629999957439
LALAPET,CHC,TAMILNADU,12.993649200153117,79.30353490022817
KALLAPADI,CHC,TAMILNADU,12.998201899790182,78.90228240004427
BETHAMANGALA,CHC,KARNATAKA,13.006599999971472,78.32680000030022
NUGGEHALLI,CHC,KARNATAKA,13.0085999999634,76.47789999965059
BANAVARAM,CHC,TAMILNADU,13.015125999737087,79.48612499972607
PERAMBAKKAM,CHC,TAMILNADU,13.035536199973976,79.81160650024142
AVALAHALLI,CHC,KARNATAKA,13.036999999205394,77.73670000045392
AREHALLI,CHC,KARNATAKA,13.04560000019663,75.80749999990043
SOLURU,CHC,KARNATAKA,13.069299999789113,77.24280000047905
NEMAM,CHC,TAMILNADU,13.074519300128202,80.02028059975865
DUDDA,CHC,KARNATAKA,13.088000000053846,76.20459999995424
MUDHUR,CHC,TAMILNADU,13.150901799219776,79.68436379998238
GANDASI,CHC,KARNATAKA,13.157899999681565,76.30569999978175
R.K.PET,CHC,TAMILNADU,13.162545699939333,79.4316757998887
NITTE,CHC,KARNATAKA,13.185399999906986,74.93679999930484
THAYAMAGONDALU,CHC,KARNATAKA,13.216000000529156,77.30109999946173
VELLIYUR,CHC,TAMILNADU,13.218092199809256,80.01195870039133
SHIRUVA,CHC,KARNATAKA,13.220399999863004,74.81989999996722
KALASA,CHC,KARNATAKA,13.23429999996996,75.35610000029642
ATHIMANJEERIPET,CHC,TAMILNADU,13.246208700193687,79.43793320005317
POONIMANGADU,CHC,TAMILNADU,13.261402199630618,79.63606699982917
Muli,CHC,GUJARAT,22.632947010447552,71.46442386961313
M N KOTE,CHC,KARNATAKA,13.381599999899072,76.84900000024902
J.C PURA,CHC,KARNATAKA,13.417100000513546,76.35080000036767
EGUVARPALAYAM,CHC,TAMILNADU,13.435971800387374,80.05997339990094
BRAHMAVARA,CHC,KARNATAKA,13.437099999742795,74.74330000081848
Satyavedu,CHC,ANDHRA PRADESH,13.44340259990557,79.9605316999694
GOWNIPALLI,CHC,KARNATAKA,13.505499999999534,78.22670000055541
KOTA,CHC,KARNATAKA,13.52859999974124,74.70240000057996
PANCHANAHALLI,CHC,KARNATAKA,13.55160000019302,76.32869999988733
YAGATI,CHC,KARNATAKA,13.611499999832622,76.14730000015594
Kalikiri,CHC,ANDHRA PRADESH,13.61865629962312,78.79299319998321
SRIRAMPURA,CHC,KARNATAKA,13.623599999867082,76.41599999947185
BELAGURU,CHC,KARNATAKA,13.62949999921752,76.28899999974804
Vayalpadu,CHC,ANDHRA PRADESH,13.634401999900836,78.62488179948504
Piler,CHC,ANDHRA PRADESH,13.6549830998664,78.94446409946222
AJJAMPURA,CHC,KARNATAKA,13.726599999412464,76.00380000041496
KANCHIPURA,CHC,KARNATAKA,13.726699999953109,76.47999999937511
KANNANGI,CHC,KARNATAKA,13.797099999822183,75.369800000082
Thambalapalli,CHC,ANDHRA PRADESH,13.822054000693052,78.44890599991571
GULURU,CHC,KARNATAKA,13.84009999984758,77.83319999990101
BAINDOOR,CHC,KARNATAKA,13.871299999810136,74.62650000014165
Naidupeta,CHC,ANDHRA PRADESH,13.8959880005331,79.88403800026487
HOLEHONNUR,CHC,KARNATAKA,13.988299999789184,75.68620000019887
Vakadu,CHC,ANDHRA PRADESH,14.00253599987906,80.07095300007062
AYANUR,CHC,KARNATAKA,14.013899999544094,75.4328000008009
HOLALURU,CHC,KARNATAKA,14.037000000422289,75.67559999932217
DHARMAPURA,CHC,KARNATAKA,14.065599999573395,76.86049999985266
ANADAPURAM,CHC,KARNATAKA,14.076499999457493,75.21210000006495
Penukonda,CHC,ANDHRA PRADESH,14.084431000315323,77.59732300016911
MARADIHALLI,CHC,KARNATAKA,14.131700000412126,76.52769999927773
Nallamada,CHC,ANDHRA PRADESH,14.141684000280335,77.98314400055223
NYAMATHI,CHC,KARNATAKA,14.149300000016911,75.569699999996
KEREBILACHI,CHC,KARNATAKA,14.149500000172113,75.89959999988189
SANTHEBENNUR,CHC,KARNATAKA,14.168600000196095,76.00880000082849
BHARAMANNANAYAKANADURGA,CHC,KARNATAKA,14.181199999852964,76.13160000020495
L.R.Pally,CHC,ANDHRA PRADESH,14.185830000245993,78.69851699976837
Rapur,CHC,ANDHRA PRADESH,14.19981500036874,79.53364800007671
TIRUMANI,CHC,KARNATAKA,14.237999999773962,77.43830000002913
PARASHURAMPURA,CHC,KARNATAKA,14.25370000035335,76.88329999994168
Y.N.HOSAKOTE,CHC,KARNATAKA,14.279900000120378,77.174499999771
SIRIGERE,CHC,KARNATAKA,14.28529999980206,76.20479999997077
BHARAMASAGARA,CHC,KARNATAKA,14.371499999984376,76.19079999971119
SHIRALAKOPPA,CHC,KARNATAKA,14.379299999923289,75.26570000000639
MASUR,CHC,KARNATAKA,14.379900000425703,75.45850000068063
Podalakur,CHC,ANDHRA PRADESH,14.384089999909504,79.73240699944267
RATTIHALLI,CHC,KARNATAKA,14.422200000757163,75.50630000014236
Sidhout,CHC,ANDHRA PRADESH,14.473861999883166,78.96841799990676
Kovur,CHC,ANDHRA PRADESH,14.501207999428638,79.98812799939643
Buchi,CHC,ANDHRA PRADESH,14.532321000048295,79.88140399971462
Chennur,CHC,ANDHRA PRADESH,14.562820000077595,78.80194900002233
ANAVATTI,CHC,KARNATAKA,14.565200000344404,75.15079999993583
Kamalapuram,CHC,ANDHRA PRADESH,14.599640000207458,78.67285200004874
TELAGI,CHC,KARNATAKA,14.657600000522406,75.89040000001931
ARASIKERE,CHC,KARNATAKA,14.668899999811307,76.07140000061595
Allur,CHC,ANDHRA PRADESH,14.685326999631332,80.05488900007151
C.J.HALLI,CHC,KARNATAKA,14.720900000203995,76.49049999979435
PALA,CHC,KARNATAKA,14.796800000336557,75.04290000044422
Singanamala,CHC,ANDHRA PRADESH,14.799999999923484,77.71669999969814
Kanekal,CHC,ANDHRA PRADESH,14.809323000304,77.06939799996285
Vinjamur,CHC,ANDHRA PRADESH,14.833299999567105,79.58329999956587
RAMPURA,CHC,KARNATAKA,14.882900000529707,76.7824000001307
Uravakonda,CHC,ANDHRA PRADESH,14.94603800009139,77.26048399980364
Korukonda,CHC,ORISSA,18.278660000547973,81.9814600000977
Madnoor,CHC,TELANGANA,18.50569700040892,77.62487800044929
Liliya,CHC,GUJARAT,21.53816879012318,71.36014213047406
Sagbara,CHC,GUJARAT,21.541328090297423,73.79397643001408
Akkalkuwa,CHC,MAHARASHTRA,21.549999999791822,74.01000000080691
Bhesan,CHC,GUJARAT,21.55741999995047,70.70263299996678
Valia,CHC,GUJARAT,21.57313999969854,73.15958900067214
Hansot,CHC,GUJARAT,21.582830209992167,72.81309463993499
Koliyak,CHC,GUJARAT,21.612649239691034,72.26839892970574
Dediyapada,CHC,GUJARAT,21.627600989260717,73.59364492974326
Kukavav,CHC,GUJARAT,21.632906940013083,70.98309457931391
ITAGI,CHC,KARNATAKA,14.952700000253884,76.09660000000518
Porumamilla,CHC,ANDHRA PRADESH,14.995103999930588,78.98820799970194
ROOPANAGUDI,CHC,KARNATAKA,15.049600000135264,77.06290000042253
Pamur,CHC,ANDHRA PRADESH,15.096035000351042,79.41130700028457
HAMPASAGARA,CHC,KARNATAKA,15.123300000123937,76.03549999989264
THORANAGALLU,CHC,KARNATAKA,15.197099999807072,76.67609999987312
UFWC Kandukuru,CHC,ANDHRA PRADESH,15.217028000271426,79.90409799949849
MOKA,CHC,KARNATAKA,15.235800000097097,77.05099999988751
MUNIRABAD,CHC,KARNATAKA,15.278300000226428,76.32609999967231
FRU HIRESINDOGI,CHC,KARNATAKA,15.297100000497943,76.09290000014836
Banaganapally,CHC,ANDHRA PRADESH,15.3181030006194,78.22554499976366
Alur,CHC,ANDHRA PRADESH,15.394307999934057,77.22666500033486
Pathikonda,CHC,ANDHRA PRADESH,15.396817999685986,77.50071900006664
Ganoda,CHC,RAJASTHAN,23.76576799975589,74.25979100058463
SRIRAMNAGAR,CHC,KARNATAKA,15.502000000316958,76.59420000073524
Panyam,CHC,ANDHRA PRADESH,15.51670000009522,78.35000000042237
MANGALORE,CHC,KARNATAKA,15.518400000250766,76.1510000000128
Podili,CHC,ANDHRA PRADESH,15.607035000233136,79.61462700057123
H.VANKALAKUNTA,CHC,KARNATAKA,15.63789999966964,76.22729999958585
Orvakal,CHC,ANDHRA PRADESH,15.683194000292104,78.17449200033381
Velugodu,CHC,ANDHRA PRADESH,15.71831199982131,78.57460199978317
BELWADI,CHC,KARNATAKA,15.718699999785542,74.9193000001033
Dodamarg,CHC,MAHARASHTRA,15.76099999993664,74.0908999998621
Darsi,CHC,ANDHRA PRADESH,15.769996000716803,79.67944699973381
HIREBAGEWADI,CHC,KARNATAKA,15.775200000554028,74.6389000002689
NAGANUR,CHC,KARNATAKA,15.842600000774333,74.7863999994424
Alampur,CHC,TELANGANA,15.879926000777242,78.13426100064018
Chandgad,CHC,MAHARASHTRA,15.947288899472165,74.18857999931691
YARAGATTI,CHC,KARNATAKA,15.965300000380028,75.02359999929718
Martur,CHC,ANDHRA PRADESH,15.993842999651058,80.10377199945665
Nagaram,CHC,ANDHRA PRADESH,16.004444000149395,80.72444400044802
Kudal,CHC,MAHARASHTRA,16.007411999887196,73.68674000075151
AH Avanigadda,CHC,ANDHRA PRADESH,16.021427000565428,80.91594399966728
Pendurkatta,CHC,MAHARASHTRA,16.08303600070542,73.62022200064897
Malwan,CHC,MAHARASHTRA,16.087805000389466,73.47471500017157
Challapalli,CHC,ANDHRA PRADESH,16.11481700001695,80.92906799969266
ANNAHOSUR,CHC,KARNATAKA,16.153699999625367,76.40039999997829
HOSAKOTI,CHC,KARNATAKA,16.164100000084744,75.26670000008909
KUNDALASANGAMA,CHC,KARNATAKA,16.19929999977828,76.04850000006948
Murgud,CHC,MAHARASHTRA,16.234910000270787,74.11261600020283
Radhanagari,CHC,MAHARASHTRA,16.24438399990666,73.59429900028816
Solankur,CHC,MAHARASHTRA,16.245642999991368,74.25449999991795
ARAKERA,CHC,KARNATAKA,16.276999999549965,76.95090000014268
Kollipara,CHC,ANDHRA PRADESH,16.287734999849146,80.75192700075817
NIDASOSI,CHC,KARNATAKA,16.294399999756635,74.55290000034277
J MALLAPUR,CHC,KARNATAKA,16.312800000359626,77.28120000006169
KALAGI,CHC,KARNATAKA,16.313500000534663,76.01119999923034
Gargoti,CHC,MAHARASHTRA,16.317434999960778,74.13867699975759
Patoda,CHC,MAHARASHTRA,18.878864200022115,75.6266279993503
Nesari,CHC,MAHARASHTRA,16.327789999542716,74.19166999997675
Athmakur,CHC,TELANGANA,16.340146000350693,77.79955699926103
Kagal,CHC,MAHARASHTRA,16.353336000090913,74.18380699958243
GIRISAGARA,CHC,KARNATAKA,16.353699999611973,75.7044999994666
Revally,CHC,TELANGANA,16.37120900000225,78.26612399961186
Devgad,CHC,MAHARASHTRA,16.378923999616163,73.38395099983347
Raipatan,CHC,MAHARASHTRA,16.422340000561366,73.42287799967077
Kankipadu,CHC,ANDHRA PRADESH,16.429999999981842,80.76000000031642
HUNASANGI,CHC,KARNATAKA,16.457200000208648,76.52520000041845
Hatkangale,CHC,MAHARASHTRA,16.45859999992647,74.26957999972785
KERUR,CHC,KARNATAKA,16.465199999559005,74.64509999988336
Razolu,CHC,ANDHRA PRADESH,16.474325999634058,81.84019600052368
Makthal,CHC,TELANGANA,16.502127999458004,77.50747699989792
Pargaon,CHC,MAHARASHTRA,16.513786000196607,74.135704000172
Palem,CHC,TELANGANA,16.521126999823153,78.24103499965238
Gaganbawada,CHC,MAHARASHTRA,16.539999999548158,73.84000000022169
Gannavaram,CHC,ANDHRA PRADESH,16.539999999548158,80.8000000000314
AH Bhimavaram,CHC,ANDHRA PRADESH,16.545410000321215,81.53157800061024
Kaikaluru,CHC,ANDHRA PRADESH,16.55000000002663,81.21000000070295
Amaravathi,CHC,ANDHRA PRADESH,16.572982999503747,80.35751300023479
Akiveedu,CHC,ANDHRA PRADESH,16.582315000654614,81.3783770006913
WADAGERA,CHC,KARNATAKA,16.589000000256327,77.0989999993658
P.Gannavaram,CHC,ANDHRA PRADESH,16.5891249996486,81.89051399928638
Dattawad,CHC,MAHARASHTRA,16.592568499845516,74.57870999982737
Ajara,CHC,MAHARASHTRA,16.623549999988473,74.11586300032316
Penugonda,CHC,ANDHRA PRADESH,16.654724000259556,81.74451700016083
T. Kothapalli,CHC,ANDHRA PRADESH,16.663791000059753,82.20534699978118
KALKERE,CHC,KARNATAKA,16.669499999727275,76.3099000001291
KAGWAD,CHC,KARNATAKA,16.697000000264673,74.7174000000239
Khupire,CHC,MAHARASHTRA,16.708369000216372,74.14601700009518
Kothapet APVVP,CHC,ANDHRA PRADESH,16.71601499991711,81.89578499986155
DORNAHALLI,CHC,KARNATAKA,16.72850000012226,76.91220000008612
Shirol,CHC,MAHARASHTRA,16.730000000483166,74.60000000019576
Koilkonda,CHC,TELANGANA,16.758596000102614,77.78883299943412
Chakur,CHC,MAHARASHTRA,18.513056000794123,76.87527799953875
Netrang,CHC,GUJARAT,21.638869629835263,73.36371928044676
Mhasawad,CHC,MAHARASHTRA,21.643066000401387,74.47989800004532
Gadkhol,CHC,GUJARAT,21.644376499591264,73.01248559961175
CHC Pansemal,CHC,MADHYA PRADESH,21.660368299959288,74.69382029999748
CHC Niwali,CHC,MADHYA PRADESH,21.68304400034932,74.92231099932376
Moti Marad,CHC,GUJARAT,21.683840990376325,70.37466920997963
Chital,CHC,GUJARAT,21.738030000181425,71.20118000017774
Mahadev Maternity and Surgical Hospital CY,CHC,GUJARAT,21.747841000030668,72.16534499981213
Sachchidanand Charitable Trust CY,CHC,GUJARAT,21.754955999894698,72.17449799981908
Denduluru,CHC,ANDHRA PRADESH,16.760556000183833,81.16416699999802
Mylavaram,CHC,ANDHRA PRADESH,16.780000000099385,80.63000000034452
Alamuru,CHC,ANDHRA PRADESH,16.78897500056043,81.88389299972243
Panhala,CHC,MAHARASHTRA,16.810687099458086,74.11809999941673
Bhimadolu,CHC,ANDHRA PRADESH,16.814444000238097,81.2616669995278
Belanki,CHC,MAHARASHTRA,16.847100000200633,74.87160000020067
AREKERA,CHC,KARNATAKA,16.847500000147498,77.01580000056954
YADRAMI,CHC,KARNATAKA,16.8545000007298,76.53520000034717
Anaparthy APVVP,CHC,ANDHRA PRADESH,16.93465000002929,81.95511900016042
Vissannapeta,CHC,ANDHRA PRADESH,16.938463999797104,80.78676999970078
Pedapudi,CHC,ANDHRA PRADESH,16.952347999692158,82.13056100012672
shirala,CHC,MAHARASHTRA,16.98537000004585,74.12790999937465
Pali,CHC,MAHARASHTRA,16.98557699962452,73.48594100013884
Kokarud,CHC,MAHARASHTRA,17.00097899977969,73.98124700007727
MARATAGI,CHC,KARNATAKA,17.005099999888017,76.41720000046942
NELOGI,CHC,KARNATAKA,17.057699999751062,76.6102000002619
MUDHOL,CHC,KARNATAKA,17.05919999994546,77.3983000003142
Devrukh,CHC,MAHARASHTRA,17.068770999634232,73.37114400000044
Chintalapudi,CHC,ANDHRA PRADESH,17.069681000782168,80.9875960000776
TADAWALAGA,CHC,KARNATAKA,17.081400000620178,75.92079999983862
Palus,CHC,MAHARASHTRA,17.097643000104803,74.44963200012035
Gopalapuram,CHC,ANDHRA PRADESH,17.101943999525492,81.04096199966732
Sangameshwar,CHC,MAHARASHTRA,17.10528100022294,73.3241260001632
Madgyal,CHC,MAHARASHTRA,17.114214000300258,75.40260300047284
Maheshwaram,CHC,TELANGANA,17.13266900055807,78.43682600035395
Dhebewadi,CHC,MAHARASHTRA,17.14159099974929,73.57288900026917
Undale,CHC,MAHARASHTRA,17.161635000029836,74.08949199935039
Jaggampeta,CHC,ANDHRA PRADESH,17.171143000361187,82.06366999975528
Buttaigudem,CHC,ANDHRA PRADESH,17.192844000349286,81.28027800003848
Chichni Wangi,CHC,MAHARASHTRA,17.201145999439714,74.34448199973329
Bhivghat Karanje,CHC,MAHARASHTRA,17.216887999911958,74.76676899965582
Patan,CHC,MAHARASHTRA,17.223730000146954,73.54452999972482
Prathipadu APVVP,CHC,ANDHRA PRADESH,17.228881999861127,82.19175599977551
GUNDAGURTHI,CHC,KARNATAKA,17.23909999969468,77.0636000000313
Chouttuppal,CHC,TELANGANA,17.250271999650064,78.89878699957823
Gokavaram,CHC,ANDHRA PRADESH,17.256323000014323,81.84839099938235
Sangole,CHC,MAHARASHTRA,17.26372799950899,75.11279899966304
Kadegaon,CHC,MAHARASHTRA,17.296360999879347,74.33152400028752
Nakrekal,CHC,TELANGANA,17.297277000196267,79.38721900023272
Akkalkot,CHC,KARNATAKA,17.311357000366083,76.29220000001271
Chiplun Mcl,CHC,MAHARASHTRA,17.313344999762563,73.31185499990741
GADAKESHWAR,CHC,KARNATAKA,17.339399999684293,77.27730000018828
STATION GANAGAPUR,CHC,KARNATAKA,17.339999999797605,76.5876999997485
KALAGI,CHC,KARNATAKA,17.35920000043509,77.15269999976466
HEBBAL,CHC,KARNATAKA,17.37849999958697,77.04989999934737
NIMBARGA,CHC,KARNATAKA,17.3886999999357,76.58459999994128
Thungathurthy,CHC,TELANGANA,17.40599099928538,79.5815279999044
Gondwale Kh.,CHC,MAHARASHTRA,17.409400000364624,74.34454100018282
Atapadi,CHC,MAHARASHTRA,17.420341000688218,74.93846700028266
Khed Mcl,CHC,MAHARASHTRA,17.432061000174883,73.23301299984564
Kaledhone,CHC,MAHARASHTRA,17.43239999981075,74.64609999996605
MADANAHIPPARGI,CHC,KARNATAKA,17.459200000485147,76.37229999990005
Addateegala,CHC,ANDHRA PRADESH,17.476057999972348,82.0216409995626
Mandrup,CHC,MAHARASHTRA,17.498699999825607,75.79400000013135
NARONA,CHC,KARNATAKA,17.511100000100484,76.71439999989664
Karkamb,CHC,MAHARASHTRA,17.514518000093272,75.17585600028333
Malshiras,CHC,MAHARASHTRA,17.515676000125524,74.55294000052572
Marpally,CHC,TELANGANA,17.540330000324797,77.76666500008005
Aundh,CHC,MAHARASHTRA,17.540742000378202,74.33088599970475
Natepute,CHC,MAHARASHTRA,17.546750000314354,74.44511299993071
Mahabaleshwar,CHC,MAHARASHTRA,17.551789999688438,73.392028000488
Kunavaram,CHC,TELANGANA,17.574972999321723,81.2539479999719
Vaduj,CHC,MAHARASHTRA,17.593799999902892,74.45210000009088
RH Poladpur,CHC,MAHARASHTRA,17.597390000419665,73.27531900004777
Y Ramavaram,CHC,ANDHRA PRADESH,17.631999000031666,81.95620900065482
SMC Duffrin,CHC,MAHARASHTRA,17.67472999960011,75.93035600025165
Koregaon,CHC,MAHARASHTRA,17.698328000446928,74.16509899988571
Dahiwadi,CHC,MAHARASHTRA,17.700500000070033,74.54869999999539
FRU MANNEKHALLI,CHC,KARNATAKA,17.72959999937604,77.36390000016407
Chintoor,CHC,TELANGANA,17.741847999908597,81.39311900039239
Jetpar,CHC,GUJARAT,23.003488140289747,70.89420199069814
RAJESHWAR,CHC,KARNATAKA,17.789399999936954,77.033200000212
Medha,CHC,MAHARASHTRA,17.792238999597977,73.8259549997563
Gudur,CHC,TELANGANA,17.797489999804903,79.9794159994305
Mohol,CHC,MAHARASHTRA,17.806000000261946,75.63819999982228
CHC GAJWEL,CHC,TELANGANA,17.82755000048921,78.76459999967774
HALLIKHED B,CHC,KARNATAKA,17.850800000539618,77.2627999994382
Somardi,CHC,MAHARASHTRA,17.854888000501305,73.8874800000163
Gadchandur,CHC,TELANGANA,17.873599999225387,78.0993999994593
CHC NARSAPUR,CHC,TELANGANA,17.88798890005643,78.20886309988464
PMC FPAI Hospital,CHC,MAHARASHTRA,18.520399999805196,73.85669999935708
PMC Maharshtra arogya Mandal,CHC,MAHARASHTRA,18.52042999992004,73.85674399973801
Chhindgarh,CHC,CHATTISGARH,18.526455710170605,81.74985507973491
Renapur,CHC,MAHARASHTRA,18.52910860006861,76.5965000004763
Varni,CHC,TELANGANA,18.53267699982514,77.89353799958225
RH Chouk,CHC,MAHARASHTRA,18.535300000082582,73.14372300014146
Mathili,CHC,ORISSA,18.53999999991408,82.20000000083465
Avidha,CHC,GUJARAT,21.76384844007094,73.18837144997339
Molgi,CHC,MAHARASHTRA,21.76819679993109,74.007199999677
Shitaram Hospital CY,CHC,GUJARAT,21.779820999996797,71.51378900020114
Umalla,CHC,GUJARAT,21.79233242989605,73.29393512993867
Dhadgaon,CHC,MAHARASHTRA,21.81999999986381,74.1900000004225
Jamana,CHC,MAHARASHTRA,21.81999999986381,74.1900000004225
BUDUR,CHC,TAMILNADU,13.234350299654816,80.20697290001893
Vagra,CHC,GUJARAT,21.84265366034796,72.84087648997726
Virpur Jalaram,CHC,GUJARAT,21.845672200474397,70.69707843988394
Umarala,CHC,GUJARAT,21.845975920121585,71.80310373987966
Garudeshwar,CHC,GUJARAT,21.89097285993012,73.65513914024692
Jamkandorana,CHC,GUJARAT,21.893090409991707,70.49619801058404
Sanathali,CHC,GUJARAT,21.8979474001058,71.02586029954918
Advana,CHC,GUJARAT,21.917501999524003,69.59241799970674
CHC Silawad,CHC,MADHYA PRADESH,21.922159999682638,74.89456900034412
CHC Pati,CHC,MADHYA PRADESH,21.946119000591477,74.7478060005893
Tilakwada,CHC,GUJARAT,21.95366264083412,73.59059106022252
Mota Fofaliya,CHC,GUJARAT,21.957186149694536,73.36745500989574
Amod,CHC,GUJARAT,21.99307674068513,72.86758640015393
Kalyanpur,CHC,GUJARAT,22.01758055969356,69.40276666956183
Kolithad,CHC,GUJARAT,22.028752039692463,70.6640210994867
Naswadi,CHC,GUJARAT,22.04394826978937,73.72431826013977
Kotada Sangani,CHC,GUJARAT,22.046981360074323,70.86230274938207
Kawant,CHC,GUJARAT,22.090750030589213,74.05407745988465
Chc Lathidad,CHC,GUJARAT,22.10001699994617,71.75999091960172
CHC Sondwa,CHC,MADHYA PRADESH,22.11618299985796,74.37399500034607
CHC Nisarpur,CHC,MADHYA PRADESH,22.11627999998189,74.83218999959128
HEBRI,CHC,KARNATAKA,13.457200000578236,74.99159999934552
Lodhika,CHC,GUJARAT,22.136941610217622,70.64323793039823
Por,CHC,GUJARAT,22.142354999495023,73.18505388988247
Sankheda,CHC,GUJARAT,22.16952719967003,73.57630116014603
Lalpur,CHC,GUJARAT,22.187077779785383,69.96364999965134
Bodeli,CHC,GUJARAT,22.18983379969865,73.52837701980023
Panvad,CHC,GUJARAT,22.20804553969557,74.03605413004635
Vinchhiya  CHC,CHC,GUJARAT,22.212214740381064,71.37818431954342
Vadu,CHC,GUJARAT,22.218336689899857,72.98410036017628
Swaminarayan Hospital CY,CHC,GUJARAT,22.227533700444177,70.768955499714
Chc Paliyad,CHC,GUJARAT,22.249889819835666,71.55005912927942
Jambugam,CHC,GUJARAT,22.2882330602818,73.7662030600681
CHC GANDHWANI,CHC,MADHYA PRADESH,22.340738329361667,75.00684832996494
Ras,CHC,GUJARAT,22.343918839694112,72.83390862932255
Pavi Jetpur,CHC,GUJARAT,22.344369999728304,73.84255500023089
Tejgadh,CHC,GUJARAT,22.347868070391453,73.89926192958367
Chc Ranpur,CHC,GUJARAT,22.3546200001771,71.71507400016232
Kuvadva,CHC,GUJARAT,22.359622399816768,70.94266805950203
CHC Bagh,CHC,MADHYA PRADESH,22.361589219676038,74.79402727022801
Jambughoda,CHC,GUJARAT,22.36839433935777,73.73086783016389
Bajwa,CHC,GUJARAT,22.369295019943216,73.14383890976258
Dharmaj,CHC,GUJARAT,22.411811959816013,72.79422892032889
Jarod,CHC,GUJARAT,22.431389949973223,73.32574120967162
Sudamada,CHC,GUJARAT,22.44057243942195,71.48647825993154
Zoz,CHC,GUJARAT,22.445201129467826,73.96331112033354
Vasad,CHC,GUJARAT,22.45288491990699,73.06276798017345
Tarapur,CHC,GUJARAT,22.48382346007337,72.66129927975514
CHC Katthiwada,CHC,MADHYA PRADESH,22.48447332971382,74.14590666991029
Chuda,CHC,GUJARAT,22.48530175019348,71.69862704027277
Kadval,CHC,GUJARAT,22.49346180037709,73.76265802049609
CHC Tanda,CHC,MADHYA PRADESH,22.50109599987655,74.85492199990827
CHC UDAIGARH,CHC,MADHYA PRADESH,22.530942999736343,74.53837899967628
Sayla,CHC,GUJARAT,22.539369599641496,71.4839941100488
Bekariya,CHC,RAJASTHAN,24.7063200000134,73.195310000397
Mehlav,CHC,GUJARAT,22.56699532942021,72.82185803970486
Ghoghamba,CHC,GUJARAT,22.57023712035133,73.64366105953621
Malav,CHC,GUJARAT,22.604419049817853,73.5503759903538
CHC Akhdol,CHC,GUJARAT,22.62363601006768,72.84059216959656
Dhanpur,CHC,GUJARAT,22.633858300802835,74.0975677998557
Bagodra,CHC,GUJARAT,22.64068876018467,72.20084827037003
CHC PARA,CHC,MADHYA PRADESH,22.64277100012428,74.65657899957061
Tankara,CHC,GUJARAT,22.65895502013676,70.7476920903763
Jodiya,CHC,GUJARAT,22.69515277975896,70.31257499942635
Alindra,CHC,GUJARAT,22.699813459305872,72.97079602964581
Kasarshirshi,CHC,MAHARASHTRA,17.924337799965738,76.7552941000004
Pimpode Budruk,CHC,MAHARASHTRA,17.93507099999442,74.10637800005524
Wai,CHC,MAHARASHTRA,17.94868199947001,73.89189000042595
Burgampadu,CHC,TELANGANA,17.982675000144887,80.78699199945864
Lohara,CHC,MAHARASHTRA,17.988511599575947,76.32609920017173
Sparsh RH Sastur pride India,CHC,MAHARASHTRA,17.998889000288067,76.500832999809
HULSOOR,CHC,KARNATAKA,18.01129999961931,77.0039000000345
CHC NARAYANKHED,CHC,TELANGANA,18.032944500518862,77.78055819963545
Madha,CHC,MAHARASHTRA,18.033089999570574,75.52100000001064
Talwara,CHC,RAJASTHAN,23.5667699994796,74.32177000040608
Kurduvadi,CHC,MAHARASHTRA,18.03610000044587,75.51800000066085
Khandala,CHC,MAHARASHTRA,18.05917999996993,74.01262900043594
Killari,CHC,MAHARASHTRA,18.071204100342225,76.59216650059625
Kalimela,CHC,ORISSA,18.07243000023952,81.75151000016878
Anjangaon Suraji RH,CHC,MAHARASHTRA,18.08333300005889,75.60000000025619
NITTUR B,CHC,KARNATAKA,18.101499999596157,77.35199999962903
Deoni,CHC,KARNATAKA,18.18999999974735,77.1999999996342
Yellareddy,CHC,TELANGANA,18.195223999880927,78.01668500018663
Pitlam,CHC,TELANGANA,18.22370600009908,77.82243299951807
Domakonda,CHC,TELANGANA,18.25050599972384,78.43824700038611
Paloda,CHC,RAJASTHAN,23.7593899997764,74.17073000031098
Pangari,CHC,MAHARASHTRA,18.293099999303763,75.86569999932398
Washi,CHC,MAHARASHTRA,18.5422220000222,75.77888900035931
Kotagiri,CHC,TELANGANA,18.57373200021727,77.82243299951807
Dharpally,CHC,TELANGANA,18.577833000321053,78.36857899934934
Dhanora,CHC,MAHARASHTRA,18.591382519436813,76.27468467016251
Dichpally,CHC,TELANGANA,18.604465999690888,78.2105860003276
Jalkot,CHC,MAHARASHTRA,18.629167000356336,77.18111100018753
Nandurghat,CHC,MAHARASHTRA,18.677816800180203,75.83703249934477
Babhalgaon,CHC,MAHARASHTRA,18.68834450004481,76.64704700046616
Kuakonda,CHC,CHATTISGARH,18.722934999746936,81.41984166934103
Matar,CHC,GUJARAT,22.708549279574772,72.66412940049821
Desar,CHC,GUJARAT,22.713786979979652,73.29716484018473
Agasvani,CHC,GUJARAT,22.72937419972724,74.06819880008125
Ranagadh,CHC,GUJARAT,22.76805931018725,71.98496344976276
CHC RAMA,CHC,MADHYA PRADESH,22.77265461017468,74.69629619975264
Katwara,CHC,GUJARAT,22.7806380599917,74.34249110938315
Navagam,CHC,GUJARAT,22.797658000449648,72.57716400000085
Piplod,CHC,GUJARAT,22.80782056986736,73.91187369047113
Timba,CHC,GUJARAT,22.81475067954862,73.3998180504947
Kankanpur,CHC,GUJARAT,22.831858209636845,73.48824744978363
Mundra,CHC,GUJARAT,22.83218986973962,69.72340993019516
Limkheda,CHC,GUJARAT,22.832576220161123,73.98901081029453
Adani Hospital CY,CHC,GUJARAT,22.83969999986344,69.72369999979368
Geeta Hospital CY,CHC,GUJARAT,22.84303559963429,69.75252140004567
Lakhtar,CHC,GUJARAT,22.854217499850183,71.78698981960191
CHC KALYANPURA,CHC,MADHYA PRADESH,22.85963799949318,74.64589900012459
Rajsitapur,CHC,GUJARAT,22.8696444193258,71.58181941020422
MorvaHadaf,CHC,GUJARAT,22.9196365393257,73.84171302009489
Haldarwas,CHC,GUJARAT,22.93759868971073,72.86420139005986
Singwad,CHC,GUJARAT,22.958349139516255,73.96042639998753
Kothamba,CHC,GUJARAT,23.014547669870023,73.52223633953724
PETHAPUR,CHC,GUJARAT,23.04833040062851,74.23410793035474
Boriya,CHC,GUJARAT,23.048436319554668,73.65527710979644
Mora,CHC,GUJARAT,23.05327292919035,73.8474872802484
CHC Attarsumba,CHC,GUJARAT,23.05439000020868,72.97010499971518
Maa Hospital CY,CHC,GUJARAT,23.067160000216973,70.12691599979635
Amodara,CHC,GUJARAT,23.099055510340143,73.28738375070758
Kalyanpura,CHC,GUJARAT,23.12946348008539,72.19263558009015
Thol,CHC,GUJARAT,23.13262305952482,72.37612642032344
Sukhsar,CHC,GUJARAT,23.14404392052086,74.02558752000623
Adalaj,CHC,GUJARAT,23.164957940100862,72.58209942951174
Virpur,CHC,GUJARAT,23.18494799976808,73.48547199961047
Kushalgarh,CHC,RAJASTHAN,23.196760000159355,74.43948999990137
Rakhiyal,CHC,GUJARAT,23.253477870103826,72.91606803945663
Sajjangarh,CHC,RAJASTHAN,23.26062000022821,74.29628000058862
Fatepura,CHC,GUJARAT,23.260779030192005,74.04055421980091
Kadana,CHC,GUJARAT,23.28832703016368,73.83826604960242
Mandal,CHC,GUJARAT,23.290032719697173,71.9179168198616
Kadi,CHC,GUJARAT,23.304630159901,72.34010668944408
Chhala,CHC,GUJARAT,23.307548770162946,72.775530749998
CHC Bajna,CHC,MADHYA PRADESH,23.313677860354325,74.63538351005491
Detroj,CHC,GUJARAT,23.332888559733814,72.18921050064287
Nardipur,CHC,GUJARAT,23.3356219098928,72.56011504041189
Bakor,CHC,GUJARAT,23.341423519903216,73.60487565934048
Lakadiya,CHC,GUJARAT,23.341525419448395,70.57332174011981
Dhansura,CHC,GUJARAT,23.350629989971708,73.20999090028573
Kalinjara,CHC,RAJASTHAN,23.35109999945818,74.30133000033253
Nakhatrana,CHC,GUJARAT,23.35570646023223,69.25394854003258
Anandpuri,CHC,RAJASTHAN,23.3826500001215,74.02960000063129
Bagidora,CHC,RAJASTHAN,23.40432699990918,74.26726100061853
Langhanj,CHC,GUJARAT,23.44472529025187,72.4955144700288
CHC Sailana,CHC,MADHYA PRADESH,23.462771399845334,74.92780062019467
Jotana,CHC,GUJARAT,23.465308179459274,72.29790915003275
Palasava,CHC,GUJARAT,23.467900009382248,70.92648540013876
Bodigama,CHC,RAJASTHAN,23.46888300059936,74.30835799960226
Takhatgadh,CHC,GUJARAT,23.48242514009258,73.04896138000802
Charada,CHC,GUJARAT,23.482435200142152,72.654180089806
Meghraj CHC,CHC,GUJARAT,23.48891338973127,73.50385460974833
dungarsaran,CHC,RAJASTHAN,23.49534199962537,73.86248899996613
Shankheshwar,CHC,GUJARAT,23.50846341973684,71.79055968052357
Becharaji,CHC,GUJARAT,23.51835537944732,72.02961417951889
Choti Sarwan,CHC,RAJASTHAN,23.51875699981253,74.62247599952141
Arthuna,CHC,RAJASTHAN,23.52248799967361,74.06472499960618
Galiyakot,CHC,RAJASTHAN,23.53438300013071,74.01927000009137
Medhasan,CHC,GUJARAT,23.545733449755847,73.22773176027286
Rupal,CHC,GUJARAT,23.55051767994764,73.1227385302759
Udalpur,CHC,GUJARAT,23.562313089879314,72.48347134990266
Simalwara,CHC,RAJASTHAN,23.565942000555022,73.7441130003447
Badrel,CHC,RAJASTHAN,23.566451000093327,74.32143700032013
Surwania,CHC,RAJASTHAN,23.566451000093327,74.32143700032013
Kolawada,CHC,GUJARAT,23.57463903011581,72.67135056989335
Gari,CHC,RAJASTHAN,23.58037500001551,74.15353599963457
Jolana,CHC,RAJASTHAN,23.58907100027344,74.17684099933867
Partapur,CHC,RAJASTHAN,23.58925999968516,74.17787000063203
Gambhoi,CHC,GUJARAT,23.598932170094827,73.09660946986365
Parthipura,CHC,RAJASTHAN,23.612126999297622,74.62394700068063
Shifa Gaynec Hospital CY,CHC,GUJARAT,23.61687199977266,72.95016799960689
Dayapar,CHC,GUJARAT,23.633286670824244,68.90286856004438
Obri,CHC,RAJASTHAN,23.640150999830684,73.89412900006764
Isari,CHC,GUJARAT,23.64163220037141,73.45958809033755
Sareri Badi,CHC,RAJASTHAN,23.661449999741457,74.23260600020028
Buchia Bada,CHC,RAJASTHAN,23.665707999988108,74.0241370004355
Sami,CHC,GUJARAT,23.68123501040848,71.77286298980067
Lanva,CHC,GUJARAT,23.68305999987391,72.24666200041548
Geji,CHC,RAJASTHAN,23.7130679997776,73.69646100012265
Davad,CHC,GUJARAT,23.725142419547645,72.85513502986716
Ghatol,CHC,RAJASTHAN,23.75972699981868,74.41298999995547
Santalpur,CHC,GUJARAT,23.761952740158325,71.1689287800687
Saroda,CHC,RAJASTHAN,23.76446900015992,74.08288400020523
Sander,CHC,GUJARAT,23.768003000772264,72.25925499998827
Shikrapur,CHC,MAHARASHTRA,18.30000000021206,74.55000000055206
Jamkhed,CHC,MAHARASHTRA,18.7293610003638,75.31442000008319
Mahadevpoor,CHC,TELANGANA,18.731470000423563,79.98361099975497
Gangaloor,CHC,CHATTISGARH,18.755194189750995,81.02777092962616
Navipet,CHC,TELANGANA,18.77176300010809,78.01453000021051
Kateklyan,CHC,CHATTISGARH,18.80151651016436,81.63789986945511
Ashti,CHC,MAHARASHTRA,18.80439130005094,75.16803940056842
Cotage Neknoor,CHC,MAHARASHTRA,18.80671639994949,75.78075249972069
Morthad,CHC,TELANGANA,18.81253500008114,78.46311700006248
Sironcha,CHC,MAHARASHTRA,18.847178999523425,79.96813200063525
Bichiwara,CHC,RAJASTHAN,23.783332999902598,73.51666700037137
Gamriahara,CHC,RAJASTHAN,23.78357600009748,73.6124100003083
Varahi,CHC,GUJARAT,23.794416050622548,71.44384747024517
Janan,CHC,GUJARAT,23.830065699329356,70.29925352993857
sabla,CHC,RAJASTHAN,23.839281999212776,74.17537300034915
Damri,CHC,RAJASTHAN,23.842255000143943,73.85541899996532
Khavada,CHC,GUJARAT,23.84525066920673,69.72952885056704
CHC Chorimala,CHC,GUJARAT,23.859867339641426,73.31417087018458
Punjpur,CHC,RAJASTHAN,23.8710339997405,74.03735599999715
Arnod,CHC,RAJASTHAN,23.88050099979629,74.81483499925638
Biliya,CHC,GUJARAT,23.889082570230794,72.38385852001119
Kahoda,CHC,GUJARAT,23.890448429842035,72.438230139544
Chorivad,CHC,GUJARAT,23.897280280174908,73.12538806000246
Sariyad,CHC,GUJARAT,23.928090000497647,71.99806900018888
Aspur,CHC,RAJASTHAN,23.94756800051105,74.08483800033989
Mungana,CHC,RAJASTHAN,23.948605999961423,74.45571899975687
Dhelana,CHC,RAJASTHAN,23.971574999875696,73.72130599968466
Kuvara,CHC,GUJARAT,23.98059488051246,72.26910591012256
Vagdod,CHC,GUJARAT,23.98602200001957,72.1489649994456
Kakoshi,CHC,GUJARAT,24.00657338990863,72.30050695027367
Shradha Hospital  CY,CHC,GUJARAT,24.00762666961636,73.36066013961191
Vijaynagar,CHC,GUJARAT,24.00762666961636,73.36066013961191
Satlasana,CHC,GUJARAT,24.0232538201692,72.79418762028371
Jangral,CHC,GUJARAT,24.036044000310547,72.16274100029749
Shihori,CHC,GUJARAT,24.04046799962952,71.94019300063039
Memadpur,CHC,GUJARAT,24.058769719480196,72.51832327001436
Semari,CHC,RAJASTHAN,24.06234999988294,73.83109999993478
Kherwada,CHC,RAJASTHAN,24.068610000015525,73.93541000007271
Rishabhdev,CHC,RAJASTHAN,24.07811899961617,73.6918809998337
Vadgam,CHC,GUJARAT,24.080360610489368,72.48757105963679
Dhariawad,CHC,RAJASTHAN,24.10170200010253,74.44194399962821
Moriya,CHC,GUJARAT,24.10706434993214,72.66787672989244
Deodar,CHC,GUJARAT,24.108546999492567,71.78071600003067
Khimana,CHC,GUJARAT,24.11089700016784,71.92921700001008
Matoda,CHC,GUJARAT,24.11744800010133,73.01069000030945
Sarada,CHC,RAJASTHAN,24.131549999975952,73.78589999978973
Thara,CHC,RAJASTHAN,24.13470699987465,73.93451199919895
Suigam,CHC,GUJARAT,24.15466729053169,71.3554701894124
bhildi,CHC,GUJARAT,24.18120499947194,72.00188806005853
Baravarda,CHC,RAJASTHAN,24.186040000303237,74.70005199936168
Danta,CHC,GUJARAT,24.192151999802533,72.76517599997368
Parsaad,CHC,RAJASTHAN,24.193610999961656,73.7051229998599
Chandisar,CHC,GUJARAT,24.218783909594624,72.31093867064645
kotarwada,CHC,GUJARAT,24.239149999527715,71.65120299923215
Phalasiya,CHC,RAJASTHAN,24.24336200024011,73.38166099923983
Lasadia,CHC,RAJASTHAN,24.25790599938021,74.2407330001852
VIRAMPUR,CHC,GUJARAT,24.268052089467908,72.66064092065311
Lakhani,CHC,GUJARAT,24.31269500025333,71.82297389005943
Vav,CHC,GUJARAT,24.357355710060062,71.51181158008872
Jhadol S,CHC,RAJASTHAN,24.359157699763628,73.53143060006347
Kotda,CHC,RAJASTHAN,24.363309999536497,73.17708000055117
Poshina,CHC,GUJARAT,24.366569030543,73.02991380006591
Gingla,CHC,RAJASTHAN,24.37699999924408,74.06740000016428
Dhunsol,CHC,GUJARAT,24.38552889967885,71.94471660019425
Amirgadh,CHC,GUJARAT,24.403049000432777,72.64541599923169
Jhadol Ph,CHC,RAJASTHAN,24.4139500000576,73.47818300022485
Kurabad,CHC,RAJASTHAN,24.421050000306973,73.96659999991242
Rah,CHC,GUJARAT,24.49104899991919,71.8290900005011
CHC KHIMAT,CHC,GUJARAT,24.491962999808763,72.17951099975306
Panthawada,CHC,GUJARAT,24.496733999845365,72.30586900049278
Tadav,CHC,GUJARAT,24.49916003002801,71.43616498990048
Dungla,CHC,RAJASTHAN,24.5052249999926,74.3323529997677
Ogana,CHC,RAJASTHAN,24.521630999530945,73.36055400006782
Binota,CHC,RAJASTHAN,24.529798999335423,74.56873099981502
Nai,CHC,RAJASTHAN,24.54071999993673,73.50091999966638
Piluda,CHC,GUJARAT,24.551211999805115,71.6976779998195
Nikumbh,CHC,RAJASTHAN,24.56440400043221,74.49162100013005
Menar,CHC,RAJASTHAN,24.59959999962306,74.10639999979652
JADIYA,CHC,GUJARAT,24.609038999970476,72.03261100062922
Rohida,CHC,RAJASTHAN,24.610093999846683,72.96377299985623
Reodar,CHC,RAJASTHAN,24.619359000228997,72.52935600014318
Badgaon,CHC,RAJASTHAN,24.636660000218523,73.6801090002435
Sarupganj,CHC,RAJASTHAN,24.65452500042151,72.92538599979409
Mandphiya,CHC,RAJASTHAN,24.661370000303187,74.39997200023527
Vallabhunagar,CHC,RAJASTHAN,24.67219999949293,74.00360000027759
Bhadesar,CHC,RAJASTHAN,24.68040100005978,74.50932000042152
Khemli,CHC,RAJASTHAN,24.692019999826712,73.85043999946816
Kanera,CHC,RAJASTHAN,24.71453999993985,74.89321899955874
Raniwada,CHC,RAJASTHAN,24.74743100062688,72.20504799942618
Padrada,CHC,RAJASTHAN,24.75216300007032,73.52701900065263
Sawa,CHC,RAJASTHAN,24.756161000281363,74.57907100040069
Delwara,CHC,RAJASTHAN,24.775213000321592,73.7463150001765
Mavli,CHC,RAJASTHAN,24.783330000060783,73.98333000008336
Jaswantpura,CHC,RAJASTHAN,24.80234999978028,72.46005099932954
Ghatiyawali,CHC,RAJASTHAN,24.81126200081207,74.68477799938303
Handecha,CHC,RAJASTHAN,24.814444000007597,71.6597220006509
Gosunda,CHC,RAJASTHAN,24.853924000233658,74.54046899935506
Bhopalsagar,CHC,RAJASTHAN,24.85614099968972,74.20912800024382
Karda,CHC,RAJASTHAN,24.89389999989748,72.09720000071142
Vijypur,CHC,RAJASTHAN,24.8952429994919,74.8102460005432
Venkatapuram,CHC,TELANGANA,18.302824000417125,80.55217799955861
Naigaon,CHC,MAHARASHTRA,18.85120909965541,77.53259910008065
Balkonda,CHC,TELANGANA,18.86963800005719,78.33586100024561
DARBHA,CHC,CHATTISGARH,18.8714320496769,81.8697851100006
Luxetipet,CHC,TELANGANA,18.875479999487343,79.20282000007813
Narwali,CHC,RAJASTHAN,23.75972699981868,74.41298999995547
Mudhole,CHC,TELANGANA,18.922479999774783,77.8638800001028
Sirpoor T,CHC,TELANGANA,18.936331999831665,78.67816599938331
Chinchwan,CHC,MAHARASHTRA,18.93892869998828,76.04644349946595
Nangoor,CHC,CHATTISGARH,18.94322440927957,82.04362886963422
Kalandari,CHC,RAJASTHAN,24.91916999945946,72.68660000005067
Khamnor,CHC,RAJASTHAN,24.92378000011905,73.72130599968466
Dariba,CHC,RAJASTHAN,24.949999999308957,74.13329999977552
Gogunda,CHC,RAJASTHAN,24.97999999961183,73.52999999973584
Sedwa,CHC,RAJASTHAN,24.98520999997271,71.07358999955174
Bera,CHC,RAJASTHAN,24.99965700008557,73.17331299984886
Jhalo Ki Madar,CHC,RAJASTHAN,25.00170099982337,73.65803599952736
Bassi,CHC,RAJASTHAN,25.01726099964967,74.77282400040365
Railmagra,CHC,RAJASTHAN,25.0203120002086,74.11300299981714
Gangarar,CHC,RAJASTHAN,25.05593399944214,74.61954699941839
Rashmi,CHC,RAJASTHAN,25.060899000506723,74.36094700048865
JALAHALLI,CHC,KARNATAKA,16.364399999864755,76.78449999985523
Siyana,CHC,RAJASTHAN,25.141367999409933,72.68167699963004
Sadas,CHC,RAJASTHAN,25.1429219998619,74.75378800064387
Kelwara,CHC,RAJASTHAN,25.15028599953999,73.58321199933975
Kelwa,CHC,RAJASTHAN,25.15081700016115,73.84484699957605
Dhorimanna,CHC,RAJASTHAN,25.15766999952122,71.3936600002865
Hamirgarh CHC,CHC,RAJASTHAN,25.18620299946877,74.63169699930036
Sahada CHC,CHC,RAJASTHAN,25.188359000364517,74.24154100064732
Potla,CHC,RAJASTHAN,25.188359000364517,74.24154100064732
Gudamalani,CHC,RAJASTHAN,25.24821000016982,71.7628000000042
Sayla,CHC,RAJASTHAN,25.257020999642894,72.19640300030571
Bigod,CHC,RAJASTHAN,25.260541999563564,75.01071099944839
Desuri,CHC,RAJASTHAN,25.27515800020158,73.5682470000559
Sanderao,CHC,RAJASTHAN,25.304360000576004,73.17331299984886
Suwana CHC,CHC,RAJASTHAN,25.338771999746896,74.6985889994967
Ahore,CHC,RAJASTHAN,25.36666700028876,72.78333300002458
Nadol,CHC,RAJASTHAN,25.36991900043587,73.45519099961686
Koselave,CHC,RAJASTHAN,25.37352100028236,73.12610900023877
Kosithal,CHC,RAJASTHAN,25.398138000069032,74.16867999991688
Kotri CHC,CHC,RAJASTHAN,25.398849000043803,74.89977300007384
Raipur CHC,CHC,RAJASTHAN,25.402258999830245,74.16541199988015
Mandawla,CHC,RAJASTHAN,25.426799999520817,72.51749999998907
Mandal CHC,CHC,RAJASTHAN,25.439817000542813,74.56979100017217
Chohtan,CHC,RAJASTHAN,25.476999999741498,71.03485000021048
Kareda CHC,CHC,RAJASTHAN,25.513572000669257,74.22651799984051
Ranigaon,CHC,RAJASTHAN,25.55177500054098,71.31711600031599
Nokhra,CHC,RAJASTHAN,25.568299999629268,71.9564999994054
Sindhari,CHC,RAJASTHAN,25.568319999741902,71.9565199994969
Nimbalkot,CHC,RAJASTHAN,25.568319999741902,71.9565199994969
Manihari,CHC,RAJASTHAN,25.666068000175105,73.09955300021637
Detani,CHC,RAJASTHAN,25.703639999527745,71.00319000001747
Ramsar,CHC,RAJASTHAN,25.703649999991868,71.00320000006323
Bhim,CHC,RAJASTHAN,25.741000000279367,74.07994699970631
Kharchi,CHC,RAJASTHAN,25.7518150003376,73.56235700006285
Deoli,CHC,RAJASTHAN,25.75978100016993,73.38053899985668
Phuliyaklan,CHC,RAJASTHAN,25.794439999952136,74.95883999951072
Samdari,CHC,RAJASTHAN,25.807509999963003,72.56145999985189
Jasol,CHC,RAJASTHAN,25.8263899997411,72.18864000036885
Vishala,CHC,RAJASTHAN,25.838950000273037,71.32685000010595
Badnor,CHC,RAJASTHAN,25.841765000325744,74.28248600019337
Bagri Nagar,CHC,RAJASTHAN,25.895763000142395,73.80698199974572
Kawas,CHC,RAJASTHAN,25.90818999949736,71.53433999970444
Bataru,CHC,RAJASTHAN,25.90818999949736,71.53433999970444
Gadra Road,CHC,RAJASTHAN,25.93490000011346,70.5248699994447
Pachpadara,CHC,RAJASTHAN,25.949110000065616,72.1850599992643
Patodi,CHC,RAJASTHAN,25.949149999832816,72.18509999944725
Rohat,CHC,RAJASTHAN,25.954657000403746,73.13507399992471
Raipur,CHC,RAJASTHAN,26.04116399987685,74.0197300003989
Bhinay,CHC,RAJASTHAN,26.05190099966204,74.77028000026512
Tantoti,CHC,RAJASTHAN,26.06400000036506,74.76346500053242
Jawaja,CHC,RAJASTHAN,26.06932499982656,74.3067219994849
Masuda,CHC,RAJASTHAN,26.09245900069833,74.50677700010792
Kusalpura,CHC,RAJASTHAN,26.097409000021475,73.95802500021382
Kalayanpur,CHC,RAJASTHAN,26.108100000118707,72.53284000008995
Salawas,CHC,RAJASTHAN,26.116666999876166,72.98333300039596
Bandanwara,CHC,RAJASTHAN,26.125179000539447,74.69008599976812
Sheo,CHC,RAJASTHAN,26.131679999387977,71.42527999939824
Nimaj,CHC,RAJASTHAN,26.148390000418505,74.0021020002525
Borada,CHC,RAJASTHAN,26.207099999685056,75.0494330001446
Luni,CHC,RAJASTHAN,26.236371000088404,73.73963299961488
Banaad,CHC,RAJASTHAN,26.3316309993964,73.14845999989095
shergarh,CHC,RAJASTHAN,26.352806000774912,72.21807000024265
Balesar,CHC,RAJASTHAN,26.352806000774912,72.21807000024265
Pisangan,CHC,RAJASTHAN,26.39052499942904,74.37927400041886
Phalsund,CHC,RAJASTHAN,26.39627400064078,71.92383200053042
Shrinagar,CHC,RAJASTHAN,26.43425199954349,74.78087199984753
Ner,CHC,MAHARASHTRA,19.768399999771717,76.19259999986008
Makdi,CHC,CHATTISGARH,19.774840079674597,81.90539272976025
Mandvi,CHC,MAHARASHTRA,19.79705350025239,78.27893649982936
Sawana,CHC,MAHARASHTRA,19.814514199791656,77.72767070025827
Gondpipri,CHC,MAHARASHTRA,19.83657759917742,79.38373899958559
Badnapur,CHC,MAHARASHTRA,19.86708800016593,75.5393639997508
Karmad,CHC,MAHARASHTRA,19.867819999930973,75.54230899974732
Chamorshi,CHC,MAHARASHTRA,19.869422999914946,80.00028999987232
Zari Jamni,CHC,MAHARASHTRA,19.8715935004142,78.76330379989304
Koilibeda,CHC,CHATTISGARH,19.96201725966443,80.98138614953776
Dhanora,CHC,CHATTISGARH,19.985699999983407,81.46406000042504
Hatabharandi,CHC,ORISSA,20.015130000428734,81.9145700004495
R H Bibi,CHC,MAHARASHTRA,20.020572999323495,76.37562300018834
Paud,CHC,MAHARASHTRA,18.312549999647644,73.3707799999524
BADE KILEPAL,CHC,CHATTISGARH,18.98859765064069,81.64097500030202
RH Panvel,CHC,MAHARASHTRA,18.990472399309912,73.10418290012274
Raimoha,CHC,MAHARASHTRA,18.992391500189857,75.50292009966566
Chichondipatil,CHC,MAHARASHTRA,19.001750999602244,74.92538500009003
Parner,CHC,MAHARASHTRA,19.00266999963908,74.43550100033953
Palam,CHC,MAHARASHTRA,19.009997399993274,76.9499027992104
TOKAPAL,CHC,CHATTISGARH,19.011513330564277,81.87652667066223
RH Kashele,CHC,MAHARASHTRA,19.02869000040735,73.2554600006556
Godegaon,CHC,MAHARASHTRA,19.083000000202933,73.6670000002867
Sawali,CHC,MAHARASHTRA,20.0648290999782,79.80165690029173
Phulambri,CHC,MAHARASHTRA,20.080588889980337,75.4141249998178
R H Deulgaon Mahi,CHC,MAHARASHTRA,20.08880099982408,76.18127200068388
Maregaon,CHC,MAHARASHTRA,20.103552020095552,78.80535577988898
Umarkhed,CHC,MAHARASHTRA,20.1062339998631,78.83514400005035
Tembhurni,CHC,MAHARASHTRA,20.126705000120168,75.9938480001668
Digras,CHC,MAHARASHTRA,20.13331310073056,77.70904500061461
Ghatanji,CHC,MAHARASHTRA,20.171988999700385,78.32428000045113
Jafrabad,CHC,MAHARASHTRA,20.196756999760343,76.0102990006785
Manora,CHC,MAHARASHTRA,20.21967700016242,77.55798299987991
Durgukondal,CHC,CHATTISGARH,20.222264250162187,80.94605401971958
Malegaon,CHC,MAHARASHTRA,20.240294000325083,76.99356100017206
Dhanora,CHC,MAHARASHTRA,20.27172299963684,80.30948199989606
Sindewahi,CHC,MAHARASHTRA,20.288030999835154,79.66104899965852
Mainpur,CHC,CHATTISGARH,20.291365000559,82.23514167074458
Chatari,CHC,MAHARASHTRA,20.29339500060541,76.47115100004011
Pishor,CHC,MAHARASHTRA,20.294501999655918,75.33564200067953
Dhanelikanhar,CHC,CHATTISGARH,20.301404770145083,81.34570159969834
Barshitakli,CHC,MAHARASHTRA,20.34364200012851,77.35417999971949
Manpur,CHC,CHATTISGARH,20.37444209992799,80.7296120397186
Amoda,CHC,CHATTISGARH,20.37895629047932,81.57791067032736
Balapur,CHC,MAHARASHTRA,20.393422000320648,76.46144400001434
R H Dhad,CHC,MAHARASHTRA,20.3958619999714,75.99976999994693
Ralegaon,CHC,MAHARASHTRA,20.4187720005342,78.52060000015884
Lohi,CHC,MAHARASHTRA,20.43000000025722,77.65000000002071
Wadner,CHC,MAHARASHTRA,20.44309899958876,78.74519299929885
Ajintha,CHC,MAHARASHTRA,20.53076110948319,75.74580832981586
R H Lakhanwada,CHC,MAHARASHTRA,20.559121999946903,76.6434370001227
Pimpalgaon Hareshwar,CHC,MAHARASHTRA,20.56979599950756,75.4252620000966
Bhidi,CHC,MAHARASHTRA,20.57622500018421,78.4022140004917
Mohla,CHC,CHATTISGARH,20.58406294998598,80.74715445018133
Nagbhir,CHC,MAHARASHTRA,20.58463489978241,79.68108149966466
Soygaon,CHC,MAHARASHTRA,20.590036110323236,75.61584166991739
Samudrapur,CHC,MAHARASHTRA,20.637282000196347,78.98689299997497
R H Motala,CHC,MAHARASHTRA,20.674473000461283,76.20593099957475
CHC Gurur,CHC,CHATTISGARH,20.683554450478173,81.40576399984369
Nandgaon Khandeshwar RH,CHC,MAHARASHTRA,20.688145000527747,77.83613200037705
Pahur,CHC,MAHARASHTRA,20.70859199945929,75.68069500017029
Korchi,CHC,MAHARASHTRA,20.71710199981446,80.47030400035997
Lakhandur,CHC,MAHARASHTRA,20.75011430019383,79.88496599947923
Bhiwapur,CHC,MAHARASHTRA,20.76381899976429,79.51766999939304
Pachora,CHC,MAHARASHTRA,20.797521999909776,75.38337699984395
RH Arjuni Morgaon,CHC,MAHARASHTRA,20.815173999603008,80.02716100043726
Gujra,CHC,CHATTISGARH,20.83120138022049,81.59080930999745
MALKHED,CHC,KARNATAKA,17.19870000007684,77.16039999995232
Bodvad,CHC,MAHARASHTRA,20.88078600012459,75.99243200015748
RH Navegaon Bandh,CHC,MAHARASHTRA,20.910134000523666,80.08071900054591
Deori Bangla,CHC,CHATTISGARH,20.92745666924717,81.05017166989394
Adyal,CHC,MAHARASHTRA,20.941468999817182,79.70192700015575
CHC NAWAPARA,CHC,CHATTISGARH,20.98686244076849,81.874921670507
Erandol,CHC,MAHARASHTRA,20.992854999786783,75.3300000003836
Varangaon,CHC,MAHARASHTRA,21.01156100027621,75.90042099986445
R H Warwat Bakal,CHC,MAHARASHTRA,21.021540000008294,76.71454699931144
Bhusawal MCL,CHC,MAHARASHTRA,21.050000000247028,75.76999999994307
Nikum,CHC,CHATTISGARH,21.056543330328296,81.2017933300338
Lakhani,CHC,MAHARASHTRA,21.066996399777256,79.82254890027687
RH Deori,CHC,MAHARASHTRA,21.06880299945884,80.36000000047194
RH Chichgad,CHC,MAHARASHTRA,21.06880299945884,80.36498999994143
Saundad,CHC,MAHARASHTRA,21.071121899290265,80.08895899961044
Teosa RH,CHC,MAHARASHTRA,21.082151000248437,78.05934899969071
RH Sadak Arjuni,CHC,MAHARASHTRA,21.092350000321098,80.27251999916574
Amalgaon,CHC,MAHARASHTRA,21.127747000197356,75.11586199966035
NGMC Indira Gandhi Rugnalaya,CHC,MAHARASHTRA,21.13325510005589,79.05391200039293
Kalameshwar,CHC,MAHARASHTRA,21.14010199939564,78.55031199916665
Telhara,CHC,MAHARASHTRA,21.14683999987192,76.4958530003853
Jheet,CHC,CHATTISGARH,21.152325000100507,81.55470667000725
Karanja,CHC,MAHARASHTRA,21.161680999784064,78.4039310007999
NGMC Pachpaoli maternity home,CHC,MAHARASHTRA,21.17299900016512,79.10010399932642
Nhavi,CHC,MAHARASHTRA,21.194534999786978,75.83450299981155
Somni,CHC,CHATTISGARH,21.20024225999095,81.18148771972339
Saoner MCL,CHC,MAHARASHTRA,21.230822999336716,78.551293999706
Tumgaon,CHC,CHATTISGARH,21.26969667026045,82.10086000009125
Ghumka,CHC,CHATTISGARH,21.289265519989108,81.09839036961803
RH Salekasa,CHC,MAHARASHTRA,21.302269999905377,80.49168800043972
Mohadi,CHC,MAHARASHTRA,21.308333000451945,79.6750000004126
Bori,CHC,CHATTISGARH,21.352154640229056,81.27061293067523
Pal,CHC,MAHARASHTRA,21.361772000333083,75.90153700029812
CHC Khaknar,CHC,MADHYA PRADESH,21.36461500032477,76.56065166994978
RH Amgaon,CHC,MAHARASHTRA,21.37712100046867,80.3770000000813
Parseoni,CHC,MAHARASHTRA,21.381474999936565,79.17297400027769
Ahiwara,CHC,CHATTISGARH,21.39530333010699,81.43395333019038
Dharsiwa,CHC,CHATTISGARH,21.406137209503704,81.6714884797996
CHC Warla,CHC,MADHYA PRADESH,21.431370000340827,75.17717200073353
Narkhed,CHC,MAHARASHTRA,21.463292999827416,78.537140000359
Churni RH,CHC,MAHARASHTRA,21.549199999890856,76.88299999946771
RH Rajegaon,CHC,MAHARASHTRA,21.56822099920708,80.23909999990515
Deolapar,CHC,MAHARASHTRA,21.584658000654915,79.37896700057433
CHC KHAIRLANJI,CHC,MADHYA PRADESH,21.59489800011219,79.9696280001122
Akot,CHC,MAHARASHTRA,21.61850999983954,77.33909999990959
CHC KIRNAPUR,CHC,MADHYA PRADESH,21.623918999323934,80.33384400048261
Ter,CHC,MAHARASHTRA,18.320000000249056,76.14000000000135
Takli dhokheshwar,CHC,MAHARASHTRA,19.15671599959825,74.37502499966772
LOHANDIGUDA,CHC,CHATTISGARH,19.17148487943143,81.75056794052357
Talkhed,CHC,MAHARASHTRA,19.18287069960995,76.03411379969621
Barad,CHC,MAHARASHTRA,19.223274000183512,77.46223899921975
Goveli,CHC,MAHARASHTRA,19.265594000235087,73.23889699999091
BAKAWAND,CHC,CHATTISGARH,19.27100383075075,82.09594413049734
Kosagumuda,CHC,ORISSA,19.274430000136416,82.24437999992371
Ambadiphata,CHC,MAHARASHTRA,19.27596799980984,73.45740000001965
Health Unit Paithan,CHC,MAHARASHTRA,19.284367999978837,75.22588000021649
CHC Bhainsdehi,CHC,MADHYA PRADESH,21.63000000054325,77.6200000002345
Gandai,CHC,CHATTISGARH,21.635210689956843,81.08270687980364
CHC Prabhat Pattan,CHC,MADHYA PRADESH,21.648085300348026,78.26782528030088
CHC JHIRANYA,CHC,MADHYA PRADESH,21.661467300564095,75.9956765200293
CHC RAMPAYLI,CHC,MADHYA PRADESH,21.676252000505546,80.01087099958407
CHC Nandanwadi,CHC,MADHYA PRADESH,21.740479760441,78.55696894930828
CHC Barud,CHC,MADHYA PRADESH,21.74846900036898,75.52621399978611
CHC KATANGI,CHC,MADHYA PRADESH,21.77046400008507,79.80445900078442
CHC khalwa,CHC,MADHYA PRADESH,21.803746999474026,76.74230900017918
CHC Sehra,CHC,MADHYA PRADESH,21.80694299960013,77.87674400073551
CHC Kurai,CHC,MADHYA PRADESH,21.810100639645672,79.50097448913911
Khandsara,CHC,CHATTISGARH,21.821218819608404,81.52827777980093
CHC Chhegoan Makhan,CHC,MADHYA PRADESH,21.836374999639283,76.21688832961017
CHC SEGAON,CHC,MADHYA PRADESH,21.856958330595145,75.33152999929739
CHC BHIKANGAON,CHC,MADHYA PRADESH,21.86356661947098,75.96846584040425
CHC Mohkhed,CHC,MADHYA PRADESH,21.88999405956056,78.83050774995323
CHC Bhimpur,CHC,MADHYA PRADESH,21.9100000004667,77.54999999983501
CHC GOGAWA,CHC,MADHYA PRADESH,21.91659176039132,75.74156687940464
CHC Lalbarra,CHC,MADHYA PRADESH,21.93884899947316,80.050697999945
CHC Gopalganj,CHC,MADHYA PRADESH,21.9832866703478,79.52916832992688
CHC Barghat,CHC,MADHYA PRADESH,22.05942849930218,79.66522709997756
CHC Thikri,CHC,MADHYA PRADESH,22.06492600083403,75.39994499963316
CHC KASRAVAD,CHC,MADHYA PRADESH,22.12089699919485,75.61112799941583
CHC Ghodadongri,CHC,MADHYA PRADESH,22.123000000525785,78.00299999957133
CHC Sirali,CHC,MADHYA PRADESH,22.15537176968731,77.05700746987533
CHC PARASWADA,CHC,MADHYA PRADESH,22.17638799995229,80.29763200048806
CHC Bakaner,CHC,MADHYA PRADESH,22.1827764699778,75.1574148307687
CHC Killod,CHC,MADHYA PRADESH,22.18685553007501,76.78119218019691
CHC Damua,CHC,MADHYA PRADESH,22.191366670096613,78.46136332962605
PHC Singodi,CHC,MADHYA PRADESH,22.19167925988011,79.05696609000093
CHC Jamai,CHC,MADHYA PRADESH,22.19532667012288,78.59619667006842
CHC BAGOD,CHC,MADHYA PRADESH,22.32232500013024,75.87993000063562
CHC Pounar,CHC,MADHYA PRADESH,22.32427832918873,79.27566500001673
CHC Tamia,CHC,MADHYA PRADESH,22.34214167043868,78.67045000020045
KUKDUR,CHC,CHATTISGARH,22.35436964941753,81.35497371990519
CHC Keolari,CHC,MADHYA PRADESH,22.369918780804717,79.90515398977621
CHC Chhapara,CHC,MADHYA PRADESH,22.391631619793067,79.54254311981667
CHC DEPALPUR,CHC,MADHYA PRADESH,22.429552679845003,75.6195098002429
CHC MANPUR,CHC,MADHYA PRADESH,22.42962500061302,75.61956999994334
CHC Dhanora,CHC,MADHYA PRADESH,22.435365059890376,79.05118709033596
pd CHC Pachmari,CHC,MADHYA PRADESH,22.46744600002196,78.4345850001641
CHC Handia,CHC,MADHYA PRADESH,22.486128410226705,76.986703149902
CHC Mawai,CHC,MADHYA PRADESH,22.49572092972633,81.07581824965867
CHC NEW HARSUD,CHC,MADHYA PRADESH,22.502285000171906,77.50174300043878
CHC Dhanaura,CHC,MADHYA PRADESH,22.53140328000587,79.84099795969463
CHC Amzera,CHC,MADHYA PRADESH,22.556384019968448,75.12110638944186
CHC TIRLA,CHC,MADHYA PRADESH,22.572611859756552,75.23698036001147
CHC Khategaon,CHC,MADHYA PRADESH,22.59293332987745,76.91117666985716
CHC BAJAG,CHC,MADHYA PRADESH,22.673169999774974,81.35138700030062
CHC Ghughri,CHC,MADHYA PRADESH,22.677804999375667,80.69478333027723
CHC KARANJIYA,CHC,MADHYA PRADESH,22.71054999939741,81.63896199971784
CHC SAMNAPUR,CHC,MADHYA PRADESH,22.749678999983843,81.10029900033925
CHC Mohgaon,CHC,MADHYA PRADESH,22.77059222006597,80.61813957059776
CHC AMARPUR,CHC,MADHYA PRADESH,22.78667916997545,80.96911327988784
CHC Ladkui,CHC,MADHYA PRADESH,22.806843920005228,77.22428577008407
CHC BETMA,CHC,MADHYA PRADESH,22.846301669943536,75.5384499998818
CHC Ghansore,CHC,MADHYA PRADESH,22.871832599665517,79.89472290002071
CHC Pushprajgarh,CHC,MADHYA PRADESH,22.930799999584664,81.60619999933489
CHC Venkatnagar,CHC,MADHYA PRADESH,22.933500000344896,81.88530000040925
CHC Sonkatch,CHC,MADHYA PRADESH,22.974411670038048,76.34926666960246
CHC SANWER,CHC,MADHYA PRADESH,22.976913610007937,75.82801642055347
CHC Bijadandi,CHC,MADHYA PRADESH,22.981198590098234,80.1503362503624
CHC Karpa,CHC,MADHYA PRADESH,22.991799999884545,81.41970000052913
MARWAHI,CHC,CHATTISGARH,23.001892789805613,82.0554852201313
CHC Badnawar,CHC,MADHYA PRADESH,23.021493330034016,75.2364299999661
CHC Jaithari,CHC,MADHYA PRADESH,23.0431999999915,81.80380000040611
CHC VIKRAMPUR,CHC,MADHYA PRADESH,23.06315300026545,80.90141600022642
CHC Narwar,CHC,MADHYA PRADESH,23.063342879829577,75.91801910048494
pd CHC Rajmarg,CHC,MADHYA PRADESH,23.06573599975446,79.02399499954907
CHC Bilkisganj,CHC,MADHYA PRADESH,23.11671315974498,77.23968024043052
CHC Parasi,CHC,MADHYA PRADESH,23.133300000497727,81.88939999940088
CHC Ingoriya,CHC,MADHYA PRADESH,23.14534499996168,75.55500833020534
CHC Funga,CHC,MADHYA PRADESH,23.187199999829133,81.81699999970118
CHC Singhpur,CHC,MADHYA PRADESH,23.211755740667307,81.41642885010071
CHC Vijayganj Mandi,CHC,MADHYA PRADESH,23.217477259669444,75.96546789011163
CHC Kundam,CHC,MADHYA PRADESH,23.219490000041,80.34792700058286
CHC DHANPURI,CHC,MADHYA PRADESH,23.23079299933933,81.4690930004505
CHC Sundarsi,CHC,MADHYA PRADESH,23.270656339974263,76.44775160985753
CHC Kalapipal,CHC,MADHYA PRADESH,23.337574830362215,76.83690137052656
CHC Pali,CHC,MADHYA PRADESH,23.35000000001897,81.0500000000465
CHC Ghatiya,CHC,MADHYA PRADESH,23.38052021998186,75.86199493027398
CHC Deori,CHC,MADHYA PRADESH,23.400173430265745,79.0205305595193
CHC Shyampur,CHC,MADHYA PRADESH,23.414541669553746,77.08145166990363
CHC Kesli,CHC,MADHYA PRADESH,23.42641499973308,78.80775499945149
CHC JHIKBIJURI,CHC,MADHYA PRADESH,23.469022459821584,81.93188758056291
CHC Gohparu,CHC,MADHYA PRADESH,23.493681590234555,81.40774734075214
CHC Umariyapan,CHC,MADHYA PRADESH,23.509186099857715,80.26937045996556
CHC Jharda,CHC,MADHYA PRADESH,23.603596669824995,75.72631000041699
CHC Moman Badodiya,CHC,MADHYA PRADESH,23.604176030003234,76.34270520947723
CHC Tal,CHC,MADHYA PRADESH,23.617731120306956,75.47737309006531
Gandhari,CHC,TELANGANA,18.393709999782097,78.11758099979966
Cheepurupalli,CHC,ANDHRA PRADESH,17.896884399894116,83.16271340022504
V.Madugula,CHC,ANDHRA PRADESH,17.916822999789893,82.81423899988809
Bhogapuram,CHC,ANDHRA PRADESH,18.037317600103723,83.48945550029038
Paderu,CHC,ANDHRA PRADESH,18.083299999391524,82.66669999945823
S.Kota,CHC,ANDHRA PRADESH,18.098421000350736,83.13556599972523
Gajapathinagaram,CHC,ANDHRA PRADESH,18.29347389996852,83.3339937992291
Palsana,CHC,RAJASTHAN,27.482645000423787,75.38493800051654
Barodamav,CHC,RAJASTHAN,27.483166999522965,76.86921299964351
Gahankar,CHC,RAJASTHAN,27.493877000136973,76.92109100015219
Govindgarh,CHC,RAJASTHAN,27.5009819999479,76.99598700030981
Narayanpur,CHC,RAJASTHAN,27.51252900023468,76.29959099950558
Thoi,CHC,RAJASTHAN,27.54269600016847,75.75023100006426
GILAULA,CHC,UTTARPRADESH,27.546546000101458,81.79873599952015
Kasli,CHC,RAJASTHAN,27.54738600018476,75.05527399973388
Reusa,CHC,UTTARPRADESH,27.54823300035532,81.21736699990639
MAHO,CHC,UTTARPRADESH,27.557516000540964,78.19924000070976
Rall,CHC,UTTARPRADESH,27.56726199986627,77.55621000039355
Mursan,CHC,UTTARPRADESH,27.57482699981562,78.051588000302
Palasara,CHC,RAJASTHAN,27.57519999972954,75.33830300009562
Sanda,CHC,UTTARPRADESH,27.57867800066255,81.05805199968837
NIDHAULIKALAN,CHC,UTTARPRADESH,27.58171000016725,78.29359000020358
Ramgarh,CHC,RAJASTHAN,27.587697000029124,76.81731400011674
Pisawan,CHC,UTTARPRADESH,27.587805000142016,80.39981299969084
Kanwat,CHC,RAJASTHAN,27.588618999959376,75.69498599978466
Pawata,CHC,RAJASTHAN,27.589254000127287,76.07690000062169
Parsendi,CHC,UTTARPRADESH,27.59412400068458,80.84287100012305
MANT,CHC,UTTARPRADESH,27.630800000168144,77.7148800003561
Rampur,CHC,RAJASTHAN,27.631301000090914,76.41653599994737
Sheopura,CHC,UTTARPRADESH,27.63601999987546,82.17476700003681
Piprali,CHC,RAJASTHAN,27.647328999923573,75.24936400002075
Mirzapur,CHC,UTTARPRADESH,27.67252499976804,79.54628800040346
Bansur,CHC,RAJASTHAN,27.684421999572915,76.35070399920987
Gungara,CHC,RAJASTHAN,27.68754800022148,75.28745699945671
MAREHRA,CHC,UTTARPRADESH,27.688751999741328,78.65973000057147
Akola,CHC,UTTARPRADESH,27.689520000380043,77.88417599933796
Guhala,CHC,RAJASTHAN,27.69029399954766,75.63826599994452
Kalan,CHC,UTTARPRADESH,27.702220000172264,79.44524000045445
Chirana,CHC,RAJASTHAN,27.705352000100948,75.41553499997934
Jalalabad,CHC,UTTARPRADESH,27.71219199984916,79.65703699963211
Behta,CHC,UTTARPRADESH,27.72599000053769,81.15421999977275
Kherod,CHC,RAJASTHAN,27.74598699977848,75.30040000063046
Kudan,CHC,RAJASTHAN,27.751147000088352,75.16329399977438
Ferozepur Jhirka,CHC,HARYANA,27.75943999932612,76.99409000007658
Kolira,CHC,RAJASTHAN,27.7899180006758,75.19786400070213
Parsrampur,CHC,RAJASTHAN,27.79550700032488,75.40096599963228
Patan,CHC,RAJASTHAN,27.79746300010499,75.97825400052102
pahadi,CHC,RAJASTHAN,27.817031000018464,76.31162299938678
PASAGAWAN,CHC,UTTARPRADESH,27.818205000066143,80.17117199964109
MITAULI,CHC,UTTARPRADESH,27.819504000486063,80.4750920001631
MALHIPUR,CHC,UTTARPRADESH,27.820360000441408,81.77625000014878
GONDA,CHC,UTTARPRADESH,27.832811999670987,77.87887299987403
Jeelo,CHC,RAJASTHAN,27.8438060000004,75.91293499979452
KHAMARIYA,CHC,UTTARPRADESH,27.85409600006944,81.08019900002435
Kolishiya,CHC,RAJASTHAN,27.858575999711512,75.37473800057127
Harsoli,CHC,RAJASTHAN,27.86145000037218,76.6262819998043
SIRSIYA,CHC,UTTARPRADESH,27.865399999929647,81.56379999942142
Qaderchowk,CHC,UTTARPRADESH,27.871459999599995,79.08305000018872
Mundawar,CHC,RAJASTHAN,27.877279000392974,76.54881300009414
BEHJAM,CHC,UTTARPRADESH,27.88189799960716,80.63694899997151
NAKAHA,CHC,UTTARPRADESH,27.886147999741084,80.94532699968543
Punahana,CHC,HARYANA,27.887030000316003,77.19559000012288
Babai,CHC,RAJASTHAN,27.88731000001688,75.76621999972026
Bardod,CHC,RAJASTHAN,27.892908000790424,76.36224100042008
Bhawal Khera,CHC,UTTARPRADESH,27.89372200039574,79.98581500013489
LODHA,CHC,UTTARPRADESH,27.899071999465683,77.97430900056264
Jhakhal,CHC,RAJASTHAN,27.9096889999921,75.45049499999611
khair,CHC,UTTARPRADESH,27.936787999543284,77.86307599983867
MOHAMMDI,CHC,UTTARPRADESH,27.9466890005294,80.23012200069874
Harduaganj,CHC,UTTARPRADESH,27.94886099998508,78.15823099979295
Badau,CHC,RAJASTHAN,27.95062500037428,75.6795359991806
Sindhouli,CHC,UTTARPRADESH,27.970720999495363,79.09677099989068
Neemrana,CHC,RAJASTHAN,27.974521000136782,76.39266700017865
BIJAULI,CHC,UTTARPRADESH,27.97912400060676,78.39941400026011
Hamiraka,CHC,RAJASTHAN,27.98632199994752,76.89227300002355
PHARDHAN,CHC,UTTARPRADESH,27.99077999988407,80.64487000009213
Ranasar,CHC,RAJASTHAN,27.99227800000989,75.40326600027164
Jaitipur,CHC,UTTARPRADESH,27.99779999987821,79.57079999987953
Kotkasim,CHC,RAJASTHAN,28.007930999981184,76.72599799940956
JAWAN,CHC,UTTARPRADESH,28.018814999610964,78.110212999873
Motipur Mihinpurwa,CHC,UTTARPRADESH,28.026082000256174,81.38296499957956
Baragoan,CHC,RAJASTHAN,28.04075000033788,75.52595000019546
TAPPAL,CHC,UTTARPRADESH,28.042072000536404,77.58086099978675
Nua,CHC,RAJASTHAN,28.043106000350537,75.26832300068594
Gabhana,CHC,UTTARPRADESH,28.04796799949604,77.97256200011721
Khol,CHC,HARYANA,28.05653999981156,76.3191499993221
Beswa,CHC,RAJASTHAN,28.07596800053528,75.08593600039231
CHANDAUS,CHC,UTTARPRADESH,28.080324999844784,77.85911400004099
Nuh,CHC,HARYANA,28.08817000003609,77.02309999982582
Dochana,CHC,HARYANA,28.088791999976618,75.98449000012047
Singhana,CHC,RAJASTHAN,28.097761000175154,75.83332500035195
Indali,CHC,RAJASTHAN,28.0995070005108,75.49855200027412
Ateli,CHC,HARYANA,28.100999999571638,76.24000000018707
Nigohi,CHC,UTTARPRADESH,28.10207199990537,79.86531399977629
Tapukara,CHC,RAJASTHAN,28.107206000064057,76.82670999979788
Mandhan,CHC,RAJASTHAN,28.10796600051593,76.37819800028902
Bilsi,CHC,UTTARPRADESH,28.12067500018964,78.91281699997502
Chityala,CHC,TELANGANA,18.33071999989643,79.67827500012201
Wambori,CHC,MAHARASHTRA,19.291234999470863,74.73224399983225
Tokawade,CHC,MAHARASHTRA,19.309599000345735,73.59603900016258
Boath,CHC,TELANGANA,19.33992000045447,78.32163000000739
Ghodegaon,CHC,MAHARASHTRA,19.34890099999959,74.88287499967342
Sakur,CHC,MAHARASHTRA,19.349213999753957,74.29862100033756
Shevgaon,CHC,MAHARASHTRA,19.355580000575625,75.21973400013036
Mardapal,CHC,CHATTISGARH,19.3753509202694,81.5447902807736
Bhamragad,CHC,MAHARASHTRA,19.41285000029924,80.59081099966807
HimayatNagar,CHC,MAHARASHTRA,19.42666269949992,77.87402430000887
CHC Jaisinagar,CHC,MADHYA PRADESH,23.628131670305415,78.56920167055318
CHC Surkhi,CHC,MADHYA PRADESH,23.630964350492228,78.8258683000571
CHC Gyaraspur,CHC,MADHYA PRADESH,23.66487832959244,78.16655370944062
CHC Bahori Band,CHC,MADHYA PRADESH,23.66581728020897,80.06819125998531
CHC Pepalkheda,CHC,MADHYA PRADESH,23.66921333022732,77.6639666700883
CHC pahadi,CHC,MADHYA PRADESH,23.711623329938718,80.37918833024939
CHC Badwara,CHC,MADHYA PRADESH,23.74938332939201,80.57889166918476
CHC Manpur,CHC,MADHYA PRADESH,23.76090984960179,81.1202652495932
CHC Nateran,CHC,MADHYA PRADESH,23.762389669622284,77.77744994970067
CHC BANSUKLI,CHC,MADHYA PRADESH,23.776283079742733,81.61813412057934
CHC Tyonda,CHC,MADHYA PRADESH,23.805194999286464,78.19612167077918
CHC Rithi,CHC,MADHYA PRADESH,23.91271000007644,80.14610667028937
Dag CHC,CHC,RAJASTHAN,23.92625999988332,75.83245800033862
Chomehla CHC,CHC,RAJASTHAN,23.941703000334,75.59825700000873
CHC Kusmi,CHC,MADHYA PRADESH,23.97378599969602,81.99015642956479
CHC Shahnagar,CHC,MADHYA PRADESH,23.992727359506212,80.3092092300533
CHC Suthaliya,CHC,MADHYA PRADESH,23.9949298903286,77.13662374944005
Sarai,CHC,MADHYA PRADESH,24.044698280414973,82.19865531987239
Hindoli,CHC,RAJASTHAN,25.578769999985784,75.49842100075286
CHC Batiyagarh,CHC,MADHYA PRADESH,24.11049833008524,79.35392833052529
CHC Amdara,CHC,MADHYA PRADESH,24.113775999617744,80.58947000000184
CHC Majhauli,CHC,MADHYA PRADESH,24.13245299951198,81.62679799959214
Niwas,CHC,MADHYA PRADESH,24.133213190128885,81.9264722198233
CHC Beenaganj,CHC,MADHYA PRADESH,24.18682003969778,77.03224392056015
CHC Devrajnagar,CHC,MADHYA PRADESH,24.230880540438985,81.14433016024728
CHC Unchehra,CHC,MADHYA PRADESH,24.235877000303557,80.48393000052573
Manoharthana CHC,CHC,RAJASTHAN,24.237539000536948,76.80191799993936
CHC Buxwaha,CHC,MADHYA PRADESH,24.249651670135595,79.2837899994535
Bakani CHC,CHC,RAJASTHAN,24.28329999945881,76.23330000008208
CHC Raghogarh,CHC,MADHYA PRADESH,24.28569499943249,77.09232299972537
Dabla Kheenchi,CHC,RAJASTHAN,24.28700299994973,75.95212999942044
CHC Malthon,CHC,MADHYA PRADESH,24.30333000008769,78.52625166992054
Raipur CHC,CHC,RAJASTHAN,24.35975100040596,76.18279999994786
Ratlai CHC,CHC,RAJASTHAN,24.366666999529546,76.29999999975949
Sunel CHC,CHC,RAJASTHAN,24.371687000260984,75.95814199961222
Madawara,CHC,UTTARPRADESH,24.3721200004561,78.79181999932385
CHC Semariya,CHC,MADHYA PRADESH,24.373993330075507,81.71957500051448
CHC Majhganwa,CHC,MADHYA PRADESH,24.377347000272604,81.09960899987796
CHC Govindgarh,CHC,MADHYA PRADESH,24.38000000050587,81.30000000006162
CHC Mukundpur,CHC,MADHYA PRADESH,24.40510833026146,81.24711499979752
CHC Nalkheda,CHC,MADHYA PRADESH,24.405199999864774,75.14899999978698
CHC Mungaoli,CHC,MADHYA PRADESH,24.407837099358307,78.10977549966837
Bhawani Mandi CHC,CHC,MADHYA PRADESH,24.42000000038108,75.82972199968114
Harnawada Shahji,CHC,RAJASTHAN,24.43385999998408,76.70695499997709
CHC Gunour,CHC,MADHYA PRADESH,24.46549587996865,80.24851730043835
CHC Kishangarh,CHC,MADHYA PRADESH,24.466810310406373,79.75051733021793
CHC Amanganj,CHC,MADHYA PRADESH,24.469749999468448,79.96613999996744
Asnawar CHC,CHC,RAJASTHAN,24.474228000170367,76.33969599970082
CHC Rampur Baghelan,CHC,MADHYA PRADESH,24.49000000016016,81.08999999976146
CHC Gurh,CHC,MADHYA PRADESH,24.49652366074766,81.50072213003877
CHC Sihawal,CHC,MADHYA PRADESH,24.56187336007351,82.24526665956702
Mahroni,CHC,UTTARPRADESH,24.56889999957112,78.72594000070242
CHC Raipur Karchuliyan,CHC,MADHYA PRADESH,24.57093300008489,81.43330300023037
CHC Shadora,CHC,MADHYA PRADESH,24.577521800155008,77.73184249979391
Sarolaklan CHC,CHC,RAJASTHAN,24.610306999702047,76.42738399962286
Chhipabarod,CHC,RAJASTHAN,24.624860000563952,76.70842999953763
Ramganj Mandi,CHC,RAJASTHAN,24.65000000016431,75.93699999938181
CHC Isagarh,CHC,MADHYA PRADESH,24.71365699931989,77.78504679993755
CHC Gangeo,CHC,MADHYA PRADESH,24.72332365050825,81.59996071998629
CHC BAGHRAI,CHC,UTTARPRADESH,25.7600559996927,81.70064599998648
Kawai,CHC,RAJASTHAN,24.75846599983793,76.73137599921657
CHC Khargapur,CHC,MADHYA PRADESH,24.81999999974981,79.14000000018264
CHC Myana,CHC,MADHYA PRADESH,24.84792167006727,77.46824832961853
CHC Bamori,CHC,MADHYA PRADESH,24.849009999843133,77.1395383297861
CHC Isanagar,CHC,MADHYA PRADESH,24.860342689727133,79.38239609998253
BAR,CHC,UTTARPRADESH,24.861578999456064,78.5855850000762
Kanwas,CHC,RAJASTHAN,24.867999999932213,76.12399999957638
Atru,CHC,RAJASTHAN,24.87366999932141,76.66380000020332
Charbhuja,CHC,RAJASTHAN,24.93357200052955,75.62226399986973
Mandana,CHC,RAJASTHAN,24.94582000063121,75.94342099982752
CHC Jawa,CHC,MADHYA PRADESH,24.964195560155623,81.491380659892
CHC Singoli,CHC,MADHYA PRADESH,24.977051630160098,75.2906184700805
Koraon,CHC,UTTARPRADESH,25.008099999659173,82.07120000006366
Mirjapur,CHC,RAJASTHAN,25.01318100025957,76.34925700013673
CHC Nawgaon,CHC,MADHYA PRADESH,25.06175833052473,79.44079333081493
Kishanganj,CHC,RAJASTHAN,25.10867000010765,76.66503999958724
Kelwara,CHC,RAJASTHAN,25.130369999502012,76.8838699998541
Meja,CHC,UTTARPRADESH,25.14108500004523,82.11191999947884
BASAI,CHC,MADHYA PRADESH,25.14916699950517,78.40833299991529
Bijoliyan CHC,CHC,RAJASTHAN,25.157279999245173,75.32953599987812
BAMAUR,CHC,UTTARPRADESH,25.160230000130777,79.28555699999042
Naraini,CHC,UTTARPRADESH,25.191899999409667,80.5570900001086
Atrra,CHC,UTTARPRADESH,25.19191000019852,80.5570900001086
Itawa,CHC,RAJASTHAN,25.209999999789623,75.94600000012619
CHC KAUDHIYARA,CHC,UTTARPRADESH,25.21358899998844,81.83881599960107
SHIVARAMPUR,CHC,UTTARPRADESH,25.216609999767464,80.84558000011803
Khandela,CHC,RAJASTHAN,25.22249499983517,76.88939099977623
Shahbad,CHC,RAJASTHAN,25.242209999829427,77.15732999938403
Ramnagar,CHC,UTTARPRADESH,25.24548699929259,82.12581699980623
RAMNAGAR,CHC,UTTARPRADESH,25.251937999989376,81.24519199962502
CHC Andrott,CHC,LAKSHADWEEP,10.81259999985488,73.68010000002265
Kotul,CHC,MAHARASHTRA,19.43372000045329,73.96227300024178
Aundha Nagnath,CHC,MAHARASHTRA,19.44999999984081,77.0200000000186
Bori,CHC,MAHARASHTRA,19.50747459988095,76.72384040060736
Rajur,CHC,MAHARASHTRA,19.518768000416134,73.8738200004137
Ghansawangi,CHC,MAHARASHTRA,19.521995999589706,75.98893099959396
Bodhegaon,CHC,MAHARASHTRA,19.537470000214142,74.64882599967946
CHC Gaurihar,CHC,MADHYA PRADESH,25.266048330165432,80.19534500008177
MAU,CHC,UTTARPRADESH,25.26975999999881,81.36324000008167
Jsara,CHC,UTTARPRADESH,25.283158000151545,81.78729199999303
Karchana,CHC,UTTARPRADESH,25.286055000092595,81.93641300011353
Mahuwa,CHC,RAJASTHAN,25.286737000153025,75.16162300039525
Sultanpur,CHC,RAJASTHAN,25.28699999993659,76.17300000003569
BANGRA,CHC,UTTARPRADESH,25.31206999972055,79.00506700064264
Talera,CHC,RAJASTHAN,25.31467700068318,75.73583200049485
PAHARI,CHC,UTTARPRADESH,25.332610000278148,80.96363999937192
CHC Niwari,CHC,MADHYA PRADESH,25.34838666980173,78.80116166979494
Handia,CHC,UTTARPRADESH,25.35155000037105,82.23405399958172
CHC kanaili,CHC,UTTARPRADESH,25.358190000136883,81.43684999992632
Khakhreru,CHC,UTTARPRADESH,25.36209999982449,81.8307999999442
Saidabad,CHC,UTTARPRADESH,25.371134000429368,82.11688699938209
RAJAPUR,CHC,UTTARPRADESH,25.379110000767025,81.13115999939271
Chaka,CHC,UTTARPRADESH,25.384276660419417,81.84100633031728
Dhanupur,CHC,UTTARPRADESH,25.39456799977771,82.23000899994338
Kachhola CHC,CHC,RAJASTHAN,25.402251000410896,75.12680899996836
CHC PANWARI,CHC,UTTARPRADESH,25.426881999975286,79.46418499997766
Kotwa,CHC,UTTARPRADESH,25.43941199987141,81.99148099994281
CHC Karera,CHC,MADHYA PRADESH,25.456806999240563,78.12793600045393
BADAGAON,CHC,UTTARPRADESH,25.47490699979836,78.70489300000824
CHC Karahal,CHC,MADHYA PRADESH,25.49581625962097,77.05755120933702
Deikhera,CHC,RAJASTHAN,25.518366000428387,76.17625200017888
Pratappur,CHC,UTTARPRADESH,25.522102000141743,82.16057699980648
CHC Pohari,CHC,MADHYA PRADESH,25.53304000008114,77.39179333023476
CHC Satanwara,CHC,MADHYA PRADESH,25.537627490370816,77.73164436018834
Alod,CHC,RAJASTHAN,25.545253999922394,75.58807100030715
Muratganj Alamchand,CHC,UTTARPRADESH,25.54700699988264,81.58354900010704
Kaurihar,CHC,UTTARPRADESH,25.55424699984149,81.7554619999207
Baberu,CHC,UTTARPRADESH,25.57129000005455,80.68928999936416
Baharia,CHC,UTTARPRADESH,25.608489999463192,81.99994800058471
Soraon,CHC,UTTARPRADESH,25.61000199978964,81.84762999967425
Holagarh,CHC,UTTARPRADESH,25.6245770002919,81.79796899996427
Pander CHC,CHC,RAJASTHAN,25.641756000569018,75.1924759999511
CHC Vijaypur,CHC,MADHYA PRADESH,25.65055000032642,76.56649999979176
Khatoli,CHC,RAJASTHAN,25.671389000285195,76.46228700063652
Dei,CHC,RAJASTHAN,25.67596100043308,75.93919400061432
Maudaha,CHC,UTTARPRADESH,25.685737999516363,80.09392800006185
Kara,CHC,UTTARPRADESH,25.707810000393412,81.35308999946677
GAURA,CHC,UTTARPRADESH,25.74456699990033,82.10701700004799
Sawar,CHC,RAJASTHAN,25.75587800004828,75.22019300061298
Khaga,CHC,UTTARPRADESH,25.75636199986913,81.09082499994197
Jaspura,CHC,UTTARPRADESH,25.776450000284704,80.40503000073765
RANIGANJ,CHC,UTTARPRADESH,25.789484999994052,82.04677300007809
Kadera,CHC,RAJASTHAN,25.8074140001432,75.05600400037814
SNAGRAMGARH,CHC,UTTARPRADESH,25.85826500031525,81.50065100053627
Hathgaom,CHC,UTTARPRADESH,25.864063000011036,81.12796500004923
Dooni,CHC,RAJASTHAN,25.86578700051212,75.60335000030867
BELKHARNATH,CHC,UTTARPRADESH,25.893500000444597,82.05402200017907
CHC Mohna,CHC,MADHYA PRADESH,25.89891000001302,77.77980333003084
LALGANJ,CHC,UTTARPRADESH,25.93122500000136,81.71052999956427
Aligarh,CHC,RAJASTHAN,25.968859999598497,76.08850100050766
Husainganj,CHC,UTTARPRADESH,26.00189699967957,80.93394000005968
KONCH,CHC,UTTARPRADESH,26.004760000035905,79.16049000048488
Amauli,CHC,UTTARPRADESH,26.01244500027056,80.29836999973162
Bindki,CHC,UTTARPRADESH,26.028599999747023,80.57719999957094
Chhan,CHC,RAJASTHAN,26.032447000372738,75.73512299976697
MANGRAURA,CHC,UTTARPRADESH,26.043665000493597,82.02366300036766
SANGIPUR,CHC,UTTARPRADESH,26.04472899974172,81.6662259997449
JAGATPUR,CHC,UTTARPRADESH,26.047308999934263,81.27659400007516
Chouth Ka Barwada,CHC,RAJASTHAN,26.050340999443627,76.15228799997558
KHAJOORGOAN,CHC,UTTARPRADESH,26.072696000354675,80.93464800006436
Sangrampur,CHC,UTTARPRADESH,26.075570000552407,81.83946199968145
Jahanabad,CHC,UTTARPRADESH,26.101798000351376,80.36574199942866
Kundera,CHC,RAJASTHAN,26.11200000075533,76.46209300046779
SARENI,CHC,UTTARPRADESH,26.135544999524846,80.81824499994585
RAHI,CHC,UTTARPRADESH,26.13941700066756,81.2362420000077
lambhua,CHC,UTTARPRADESH,26.1403880001756,82.22534499998885
DEEH,CHC,UTTARPRADESH,26.15970299992665,81.42852499957468
Karanpur,CHC,RAJASTHAN,26.181972000211,76.97078700002228
CHC Pahargarh,CHC,MADHYA PRADESH,26.197990000020532,77.63974499982385
bhadaiyan,CHC,UTTARPRADESH,26.20525700011345,82.13669799999198
Nhavara,CHC,MAHARASHTRA,18.394278000167663,74.22190699958941
Aruku,CHC,ANDHRA PRADESH,18.33329999995528,82.86670000072797
Ponduru,CHC,ANDHRA PRADESH,18.34973699958904,83.75839199996948
Narasannapeta,CHC,ANDHRA PRADESH,18.416364000301797,84.04592600027712
Badangi,CHC,ANDHRA PRADESH,18.494685999587112,83.36823399986996
Kotabommali,CHC,ANDHRA PRADESH,18.51841400008896,84.15142800011837
Budithi,CHC,ANDHRA PRADESH,18.525784000024604,84.00881000045932
CHC Sunabeda,CHC,ORISSA,18.547200000497707,82.79320000048818
Lamtaput,CHC,ORISSA,18.550529999723395,82.48181999997801
RAMIYA BEHAR,CHC,UTTARPRADESH,28.136678000590383,81.02980999931992
Tatarpur,CHC,RAJASTHAN,28.14619999955035,76.82901000043728
BANKEY GANJ,CHC,UTTARPRADESH,28.158048000547623,80.4094770000589
Alawalpur,CHC,HARYANA,28.17460000024385,77.37689999944259
Nangal Sirohi,CHC,HARYANA,28.186759000655,76.12910600029511
Junawai,CHC,UTTARPRADESH,28.19047700044041,78.50780800039445
Dibai,CHC,UTTARPRADESH,28.196718000325053,78.30342499937757
Buhana,CHC,RAJASTHAN,28.20491200022961,75.8763440005816
Dudola,CHC,HARYANA,28.205589999695817,77.26997000079479
BHAMORA,CHC,UTTARPRADESH,28.211290000088862,79.29323500043678
NIGHASAN,CHC,UTTARPRADESH,28.238074000166105,80.86271699999473
Meerpur,CHC,HARYANA,28.24156399965719,76.6959859999278
Bilsanda,CHC,UTTARPRADESH,28.246869999961923,79.93581299994307
BIJUA,CHC,UTTARPRADESH,28.26938500046516,80.60128399942481
Pataudi,CHC,HARYANA,28.29000000025245,76.3299999995457
Gurawara,CHC,HARYANA,28.295149999477054,76.06299999992123
MANDRELA,CHC,RAJASTHAN,28.31666699970829,75.43333300000505
Satnali,CHC,HARYANA,28.32101399959197,76.21458000068978
Ghanghu,CHC,RAJASTHAN,28.32659560957486,75.12052058996028
Kurali,CHC,HARYANA,28.32922999981388,77.45808999982431
Rajpura,CHC,UTTARPRADESH,28.34047500010763,78.3849799996323
Malsisar,CHC,RAJASTHAN,28.34657939956656,75.28616380004506
Nahar,CHC,HARYANA,28.351589999966446,76.55387999955653
Bawal,CHC,HARYANA,28.40942999986588,76.39699999969706
Farrukh Nagar,CHC,HARYANA,28.40999999993341,76.78999999986095
Sehlang,CHC,HARYANA,28.41999999995005,76.24000000018707
Sankhu,CHC,RAJASTHAN,28.430193000509583,75.34559099965635
HASANPUR,CHC,UTTARPRADESH,28.43509999953995,78.17034000056535
Kahanaur,CHC,HARYANA,28.4499999997933,76.28999999983074
Dudhwakhara,CHC,RAJASTHAN,28.460323000331396,75.16653000002408
Sampla,CHC,HARYANA,28.463300000075893,76.46100000049864
Pawansa,CHC,UTTARPRADESH,28.483449999978625,78.57827699952568
Unchagaon,CHC,UTTARPRADESH,28.488448000447686,78.15964000012954
Dhakla,CHC,HARYANA,28.50758999967063,76.53559000033452
REHRA,CHC,UTTARPRADESH,28.53154000006019,78.31075000054486
DHABARSI,CHC,UTTARPRADESH,28.53333299987898,78.31666699940378
NAWABGANJ,CHC,UTTARPRADESH,28.535593999993768,79.63613600032446
Polyclinic Sector 3,CHC,HARYANA,28.5357999992748,76.35040000033459
Badli,CHC,HARYANA,28.53944999948454,76.84424000003499
Madina,CHC,HARYANA,28.56000000030829,76.26000000004453
Kiloi,CHC,HARYANA,28.564799999378444,76.42529999979185
Meham,CHC,HARYANA,28.575899999434803,76.17390000055926
BADALPUR,CHC,UTTARPRADESH,28.599069999735544,77.51632199993325
Loharu,CHC,HARYANA,28.62000000003038,75.61000000018493
SAPNAWAT,CHC,UTTARPRADESH,28.62167899999941,77.7221889998332
Jahanabad,CHC,UTTARPRADESH,28.632112299593764,79.70977500048144
DHAULANA,CHC,UTTARPRADESH,28.633241999776413,77.64518399973024
Dubaldhan,CHC,HARYANA,28.674409999967093,76.50569099993233
Manheru,CHC,HARYANA,28.700000000552865,76.20999999950253
MANAUTA,CHC,UTTARPRADESH,28.703801000191888,78.5303890002004
Chhara,CHC,HARYANA,28.70904000025985,76.70808999977902
Amaria,CHC,UTTARPRADESH,28.74000000027828,79.73000000046979
Dighal,CHC,HARYANA,28.77030000053191,76.62163000044364
Modinagar,CHC,UTTARPRADESH,28.861350000362755,77.59355500054019
Badh Khalsa,CHC,HARYANA,28.90817900055294,77.11112099983376
BHHORRARAL,CHC,UTTARPRADESH,28.90876000014973,77.6189369995043
Khatima,CHC,UTTARAKHAND,28.9228040005874,79.9656150002609
Ferozepur Bangar,CHC,HARYANA,28.928574000311787,77.09149399934688
PILANA,CHC,UTTARPRADESH,28.93755000037014,77.36715300013215
JANIKHURD,CHC,UTTARPRADESH,28.971193999884804,77.61283700034728
BHAWANPUR,CHC,UTTARPRADESH,28.97921699962064,77.81101800030325
SAROORPUR KALAN,CHC,UTTARPRADESH,29.031620000040565,77.23522999998772
ROHTA,CHC,UTTARPRADESH,29.03745900070181,77.54274299933812
Gadarpur,CHC,UTTARAKHAND,29.04699899963453,79.23932699962546
Sorkhi,CHC,HARYANA,29.05300000068296,76.12100000022659
Kalwa,CHC,HARYANA,29.058799999634285,76.08559999999376
Juan,CHC,HARYANA,29.089999999736172,76.88000000011792
BINAULI,CHC,UTTARPRADESH,29.094420000550738,77.39752000033948
Aryangar,CHC,HARYANA,29.119999999995645,75.72000000029938
SAROORPUR,CHC,UTTARPRADESH,29.134910999581063,77.54178300033671
Siau,CHC,UTTARPRADESH,29.163113000106215,78.2613600000982
Bajpur,CHC,UTTARAKHAND,29.16670799993381,79.14655699927414
Sisai,CHC,HARYANA,29.173000000109827,76.01400000036026
Chanibari,CHC,RAJASTHAN,29.182999999548716,75.3329999997334
Seohara,CHC,UTTARPRADESH,29.199545000261743,78.58729300016356
Samalkha,CHC,HARYANA,29.24000000007151,76.98000000030362
Bhuna,CHC,HARYANA,29.24472999975323,76.04187999943215
Jakhal,CHC,HARYANA,29.244790000133072,76.04187999943215
Khatauli,CHC,UTTARPRADESH,29.29056199998536,77.86258400064237
Dadlana,CHC,HARYANA,29.300000000123504,77.05999999973353
Chiri,CHC,HARYANA,29.33200000012282,76.32399999994777
Bhimtal CHC,CHC,UTTARAKHAND,29.339750000316982,79.58775000015847
Nathusari Chopta,CHC,HARYANA,29.37000000061268,75.12000000008345
Bapoli,CHC,HARYANA,29.37000000061268,76.88000000011792
"CHC,Khanpur",CHC,UTTARPRADESH,29.380000000382992,78.00000000022153
Garampani,CHC,UTTARAKHAND,29.3892499999039,79.4790999999311
Suyalbari CHC,CHC,UTTARAKHAND,29.3892499999039,79.4790999999311
Betalghat,CHC,UTTARAKHAND,29.3892499999039,79.49465000009428
Kairana,CHC,UTTARPRADESH,29.4014340003698,77.20905399990691
Lohaghat CHC,CHC,UTTARAKHAND,29.403486599936244,80.09433659966714
Bichkunda,CHC,TELANGANA,18.401353999431077,77.70657499919758
Pottangi,CHC,ORISSA,18.558940000109903,82.97138999990918
Nandapur,CHC,ORISSA,18.56297000031993,82.74019999969806
Kunduli,CHC,ORISSA,18.598740000110254,82.89643000017746
Seethampeta,CHC,ANDHRA PRADESH,18.69253399998232,83.81680499982835
Pathapatnam,CHC,ANDHRA PRADESH,18.750000000711086,84.08329999983778
Boipariguda,CHC,ORISSA,18.750509999684844,82.43228000064185
Mathalput,CHC,ORISSA,18.76449000051526,82.92289999998613
Kotturu,CHC,ANDHRA PRADESH,18.78451800044493,83.88602800062623
Gurandi,CHC,ORISSA,18.818609999564835,84.22362000030388
Nagina,CHC,UTTARPRADESH,29.43961199968677,78.42815499949755
CHC  Jainti,CHC,UTTARAKHAND,29.48153770011172,79.82649319967018
Uchana,CHC,HARYANA,29.48880000002665,76.1353499993922
Assandh,CHC,HARYANA,29.491599999549507,76.5528999995653
"CHC,Bahadrabad",CHC,UTTARPRADESH,29.55000000023122,78.02000000007902
Munsyari,CHC,UTTARAKHAND,29.55559999982488,80.22970000002603
Gharaunda,CHC,HARYANA,29.58400000026577,76.84729999965924
Najibabad,CHC,UTTARPRADESH,29.628257000379904,78.38753800001453
Gangolihat CHC,CHC,UTTARAKHAND,29.654499999703877,80.21400000007505
Kalayat,CHC,HARYANA,29.674209999898697,76.7853900003331
Balla,CHC,HARYANA,29.6756999998716,76.33700000012465
Nissing,CHC,HARYANA,29.7320000000357,76.74009999977638
"CHC,Laksar",CHC,UTTARAKHAND,29.7705499997027,78.15058000000906
CHC Dwarahat,CHC,UTTARAKHAND,29.793149999618908,79.45689999989166
Jhunir CHC,CHC,PUNJAB,29.80510199936211,75.34996299953285
CHC Didihat,CHC,UTTARAKHAND,29.820899999251523,80.19309999969398
Nainidanda CHC,CHC,UTTARAKHAND,29.82200000011513,78.78630000012495
Bironkhal CHC,CHC,UTTARAKHAND,29.845421999955043,79.0330580000426
Kaul,CHC,HARYANA,29.849765999549128,76.66148499949533
Indri,CHC,HARYANA,29.895299999633774,77.08119999969027
Sunheti Kharkhari,CHC,UTTARPRADESH,29.922310999524925,77.68798700004979
Patran CHC,CHC,PUNJAB,29.94098056042292,76.05287268985212
Kapkote,CHC,UTTARAKHAND,29.946390200023348,79.90299570016953
Baijnath,CHC,UTTARAKHAND,29.956510000556225,79.56755999943188
Mathana,CHC,HARYANA,29.98024000049839,76.95421999915963
Harora,CHC,UTTARPRADESH,29.99000000002302,77.67999999980692
Ghandiyal CHC,CHC,UTTARAKHAND,30.014729999889703,78.41647299942069
Mussoorie,CHC,UTTARAKHAND,30.027148800262943,78.45314099952483
Punwarka,CHC,UTTARPRADESH,30.02999999965653,77.6200000002345
Kauhrian CHC,CHC,PUNJAB,30.03334999953189,75.80090000025285
Gulha,CHC,HARYANA,30.0379900002588,76.7853900003331
Fatehpur,CHC,UTTARPRADESH,30.04268800015135,77.76606599985531
Radaur,CHC,HARYANA,30.047699080301207,77.19268798990258
Pabau CHC,CHC,UTTARAKHAND,30.055054999708624,78.56495699968168
Naharpur,CHC,HARYANA,30.055722709979424,77.28607177944313
Khiala Kalan CHC,CHC,PUNJAB,30.08619000001171,75.3475799999511
Tarori,CHC,HARYANA,30.088400000568384,77.00719999985827
Doiwala,CHC,UTTARAKHAND,30.10776400062168,78.07375900002911
Jhansa,CHC,HARYANA,30.114680000300808,76.74087000060364
Raipur,CHC,UTTARAKHAND,30.18398699995483,78.06087500020321
Behat,CHC,UTTARPRADESH,30.199999999892807,77.57000000059081
Badshapur CHC,CHC,PUNJAB,30.224621780285485,76.2426999694185
Mustfabad,CHC,HARYANA,30.230594559856243,77.20916747958519
CHC Hindolakhal,CHC,UTTARAKHAND,30.231995999440294,78.60440520025024
Dudhan Sadan CHC,CHC,HARYANA,30.2572221998374,76.66444439948587
CHC Mullana,CHC,HARYANA,30.27628000035108,77.04735000025939
Dhanaula CHC,CHC,PUNJAB,30.27799799949977,75.56909099972555
Vikasnagar,CHC,HARYANA,30.281677000392992,77.46536199949152
CHC Chaurmastpur,CHC,HARYANA,30.28246000069511,76.69179999982414
Khizrabad,CHC,HARYANA,30.28634573948173,77.52090454065784
Bilaspur,CHC,HARYANA,30.32784200035346,77.42340088049329
Chinyalisaour,CHC,UTTARAKHAND,30.348371000388628,78.19737899956321
Sahiya,CHC,HARYANA,30.366389000187784,77.52539299992442
Chakrata,CHC,HARYANA,30.412051999712745,77.52436199987955
CHC Sherpur,CHC,PUNJAB,30.438101000358447,75.70516499981356
Banur CHC,CHC,PUNJAB,30.447869400272214,76.729229499998
CHC Shahzadpur,CHC,HARYANA,30.44992000049314,77.0291600005965
CHC Beleshwer,CHC,UTTARAKHAND,30.46235000004165,78.6355999997885
Barkot CHC,CHC,UTTARAKHAND,30.48438200072625,78.12410899947717
CHC Thatyur,CHC,UTTARAKHAND,30.48854999992316,78.04650000002492
Channawal CHC,CHC,PUNJAB,30.505021999843603,75.48544700051526
Chanarthal Kalan,CHC,PUNJAB,30.51757200042758,76.34491499949914
Kalo Majra CHC,CHC,PUNJAB,30.522700690027865,76.67012839063146
Mehal Kalan CHC,CHC,PUNJAB,30.527064999985225,75.568425000452
Purola,CHC,UTTARAKHAND,30.529257999517167,78.05304299977107
Amargarh CHC,CHC,PUNJAB,30.532450000192465,75.8270000001657
Raipur Rani,CHC,HARYANA,30.583000000420707,77.01899999993589
CHC Khera,CHC,PUNJAB,30.603141000218447,76.486671999891
Gur Sar Sudhar CHC,CHC,PUNJAB,30.761383000522915,75.6499029998155
Dehlon CHC,CHC,PUNJAB,30.76167699991728,75.87668819996415
Dhudike CHC,CHC,PUNJAB,30.775219000334623,75.34207099972453
CHC Machiwara,CHC,PUNJAB,30.877847700349538,76.03704229045447
Sidhwan Bet CHC,CHC,PUNJAB,30.911409999317595,75.4500000004268
Apra CHC,CHC,PUNJAB,31.10401599989928,75.83961299982995
Bundala CHC,CHC,PUNJAB,31.1398554995951,75.67340810014747
Bungal Badhani CHC,CHC,PUNJAB,31.14712999994256,75.34121799995492
Saroya CHC,CHC,PUNJAB,31.17864999971735,76.23487599992497
Lohian CHC,CHC,PUNJAB,31.18804790011136,75.2030729995564
Basti Gunjan CHC,CHC,PUNJAB,31.260000000445128,75.3859999996252
Binewal CHC,CHC,PUNJAB,31.291340000718723,76.26009999960365
Shahkot CHC,CHC,PUNJAB,31.309270499975334,75.37846700074041
PAP Jalandhar CHC,CHC,PUNJAB,31.311736000238803,75.61644400019686
Panchhat CHC,CHC,PUNJAB,31.348881799584756,75.86885509999408
CHC Fattu Dhinga,CHC,PUNJAB,31.383449999476223,75.3270499994659
Tibba CHC,CHC,PUNJAB,31.419449999608123,75.35344999985267
Mianwind CHC,CHC,PUNJAB,31.478491999857894,75.15016000060156
Kala Barka CHC,CHC,PUNJAB,31.48664999943727,75.61189999989288
Shankar CHC,CHC,PUNJAB,31.527469999401237,75.80660000027515
Bhunga CHC,CHC,PUNJAB,31.680175000359103,75.80836100006594
Bham CHC,CHC,PUNJAB,31.76537299996105,75.45632099951673
Murud,CHC,MAHARASHTRA,18.40243800061804,76.24130749987971
Chinamerangi,CHC,ANDHRA PRADESH,18.829600000295788,83.54166499980018
Haripuram,CHC,ANDHRA PRADESH,18.84855500041026,84.50386599925417
Kurupam,CHC,ANDHRA PRADESH,18.86688690069217,83.55098159919
Narayanpatna,CHC,ORISSA,18.87590999982228,83.17459000054527
Baruva,CHC,ANDHRA PRADESH,18.88494000013198,84.58379000031275
Kundura,CHC,ORISSA,18.91985000017145,82.38064000068286
Bandhugaon,CHC,ORISSA,18.937359999850333,83.24871000002784
Mand Mahender CHC,CHC,PUNJAB,31.78757100005839,75.73424199950993
Bhaini Mian Khan CHC,CHC,PUNJAB,31.87765500060829,75.31165600073496
Kamahi Devi CHC,CHC,PUNJAB,31.878073999677028,75.93035600025165
CHC Bhol Kalota,CHC,PUNJAB,31.878073999677028,75.93035600025165
Kot Santokh Rai CHC,CHC,PUNJAB,31.974479000554965,75.27884999997104
Purana Shalla CHC,CHC,PUNJAB,31.995177000022775,75.53687600058709
Singowal CHC,CHC,PUNJAB,32.06348300051448,75.29311099944822
Gharota CHC,CHC,PUNJAB,32.14322600022884,75.58297299998435
Narot Jaimal Singh CHC,CHC,PUNJAB,32.294437000264686,75.4570489996129
Banapur,CHC,ORISSA,19.7815500000393,85.17546000015412
Rebana Nuagaon,CHC,ORISSA,19.800920000454223,85.69789000037755
Parla,CHC,ORISSA,19.80566000064787,82.70417000017667
Biswanathpur,CHC,ORISSA,19.824980000004015,83.4290799995393
Subarnagiri,CHC,ORISSA,19.83027000009609,83.86006000005956
Gobara,CHC,ORISSA,19.830319999811103,84.60092999966417
Chandahandi,CHC,ORISSA,19.845590000104327,82.49472999974319
Gambharimunda,CHC,ORISSA,19.846599999828648,85.2156499998399
Gop,CHC,ORISSA,19.98478999991925,86.02047000001738
Chandanpur,CHC,ORISSA,19.88728999998858,85.8189800000168
Deobhog,CHC,CHATTISGARH,19.900051350309656,82.65386545997359
Tangi,CHC,ORISSA,19.92290999957473,85.39737000013676
Bangurigaon,CHC,ORISSA,19.93570999993612,86.1939500003514
Sakhigopal,CHC,ORISSA,19.94548000040105,85.82048999973745
Algum,CHC,ORISSA,19.95061999928416,85.74719999955994
Tumudibandha,CHC,ORISSA,19.969140000321225,83.70759000060978
Jaganath Prasad,CHC,ORISSA,19.972430000351345,84.78262000072212
Astaranga,CHC,ORISSA,19.976099999835878,86.27152000034388
Kanas,CHC,ORISSA,20.003819999841536,85.65071999930603
Odagaon,CHC,ORISSA,20.01715999921862,84.97991000037534
Pastikudi,CHC,ORISSA,20.02064999930557,83.17738000073108
Sarankul,CHC,ORISSA,20.02694000046926,85.08462000054634
Narla,CHC,ORISSA,20.05932000045798,83.38962999964525
Raikia,CHC,ORISSA,20.059579999426933,84.23842999977705
Delanga,CHC,ORISSA,20.06025999982144,85.7462799998432
Botalama,CHC,ORISSA,20.088880000411688,85.42989999981779
Chapuria,CHC,ORISSA,20.09111999976737,82.86715000009146
Gallery,CHC,ORISSA,20.094720000078315,84.56743000003766
Sinapali,CHC,ORISSA,20.0985199994463,82.640979999487
Naugaon,CHC,ORISSA,20.103399999512032,86.18934999997097
Panidol,CHC,ORISSA,20.118910000443407,85.78377999980052
K. Nuagaon,CHC,ORISSA,20.13697999981502,84.01453999972048
Gressingia,CHC,ORISSA,20.137340000191976,84.34636999945161
Niali,CHC,ORISSA,20.13949000014437,86.06836999993656
Balikuda,CHC,ORISSA,20.14279000007844,86.2727299995906
Badapandusar,CHC,ORISSA,20.151780000067237,85.17867000046452
Borda,CHC,ORISSA,20.15840999938472,82.98492999986118
Mahipur,CHC,ORISSA,20.16400999958601,84.99457000006066
Rajsunakhala,CHC,ORISSA,20.16662999994929,85.33290999992596
Bolagarh,CHC,ORISSA,20.17293999988255,85.28004999977624
Managalpur,CHC,ORISSA,20.173980000312845,85.88528999970688
Madanpur Rampur,CHC,ORISSA,20.19216000013949,83.51944999969213
Balakati,CHC,ORISSA,20.201200000136804,85.87731000003504
Ersama,CHC,ORISSA,20.20137000062643,86.40737999927335
Balipatna,CHC,ORISSA,20.203089999952084,85.961860000515
Bari,CHC,ORISSA,20.68761999998705,86.35187999962395
Bankoi,CHC,ORISSA,20.215250000062092,85.3450999999909
Adaspur,CHC,ORISSA,20.21858000026598,86.01385000027834
Sarangarh,CHC,ORISSA,20.224799999734486,84.13041999978228
Sindhekela,CHC,ORISSA,20.227429999725118,82.93592000025446
Kholan,CHC,ORISSA,20.22982000002696,83.08545999977633
Tikabali,CHC,ORISSA,20.24015999982737,84.3506999994953
Barakhama,CHC,ORISSA,20.240780000430984,83.83644000071119
Boden,CHC,ORISSA,20.249159999655937,82.57057999995276
Mendhasala,CHC,ORISSA,20.2709900007382,85.70113999997261
Mandasahi,CHC,ORISSA,20.27541999924865,86.10931000035808
Haladia,CHC,ORISSA,20.277899999938693,85.57493000026922
Bhapur,CHC,ORISSA,20.283950000007906,85.2915599994256
Manijanga,CHC,ORISSA,20.305139999273244,86.37892000024331
Brahmanpad,CHC,ORISSA,20.31054000082044,84.47913999951787
Kunjanga,CHC,ORISSA,20.319550000117705,86.52682000034818
Madhyakhanda,CHC,ORISSA,20.338280000114704,84.92886000042022
Mahidharpada,CHC,ORISSA,20.33923999982772,85.92118000038447
Biridi,CHC,ORISSA,20.357209999929434,86.08302000047443
Phiringia,CHC,ORISSA,20.357910000658254,84.1229899999313
Raghunathpur,CHC,ORISSA,20.362760000172543,86.16054999938568
Gumagarh,CHC,ORISSA,20.36286999953885,84.26924000057348
Karlamunda,CHC,ORISSA,20.36736000009722,83.46979000070536
Dompada,CHC,ORISSA,20.388579999946018,85.6271100000034
Muribahal,CHC,ORISSA,20.38913999993335,83.01005999982856
Patkura,CHC,ORISSA,20.38960999990129,86.40631999981449
Kanpur,CHC,ORISSA,20.401889999570976,85.17947999967814
Gania,CHC,ORISSA,20.401989999651157,85.05054000006335
Bentkar,CHC,ORISSA,20.404860000385263,85.94683000003552
Gudvela,CHC,ORISSA,20.41347000078031,83.56788000023903
Badamba,CHC,ORISSA,20.41737000012554,85.3460499998449
Marsaghai,CHC,ORISSA,20.4225799993875,86.47791000030058
Mahakalpada,CHC,ORISSA,20.42347000029174,86.58024000036458
Subarnapur,CHC,ORISSA,20.43656000081571,85.60597000032114
Maniabandh,CHC,ORISSA,20.43658999998171,85.42997000013803
Khajuripada,CHC,ORISSA,20.43701999973062,84.4093299999875
Alandi,CHC,MAHARASHTRA,18.403040999716616,73.53526299991509
Rabanaguda,CHC,ORISSA,18.957420000857415,82.55617999966012
Rayagada,CHC,ORISSA,18.97187999979083,84.15264000081147
Gumma,CHC,ORISSA,18.982599999920808,84.02478999989451
Laxmipur,CHC,ORISSA,18.98625999998866,83.11706999974061
Kaviti,CHC,ANDHRA PRADESH,19.00938699995968,84.68844300058235
Podagoda,CHC,ORISSA,19.01611000017161,82.84776999947675
Jagannathpur,CHC,ORISSA,19.026550000232117,83.7741500005451
Jemadeipentho,CHC,ORISSA,19.033159999828182,83.43220000033634
Dasmanthpur,CHC,ORISSA,19.04130000008744,82.9135699995289
Bindhanima,CHC,ORISSA,20.44172000024585,85.49570999991566
Saintala,CHC,ORISSA,20.443630000433984,83.36145000009941
Narsinghpur,CHC,ORISSA,20.45812999918829,85.07803000004624
Tigiria,CHC,ORISSA,20.467860000584928,85.47741999979539
Salipur,CHC,ORISSA,20.472919999697204,86.09849000027168
Nischintakoili,CHC,ORISSA,20.47850999943755,86.17989000071572
Berhampur,CHC,ORISSA,20.491419999237724,85.76487999958485
Adenigarh,CHC,ORISSA,20.49550000014684,84.48330999972801
Komna,CHC,ORISSA,20.504090000461524,82.66926999953607
Turekela,CHC,ORISSA,20.50447000013199,82.80689000022801
Judum,CHC,ORISSA,20.5237300002657,84.96909000028894
Bhella,CHC,ORISSA,20.52938000002545,82.63510999958544
Derabish,CHC,ORISSA,20.542160000462808,86.33596000046323
Deogaon,CHC,ORISSA,20.544959999965943,83.42343999979151
Mahanga,CHC,ORISSA,20.557070000394805,86.20087000056438
Rajnagar,CHC,ORISSA,20.57187000019683,86.71792000043267
Belpara,CHC,ORISSA,20.5908899999093,82.96774000028103
Indupur,CHC,ORISSA,20.61589000036273,86.40174000042386
Purunakatak,CHC,ORISSA,20.626990000260992,84.4314999998897
Kantamal,CHC,ORISSA,20.656800000153268,83.73804999980521
Barachana,CHC,ORISSA,20.668999999294897,86.12764999980875
Aali,CHC,ORISSA,20.68764999946659,86.65281999998929
Beltikiri,CHC,ORISSA,20.694919999291447,85.6933899995562
Chudapali,CHC,ORISSA,20.71855999991713,83.29493999949449
Binjharpur,CHC,ORISSA,20.723409999180504,86.40864999969278
Rajkanika,CHC,ORISSA,20.73852000070721,86.6987800000175
Bantala,CHC,ORISSA,20.742470000206307,85.06561999987326
Khaprakhol,CHC,ORISSA,20.754769999902997,82.86086000006532
Odapada,CHC,ORISSA,20.76504000048596,85.43341999974959
Chandbali,CHC,ORISSA,20.77346000029424,86.74120000002245
Sriram Chandra Pur,CHC,ORISSA,20.774489999887507,85.80709999957324
Dharmasala,CHC,ORISSA,20.777460000442314,86.16504000016126
Markandapur,CHC,ORISSA,20.78338999994256,86.33574999950262
MADHAPUR,CHC,ORISSA,20.783539999817343,84.41998999934201
Jamgaon,CHC,ORISSA,20.79206000013176,83.58727000000115
Analaberini,CHC,ORISSA,20.810449999531865,85.54333000035068
Mangalpur,CHC,ORISSA,20.811519999558293,86.51972000021013
Ghasian,CHC,ORISSA,20.812780000430205,83.179749999894
Baunsuni,CHC,ORISSA,20.81376000007758,84.07411000002095
Naikenpali,CHC,ORISSA,20.815099999941392,83.6810999998113
Manamunda,CHC,ORISSA,20.821959999865708,83.91520999990462
Madhubana,CHC,ORISSA,20.831559999927368,86.16394999966685
Dasarathpur,CHC,ORISSA,20.831849999884536,86.44926000040141
BANARPAL,CHC,ORISSA,20.840259999973146,85.21584999985643
Loisingha,CHC,ORISSA,20.86006000004661,83.5104799999833
Dava,CHC,ORISSA,21.103100000303023,82.7021299998283
Jiral,CHC,ORISSA,20.863840000621472,85.68102000046453
Mathakar Gola,CHC,ORISSA,20.90046999958612,85.68535999965565
Parjanga,CHC,ORISSA,20.91934999964156,85.31495999956428
Ullunda,CHC,ORISSA,20.957130000208345,83.88160999982067
Bhandaripokhari,CHC,ORISSA,20.96072999967387,86.37180000001378
RAJKISHORENAGAR,CHC,ORISSA,20.96583999980092,84.4860400005377
Sukinda,CHC,ORISSA,20.96809999999533,85.91323999999729
Korei,CHC,ORISSA,20.969989999904968,86.18684000016759
Talpali,CHC,ORISSA,20.974279999538307,83.21628999995161
Tihidi,CHC,ORISSA,20.986520000531456,86.63937000044896
Birasal,CHC,ORISSA,20.99388000005303,85.67732999975512
Agalpur,CHC,ORISSA,21.00663000029682,83.4099799993071
JAMLA,CHC,ORISSA,21.008110000278425,83.17863000016071
Kosala,CHC,ORISSA,21.016369999929864,84.9299199998791
Godibandha,CHC,ORISSA,21.02022999978106,85.17742000013656
Bukuramunda,CHC,ORISSA,21.03212000081099,82.93497000040047
Dunguripali,CHC,ORISSA,21.04520000019957,83.55021000025985
Salania,CHC,ORISSA,21.080159999968732,86.28049000005271
Barpada,CHC,ORISSA,21.08521999993052,86.43127999990254
Chhendipada,CHC,ORISSA,21.08656999955183,84.8868700005856
Kaniha,CHC,ORISSA,21.093780000087715,85.0490700005257
Agalpur,CHC,ORISSA,21.101179999645566,83.53545000011708
Charmal,CHC,ORISSA,21.10848000022968,84.21539999953421
Sainkul,CHC,ORISSA,21.120760000024745,86.1284199997377
Simulia,CHC,ORISSA,21.15977000031316,86.58113999998986
Kesudurpal,CHC,ORISSA,21.16486000045053,86.01044999999715
Bijepur,CHC,ORISSA,21.189999999809743,83.46770000012826
Bheden,CHC,ORISSA,21.196539999526912,83.75302000001028
Agarpada,CHC,ORISSA,21.207280000216976,86.36759000051897
Anatapur,CHC,ORISSA,21.229139999956068,86.76051000031693
Jujomura,CHC,ORISSA,21.2377600002776,84.13374999974327
Naktideul,CHC,ORISSA,21.256049999715856,84.54398999971602
KHAMAR,CHC,ORISSA,21.26844000056412,85.19482999982478
Bhagamunda,CHC,ORISSA,21.27373000014221,85.85772999940382
Khaira,CHC,ORISSA,21.284130000390014,86.47052000063262
Sohela,CHC,ORISSA,21.298929999875924,83.40500999992912
Gopalpur,CHC,ORISSA,21.31857000042292,86.82767000030186
Saraipali,CHC,CHATTISGARH,21.32149145996733,82.97667981030807
Harichandanpur,CHC,ORISSA,21.34315000047353,85.78982000047974
Iswarpur,CHC,ORISSA,21.34648000007171,86.72039999920048
Chhatabar,CHC,ORISSA,21.354510000318378,84.68742000003512
Telkoi,CHC,ORISSA,21.36630000035521,85.40725999956231
Ghatagaon,CHC,ORISSA,21.39319000070216,85.89899999953819
Khantapada,CHC,ORISSA,21.396220000041584,86.80725000031981
Kale Colony,CHC,MAHARASHTRA,18.412039999311475,73.30363900023403
Boriguma,CHC,ORISSA,19.045020000317688,82.55587000003871
Patrapur,CHC,ORISSA,19.1307600002508,84.57572999937665
Girisola,CHC,ORISSA,19.161210000002345,84.7158699999177
R Udayagiri,CHC,ORISSA,19.16242999980612,84.1458000000661
Sanamasigam,CHC,ORISSA,19.211179999506413,82.45084000020059
Keluapalli,CHC,ORISSA,19.21238999939662,84.81959000005176
Nandahandi,CHC,ORISSA,19.214100000054888,82.6424700000145
Ramanaguda,CHC,ORISSA,19.22028999981562,83.67438000051317
Padmapur,CHC,ORISSA,19.234430000057184,83.82152999988226
Katapali,CHC,ORISSA,21.408979999905316,83.61512999987988
Bhatli,CHC,ORISSA,21.47274999987486,83.54220999959821
Paharsrigida,CHC,ORISSA,21.475400000103576,83.76680000016181
Bamparda,CHC,ORISSA,21.48040999980228,85.0843699994028
Kaptipada,CHC,ORISSA,21.51731000028061,86.52776000015643
Thakurmunda,CHC,ORISSA,21.52061999962229,86.1577700001439
Remuna,CHC,ORISSA,21.522769999584693,86.88711999915506
Barkote,CHC,ORISSA,21.535800000187084,85.00581999941906
Debeipali,CHC,ORISSA,21.538209999686288,84.02665999946525
Berhampur,CHC,ORISSA,21.53933999931746,86.65299999991436
Tileibani,CHC,ORISSA,21.546630000734368,84.60634999930397
CHC BARAMKELA,CHC,CHATTISGARH,21.564136670248555,83.28069853028991
Bhukta,CHC,ORISSA,21.584540000663917,83.42406999997834
Patrapur,CHC,ORISSA,21.59655000001389,87.26324999940597
Fasimal,CHC,ORISSA,21.601959999521437,84.28288000008463
Rupsa,CHC,ORISSA,21.62186999992449,87.01967000001164
Banspal,CHC,ORISSA,21.62750000050393,85.41817000006041
Patna,CHC,ORISSA,21.637279999860347,85.89396999988577
Baliapal,CHC,ORISSA,21.65207999936518,87.29138000051972
K U N D Bararankua Rural Hospital,CHC,WEST BENGAL,21.6772669999886,87.59203299993162
Digha A.K. BPHC,CHC,WEST BENGAL,21.679999999882757,87.54999999954097
Basta,CHC,ORISSA,21.68040000018543,87.07002999950544
Jaleswarpur,CHC,ORISSA,21.680870000270275,87.40640000024085
Udyapur,CHC,ORISSA,21.700410000012997,85.85272999988858
Khunta,CHC,ORISSA,21.70395999998157,86.6779700000481
S Bolanga,CHC,ORISSA,21.712459999480505,84.80282999974358
Dwariknagar Rural Hospital,CHC,WEST BENGAL,21.71946700048818,88.25359999934201
Padampur,CHC,ORISSA,21.72423000062948,85.58953999972586
Laida,CHC,ORISSA,21.726690000065496,84.235180000182
BADASAHI,CHC,ORISSA,21.727560000375668,86.74466999972553
Rudranagar Rural Hospital,CHC,WEST BENGAL,21.72950000003629,88.10553299973087
Betnoti,CHC,ORISSA,21.737100000351,86.85143000029065
SRIDAM CHANDRAPUR,CHC,ORISSA,21.74587999944433,86.53340999995
Kamarda,CHC,ORISSA,21.75772000006225,87.36629000002274
Majna BPHC,CHC,WEST BENGAL,21.76486109962302,87.6791074999219
Lakhanpur,CHC,ORISSA,21.76540000012946,83.77366000010032
RASGOBINDPUR,CHC,ORISSA,21.781789999606094,87.05099999959344
Madhabnagar Rural Hospital,CHC,WEST BENGAL,21.789650000051783,88.35388300028325
Dukura,CHC,ORISSA,21.791370000036807,86.65957000032296
Kuntara,CHC,ORISSA,21.79248000024586,84.52217999966393
Kolabira,CHC,ORISSA,21.804939999643,84.16486000011537
Basantia Rural Hospital,CHC,WEST BENGAL,21.806382999841446,87.8168829998879
Jhumpura,CHC,ORISSA,21.8240900002134,85.56942000021776
Sillyaberia Rural Hospital,CHC,WEST BENGAL,21.82554999955437,87.9050499994857
KRUSHNA CHANDPUR,CHC,ORISSA,21.83703999977659,86.81484000000432
Bagda RH,CHC,WEST BENGAL,21.84160000006444,87.41614999992437
TATO,CHC,ORISSA,21.8440300001749,86.018910000068
Gurundia,CHC,ORISSA,21.84756000001581,84.7795900003368
Kisantandi,CHC,ORISSA,21.859660000093143,86.90205000007548
Pamgarh,CHC,CHATTISGARH,21.870063039931388,82.45469662042889
Hatigarh,CHC,ORISSA,21.871080000220022,87.22492999929094
Malkharoda,CHC,CHATTISGARH,21.87515205963433,82.98867407016758
Kirmira,CHC,ORISSA,21.875970000502125,84.17789999957688
Mundrajore,CHC,ORISSA,21.883259999792656,84.25841000044136
Lahunipara,CHC,ORISSA,21.888209999804698,84.9418199995158
PHC LOING RAIGARH,CHC,CHATTISGARH,21.889721940057925,83.41794124934233
Rajpur,CHC,ORISSA,21.88975999992666,83.93426999995384
Gangadharbarh Rural Hospital,CHC,WEST BENGAL,21.89210000050344,87.64079999986409
Kharipukuria BPHC,CHC,WEST BENGAL,21.89666699937099,87.75899999975839
Koida,CHC,ORISSA,21.90700999955349,85.24506999966798
BAMHNIDIH,CHC,CHATTISGARH,21.908826810660056,82.7201788903297
Sukruli,CHC,ORISSA,21.92107000001251,85.86755999945323
Kamarda B.P.H.C,CHC,WEST BENGAL,21.92203400061984,87.830161999724
Rangamatia,CHC,ORISSA,21.931550000264604,86.64962999977037
Bhanda,CHC,ORISSA,21.93895999994216,85.74517000015561
Hemgir,CHC,ORISSA,21.945679999879825,83.70394000008334
Jashipur,CHC,ORISSA,21.947869999794648,86.06832000060615
Mangaspur,CHC,ORISSA,21.951710000270083,83.99009000016873
Dantan RH,CHC,WEST BENGAL,21.95418299952037,87.27849999999347
Khandarui RH,CHC,WEST BENGAL,21.95646699960492,87.41365000016675
Raruan,CHC,ORISSA,21.95812999997302,85.86542000044405
Kostha,CHC,ORISSA,21.97394000023876,86.91135000039546
CHC CHAPLE KHARSIA,CHC,CHATTISGARH,21.988001589908777,83.1850602604404
MASTURI,CHC,CHATTISGARH,21.993161659309077,82.26601272014942
Raidighi Rural Hosp.,CHC,WEST BENGAL,21.99828300045412,88.4417999996358
Bhupatinagar Mugberia RH,CHC,WEST BENGAL,22.000832999715957,87.72781699959137
Kharikamathani RH,CHC,WEST BENGAL,22.008166999703,87.14801700014779
Majhapada,CHC,ORISSA,22.021410000272645,84.19532999935652
Jamukeswar,CHC,ORISSA,22.022959999975093,86.07614000044441
Patashpur RH,CHC,WEST BENGAL,22.026849999804323,87.5472999997668
Basudevpur,CHC,ORISSA,22.02697999966624,85.51892000008355
Reapara RH,CHC,WEST BENGAL,22.042867000274818,87.90465000035093
Govindpur,CHC,ORISSA,22.04548999947603,84.29026999975257
Sargipalli,CHC,ORISSA,22.05871999995297,83.92174000013027
Kuliana,CHC,ORISSA,22.06564999969271,86.66415999975938
Gonara BPHC,CHC,WEST BENGAL,22.074883000092623,87.64273300008233
Barghasipur BPHC,CHC,WEST BENGAL,22.07735300000251,88.13903199953249
Kulpi BPHC,CHC,WEST BENGAL,22.082282999427957,88.24773299981348
Belda RH,CHC,WEST BENGAL,22.08410000007217,87.32868299993528
CHC TAMNAR,CHC,CHATTISGARH,22.0879285998096,83.43764355020961
Kolnora,CHC,ORISSA,19.24809999995212,83.46050999957855
Bomkei,CHC,ORISSA,19.284709999756032,84.53795999998086
Tentulikhunti,CHC,ORISSA,19.29288999972015,82.72625999971294
CHANDAGIRI,CHC,ORISSA,19.302050000390544,84.28597999989184
Papadahandi,CHC,ORISSA,19.339769999801177,82.51785999954512
Kashipur,CHC,ORISSA,19.353959999975626,83.12696000006449
Kukudakhandi,CHC,ORISSA,19.40039000037255,84.75173000045805
Bellagam,CHC,ORISSA,19.429940000250173,84.82320000039522
Municipentho,CHC,ORISSA,19.433820000541576,84.99228999951278
Erashal Rural Hospital,CHC,WEST BENGAL,22.0902330000714,87.86184999950608
Badampahar,CHC,ORISSA,22.091119999982496,86.14954999937422
Majhgaon,CHC,JHARKHAND,22.093213999749764,85.88322900034042
Joynagar Rural Hosp,CHC,WEST BENGAL,22.10371699990561,88.57130000001553
Birkera,CHC,ORISSA,22.12169000057666,84.79996000009014
Garposh,CHC,ORISSA,22.124109999903823,84.41973999999509
Mathurapur Rural Hospital,CHC,WEST BENGAL,22.12428999954143,88.38995000051284
Keshiari RH,CHC,WEST BENGAL,22.12713300066645,87.22886699987257
Naiyarat Rural Hosp,CHC,WEST BENGAL,22.13331700005685,88.33876699959002
Bangriposi,CHC,ORISSA,22.15361000031641,86.5385500001056
Nimpith Sree Ramkrishna Rural Hosp.,CHC,WEST BENGAL,22.15519999987256,88.44005000061395
Baragaon,CHC,ORISSA,22.161969999734534,84.30332999930557
Barajamda Referral Hospital,CHC,JHARKHAND,22.16691900056011,85.42382999989968
Sabang RH,CHC,WEST BENGAL,22.18049999999013,87.59304999973276
Basanti Rural Hosp,CHC,WEST BENGAL,22.19186000070543,88.71163000052738
Khejurberia Rural Hospital,CHC,WEST BENGAL,22.195632999663093,87.9290500005723
Bhangagarh RH,CHC,WEST BENGAL,22.20109999976206,87.14043300031105
Bijatala,CHC,ORISSA,22.206370000238493,86.29404000005046
Kumardungi,CHC,JHARKHAND,22.21552800011285,85.87855699998994
Jaganathpur,CHC,JHARKHAND,22.21887799955156,85.64048099990102
Panchagram Rural Panchagram Rural HospitalHosp,CHC,WEST BENGAL,22.220182999496178,88.23786699977902
SIRSHA,CHC,ORISSA,22.229959999999885,86.66429999950147
Kutra,CHC,ORISSA,22.233060000353557,84.45321000038268
Laing,CHC,ORISSA,22.23823000005631,84.64183999994849
Padmerhat Rural Hosp.,CHC,WEST BENGAL,22.24524999986031,88.4478829999727
Sarisha BPHC,CHC,WEST BENGAL,22.24996699959745,88.18538299937295
Baneswarpur Rural Hospital,CHC,WEST BENGAL,22.25101699947539,88.29223299945143
Bisra,CHC,ORISSA,22.253819999721618,85.01784999965044
Jamda,CHC,ORISSA,22.2599300002465,86.053159999532
Kamalpur RH,CHC,WEST BENGAL,22.26058300021511,87.98951799994988
Baharagora,CHC,JHARKHAND,22.27000000035027,86.72000000006571
Kuarmunda,CHC,ORISSA,22.284300000031887,84.7735500005559
Pingla RH,CHC,WEST BENGAL,22.28606700025327,87.58228300024811
Subdega,CHC,ORISSA,22.28765999989094,84.10127000029092
Kinjirkela,CHC,ORISSA,22.287880000147133,83.94580000059301
Ekma,CHC,ORISSA,22.291680000101984,84.30923000024268
Falta BPHC,CHC,WEST BENGAL,22.292032999936247,88.1056999992371
KARTALA,CHC,CHATTISGARH,22.295796650282387,82.96205309949225
Gorumahisani,CHC,ORISSA,22.31056999977011,86.28239000065902
Changual BPHC,CHC,WEST BENGAL,22.31094999971299,87.37985000006624
Jhumjhumi RH,CHC,WEST BENGAL,22.314260290474436,87.97250529995904
Jhargram Mohanpur RH,CHC,WEST BENGAL,22.32001700030929,87.01431700031901
Anantapur Rural Hospital,CHC,WEST BENGAL,22.323400000493667,87.82049999990406
Manjhari,CHC,JHARKHAND,22.335250000320592,85.92961399961774
Dipka,CHC,CHATTISGARH,22.349608209456918,82.54299671980911
Sandeshkhali RH,CHC,WEST BENGAL,22.350533000055627,88.90643299994348
Tonto,CHC,JHARKHAND,22.35199999968589,85.92599999997464
Chandidaulatabad BPHC,CHC,WEST BENGAL,22.355466999672142,88.294383000303
Amtala Rural Hosp.,CHC,WEST BENGAL,22.365669999675163,88.27180999999467
H S Janubasan Rural Hospital,CHC,WEST BENGAL,22.36568299990592,87.88788300037007
Gutiyarisarif BPHC,CHC,WEST BENGAL,22.372982999756594,88.5465499999898
Debra RH,CHC,WEST BENGAL,22.38159999987957,87.56183300012886
Bahalda,CHC,ORISSA,22.38459000024386,86.08673000037706
L.B. Dutta Rural Hosp.,CHC,WEST BENGAL,22.38896699996824,88.19821699986846
Hatibari,CHC,ORISSA,22.389820000024205,84.84171000062355
Hariharpur BPHC,CHC,WEST BENGAL,22.391983000326817,88.43128299949811
Jhinkpani,CHC,JHARKHAND,22.392506000042957,85.79229099992502
Mugkalyan RH,CHC,WEST BENGAL,22.412768369483327,87.97718370978905
Uttar Mechagram Rural Hospital,CHC,WEST BENGAL,22.424033000095317,87.74990000035324
Samali BPHC,CHC,WEST BENGAL,22.425867000170665,88.25528300021332
Bolba,CHC,JHARKHAND,22.42931400011818,84.34780800010054
Ghoshpur Rural Hospital,CHC,WEST BENGAL,22.43386699994008,88.86731699996025
Jharadihi,CHC,ORISSA,22.4373099992182,86.17247000001218
Dumaria,CHC,JHARKHAND,22.440000000602247,86.43000000033565
Sandelerbil Rural Hospital,CHC,WEST BENGAL,22.447382999986797,88.96966700011575
Chilkigarh Rural Hospital,CHC,WEST BENGAL,22.45005530054142,86.87373180011302
Tantnagar,CHC,JHARKHAND,22.452446999403566,85.94423599966825
Deypara BPHC,CHC,WEST BENGAL,22.460782999923648,87.15649999978486
Bagnan RH,CHC,WEST BENGAL,22.466654469357344,87.96436057980681
Chandipur Manikpur RH,CHC,WEST BENGAL,22.470960519567697,88.02632642020767
Sarsuna BPHC,CHC,WEST BENGAL,22.47821699995168,88.29124999998551
Musaboni,CHC,JHARKHAND,22.49000000055087,86.45000000019314
Nalmuri Rural Hosp,CHC,WEST BENGAL,22.499799999822777,88.60081699992799
Thetaitanger,CHC,JHARKHAND,22.49990900029436,84.51435399997789
Minakhan RH,CHC,WEST BENGAL,22.501032999987626,88.72646699976471
Brindabanpur RH,CHC,WEST BENGAL,22.501508239701163,88.0992574401229
Goilkera,CHC,JHARKHAND,22.50954399930304,85.37739500039363
Dhalbhumgadh,CHC,JHARKHAND,22.509999999821048,86.53999999955178
Tiring,CHC,ORISSA,22.51551999964461,86.06315999946074
PHARSABAHAR,CHC,CHATTISGARH,22.519606910018847,83.84944394988202
Jirongacha Rural Hospital,CHC,WEST BENGAL,22.541600000055368,88.5333499997964
Kurdeg,CHC,JHARKHAND,22.54540300018624,84.11976399972741
Keshpur RH,CHC,WEST BENGAL,22.55218300010813,87.45814999980473
Kulai RH,CHC,WEST BENGAL,22.55312383018078,88.15117998000167
Ghatshila,CHC,JHARKHAND,22.559999999950403,86.47999999997936
Jaldega,CHC,JHARKHAND,22.56765100035918,84.81116599996588
Sonua,CHC,JHARKHAND,22.570896999732177,85.4607640001426
Amta RH,CHC,WEST BENGAL,22.57514832006794,88.0140021902797
Joypur BPHC,CHC,WEST BENGAL,22.58197935967849,87.92764637036446
PONDI UPRORA,CHC,CHATTISGARH,22.59847508006916,82.55477178984094
Ref Juri  Hospital,CHC,JHARKHAND,22.599999999591216,86.1700000003918
Aundh,DHO,MAHARASHTRA,18.309999999894984,73.54999999959333
Alibag,DHO,MAHARASHTRA,18.65539400007841,72.86708199971513
WH Neknoor,DHO,MAHARASHTRA,18.80671639994949,75.78075249972069
NMMC General Hospital Nerul Sec 15,DHO,MAHARASHTRA,19.034900000302468,73.0200000006752
Paralakhemundi,DHO,ORISSA,18.81354999987381,84.13619000012471
Shri Bhausaheb Hire Govt Medical College & Hospital Dhule,DHO,MAHARASHTRA,20.37999999985164,73.47000000016341
GMERS Medical College Hospital Valsad,DHO,GUJARAT,20.61515484052006,72.92883975975347
General Hospital Dang,DHO,GUJARAT,20.75961473031601,73.685181219816
Nandurbar,DHO,MAHARASHTRA,21.320000000386997,74.22999999923914
Jamnabai General  Hospital,DHO,GUJARAT,22.2999461202087,73.21175193960241
SSG Medical college Vadodara,DHO,GUJARAT,22.30396609941564,73.19599946007251
DH JHABUA,DHO,MADHYA PRADESH,22.77940000003452,74.62830000029055
Gandhinagar Hospital,DHO,GUJARAT,23.218276000001115,72.64009199985136
GMERS Medical College Gandhinagar,DHO,GUJARAT,23.218803440418537,72.64065848016449
GMERS Medical College Dharpur,DHO,GUJARAT,23.84445807015778,72.2020840297058
General Hospital Sirohi,DHO,RAJASTHAN,25.063028999993254,72.78368899967674
District Hospital Barmar,DHO,RAJASTHAN,25.82320999998455,71.40421000003617
Govt Bangur Hopital Pali,DHO,RAJASTHAN,25.958956999466885,73.14278499998304
Dist Women Hospital Akola,DHO,MAHARASHTRA,20.425167000059844,77.02358999937228
Govt. Medical College & Hospital Akola,DHO,MAHARASHTRA,20.700970399936757,76.99994669952206
Wardha,DHO,MAHARASHTRA,20.71630000009068,78.58383200068133
Govt. Medical College & Hospital Nagpur,DHO,MAHARASHTRA,21.07350499950587,79.05483100028478
Super speciality Hospital Nagpur,DHO,MAHARASHTRA,21.07350499950587,79.05483100028478
Daga WH,DHO,MAHARASHTRA,21.08590000051536,79.06184900040705
Dr Babasaheb Ambedkar Hospital & research centre,DHO,MAHARASHTRA,21.08590000051536,79.06184900040705
Mahasamund,DHO,CHATTISGARH,21.12026060976909,82.07314101055928
DH Burhanpur,DHO,MAHARASHTRA,21.18552099933561,76.13563300014772
DH Betul,DHO,MADHYA PRADESH,21.903333329965587,77.89864833018066
DH Dhar,DHO,MADHYA PRADESH,22.59429099994316,75.30826499977624
DH NARSINGHPUR,DHO,MADHYA PRADESH,22.94970525039456,79.18638954942688
DH DINDORI,DHO,MADHYA PRADESH,23.04045000040938,81.0629600000404
DH ujjain,DHO,MADHYA PRADESH,23.10375200024895,75.46586600005915
DH Ratlam,DHO,MADHYA PRADESH,23.19395599959163,75.22077999934554
DH SHAHDOL,DHO,MADHYA PRADESH,23.307598990016096,81.35371078024389
DH Damoh,DHO,MADHYA PRADESH,23.833045839409788,79.4410294799368
DH Mandsaur,DHO,MADHYA PRADESH,24.075809699679024,75.0761639003562
DH Ashoknagar,DHO,MADHYA PRADESH,24.34416399944444,77.43597199980067
DH Tikamgarh,DHO,UTTARPRADESH,24.44565999990917,78.50280999963076
DH Satna,DHO,MADHYA PRADESH,24.568495630458187,80.83186568028849
District Combined Hospital,DHO,UTTARPRADESH,25.196510000445024,80.91326000068497
DWH MAHOBA,DHO,UTTARPRADESH,25.29309499960447,79.84361999917682
Lohardaga Sadar Hospital,DHO,JHARKHAND,23.44179200035745,84.68525699966308
Daltonganj Sadar Hospital,DHO,JHARKHAND,24.020000000200763,84.03999999940073
District Hospital of North Tripura,DHO,TRIPURA,24.02339999934669,92.0095070001784
Singrauli,DHO,MADHYA PRADESH,24.06738199966882,82.62841999952622
Giridih Sadar Hospital,DHO,JHARKHAND,24.180000000169787,86.27999999960795
Rampuhat DH,DHO,WEST BENGAL,24.18863300056465,87.7934330004188
Pakur Sadar Hospital,DHO,JHARKHAND,24.63999999962268,87.79000000052562
Silchar Medical College and Hospital Silchar,DHO,ASSAM,24.775800000444114,92.79501700006142
Combined Hospital Chakiya Chandauli,DHO,UTTARPRADESH,25.055316000179914,83.2229059994927
Sadar Hospital Arwal,DHO,BIHAR,25.232556970104906,84.67716879971191
Balurghat District Hospital,DHO,WEST BENGAL,25.246800000278142,88.78125000008696
MAHARAJA BALAVANT SINGH SUB DISTRIC HOSPITAL,DHO,UTTARPRADESH,25.39572699953967,82.56475500025701
Sadar Hospital Buxar,DHO,BIHAR,25.55441936969253,83.95268406999129
Medical Collage Azamgarh,DHO,UTTARPRADESH,25.9036559002313,83.20472860049834
Dhubri Civil Hospital,DHO,ASSAM,26.034900000231705,89.9650999994077
Sonapur District Hospital,DHO,ASSAM,26.11679259985161,91.9683007992938
SKMCH Muzaffarpur,DHO,BIHAR,26.169199999911736,85.3906499999403
MMCH,DHO,ASSAM,26.1854500000724,91.74093300036088
TRB Civil Hospital,DHO,ASSAM,26.207816999620512,91.6777000000135
Sadar Hospital Madhubani,DHO,BIHAR,26.33796000029723,86.0715199999725
Bongaigaon CH,DHO,ASSAM,26.456666999855432,90.56023299927948
Medical Collage Ambedkar Nagar,DHO,UTTARPRADESH,26.50912700011525,82.6139010003062
Sadar Hospital Sitamarhi,DHO,BIHAR,26.596420000508104,85.49542000038578
Kanaklata Civil Hospital,DHO,ASSAM,26.628399999962284,92.79701700022684
Dr. Ravi Boro Civil Hospital Baksa,DHO,ASSAM,26.664059799825232,91.34063780063929
North Bengal Medical College and Hospital,DHO,WEST BENGAL,26.689151600197697,88.38490289963232
Opec Hospital Kaily,DHO,UTTARPRADESH,26.778839000356225,82.76260000065234
Disttrict Combined Hospital Sant Kabir Nagar,DHO,UTTARPRADESH,26.795499999550557,83.0720520000688
Sadar Hospital M.J.K Bettiah Paschim Champaran,DHO,BIHAR,26.79567099987375,84.49906879980423
Disttrict Combined Hospital Kushinagar,DHO,UTTARPRADESH,26.863353000504738,83.95575000029307
Sivasagar Civil Hospital,DHO,ASSAM,26.95534999926665,94.61111699979492
North Lakhimpur Civil Hospital,DHO,ASSAM,27.26091700032553,94.11741699983658
District Combined Hospital,DHO,UTTARPRADESH,27.273965000014183,83.06946100007457
DH Kollam,DHO,KERALA,8.888521999838519,76.58548499949792
Victoria Hospital Kollam,DHO,KERALA,8.888521999838519,76.58548499949792
KOVILPATTI,DHO,TAMILNADU,9.167414400021524,77.87674420016151
Dist. Hosp. Kozhencherry,DHO,KERALA,9.33387046515839,76.70657270034836
General Hospital Kanhirappally,DHO,KERALA,9.56311666647271,76.77595000027102
General Hospital Kottayam,DHO,KERALA,9.591433333517168,76.52676666946049
G H Kottayam,DHO,KERALA,9.591567000527949,76.52215300031469
ICH Kottayam,DHO,KERALA,9.641464380269252,76.50915300013783
General Hospital Pala,DHO,KERALA,9.691416666511794,76.55271667048379
DH Thrissur,DHO,KERALA,10.235330240614884,76.3438409701522
Indira Gandhi Hospital,DHO,LAKSHADWEEP,10.559320399989865,72.63581000038654
DH Wadakkanchery,DHO,KERALA,10.626491999899809,76.46874899929348
W & C Palakkad,DHO,KERALA,10.766430999628769,76.6593839999459
District Hospital Palakkad,DHO,KERALA,10.76659217977298,76.65781674969388
ARIYALUR,DHO,TAMILNADU,11.132300000066031,79.1467000002876
General Hospital Calicut,DHO,KERALA,11.231505000074383,76.05408899976366
W and C Hospital Calicut,DHO,KERALA,11.258861999141812,75.78411300018051
IMCH Calicut,DHO,KERALA,11.270320000488397,75.83028499992086
Chittor,DHO,ANDHRA PRADESH,13.225358900546,79.16446320047751
Goa Medical College Hospital,DHO,GOA,15.464202999883652,73.8586060007095
Sindhudurg,DHO,MAHARASHTRA,16.11634799951946,73.68992699969903
Govt Medical College & Hospital Sangli,DHO,KARNATAKA,16.5192200001748,74.34280700015617
DH Eluru,DHO,ANDHRA PRADESH,16.710659999840697,81.09524299984925
GGH Kakinada,DHO,ANDHRA PRADESH,16.945181000618444,82.23864700028948
Dr. Shankarrao Chavan Govt. Medical College & Hospital Nanded,DHO,MAHARASHTRA,19.109313000265907,77.29298299952254
WH Basmat,DHO,MAHARASHTRA,19.31000000029836,77.1499999999905
BJR Hospital,DHO,ANDAMAN & NICOBAR,9.1489300002493,92.75578000060268
G.B.Pant Hospital,DHO,ANDAMAN & NICOBAR,11.684379999730444,92.69870000001411
Dr. R.P.Hospital,DHO,ANDAMAN & NICOBAR,13.029559999771656,92.84845000049656
DH DATIA,DHO,MADHYA PRADESH,25.41140500048285,78.2631989997068
MANYAWAR KASHIRAM HOSPITAL,DHO,UTTARPRADESH,26.24525400016037,80.22572800018264
DISTRIC WOMEN HOSPITAL,DHO,UTTARPRADESH,26.282367999801387,80.21097999973544
UHM MALE HOSPITAL,DHO,UTTARPRADESH,26.28238300049954,80.20540600010986
DH Hanumangarh Town,DHO,RAJASTHAN,29.576422000481923,74.3371200005527
Civil Hospital Sirsa,DHO,HARYANA,29.7800000002472,74.52999999979627
Govt Hospitls Sriganganagar,DHO,RAJASTHAN,29.90985600031691,73.8750599997976
Faridkot DH,DHO,PUNJAB,30.679073999855596,74.76054599957683
Medical College Faridkot,DHO,PUNJAB,30.680551999434314,74.73898999996797
District Combind Hospital Chicholi,DHO,UTTARPRADESH,26.519872000020936,79.5516649994872
DH bhind,DHO,MADHYA PRADESH,26.54494999986533,78.73325000000446
Jawahar Hospital Jaisalmer,DHO,RAJASTHAN,26.55000000016898,75.5500000006125
RIMS & R Medical College,DHO,UTTARPRADESH,26.83039600000393,79.01435399964555
MEDICAL COLLEGE,DHO,UTTARPRADESH,26.97820000005285,79.8093999998501
COMBIND DISTRICT HOSPITAL KANNAUJ,DHO,UTTARPRADESH,27.0136419996854,79.94147999945504
DH,DHO,UTTARPRADESH,27.037399999805167,81.95350000065984
"RBM Hospital, Bharatpur",DHO,RAJASTHAN,27.22000899964903,77.47999100011302
District Women Hospital,DHO,UTTARPRADESH,27.30565300042757,80.13403200043217
District Combined Hospital,DHO,UTTARPRADESH,27.40959199971997,82.19346500058613
District Combined Hospital,DHO,UTTARPRADESH,27.559119999310603,77.68159000079184
Combind District Hospital,DHO,UTTARPRADESH,27.71560000081571,81.73849999994616
WH,DHO,UTTARPRADESH,27.82673999919576,78.63859599983866
District Women Hospital,DHO,UTTARPRADESH,27.85569500038763,79.89741699966007
Civil Hospital Mandikhera,DHO,HARYANA,27.94343000007854,77.01719999978701
Medical College Mewat,DHO,HARYANA,28.09868600010576,76.98446799954131
DH SDN HOSPITAL,DHO,HARYANA,28.40424000033248,77.18112000040834
Civil Hospital,DHO,HARYANA,28.5357999992748,76.35040000033459
PGIMS,DHO,HARYANA,28.5357999992748,76.35040000033459
DISTRICT COMBINED HOSPITAL,DHO,UTTARPRADESH,28.97499000024368,77.21392999957357
J.L.N. District Hospital,DHO,UTTARAKHAND,28.991394000398124,79.4013479994654
CR Women Govt Hospital,DHO,UTTARPRADESH,29.570806000029798,78.09689500057713
Shyam Lal Shah DH,DHO,UTTARAKHAND,29.838482299371503,79.77642370006791
Medical Collage Saharanpur,DHO,UTTARPRADESH,29.99263999994612,77.47864399970068
DH Female Pauri,DHO,UTTARAKHAND,30.085945999896936,78.46269199991502
DH Pauri,DHO,UTTARAKHAND,30.090330000509223,78.46256200021867
Doon Female Hospital,DHO,UTTARAKHAND,30.191185000019207,78.02498200005087
Doon Male Hospital,DHO,UTTARAKHAND,30.19166000030611,78.25545000001367
Sangrur DH,DHO,PUNJAB,30.22788309957416,75.84131329955869
District Hospital,DHO,UTTARAKHAND,30.245929000061203,79.19239500000195
M M Medical College Mullana,DHO,HARYANA,30.25000000000652,77.03999999987607
District Hospital Rudraprayag,DHO,UTTARAKHAND,30.28428180016595,78.978390799747
M.K.H. Patiala DH,DHO,PUNJAB,30.36109999994381,76.32579999919834
DH Bauradi,DHO,UTTARAKHAND,30.37991666961072,78.43663333059011
District Hospital,DHO,UTTARAKHAND,30.437734000417976,78.26582400003619
District Female Hospital,DHO,UTTARAKHAND,30.437734000417976,78.26582400003619
Fatehgarh Sahib DH,DHO,PUNJAB,30.55187999959379,76.46946999971694
ESI Hospital Amritsar,DHO,PUNJAB,31.355460000694627,75.14489999989702
BBMB Nangal Civil Hospital,DHO,PUNJAB,31.370000000094954,76.38000000008772
ANGUL,DHO,ORISSA,20.81950999993888,85.09825000001175
Boudh,DHO,ORISSA,20.84041999931274,84.32031999976752
Bhadrak,DHO,ORISSA,21.064450000176,86.50207999946988
Keonjhar,DHO,ORISSA,21.62937999951625,85.58140000022041
RGH Rourkela,DHO,ORISSA,22.010250000025167,84.69253000005348
Shrivardhan,THO,MAHARASHTRA,18.25972000037347,73.12620000047536
PMC Yerawada Hospital,THO,MAHARASHTRA,18.53496999997613,73.87630299955454
PMC Bharati Hospital,THO,MAHARASHTRA,18.53999999991408,73.93390000035207
SDH Karjat,THO,MAHARASHTRA,18.543673000826256,73.1926050006
Karjat,THO,MAHARASHTRA,18.557739999569414,75.00366200026228
Mukhed,THO,MAHARASHTRA,18.70080600017288,77.36284700037791
Indapur,THO,MAHARASHTRA,18.713920000461904,75.13317000013963
Bhor,THO,MAHARASHTRA,18.838410000279275,73.51680000044077
CH Bhanpuri,THO,CHATTISGARH,19.27939954052066,81.87419781972918
Asifabad,THO,TELANGANA,19.361900000142285,79.29303000039737
Mukerian SDH,THO,PUNJAB,31.94525999983733,75.62040999929415
Ranjit Sagar Dam Hospital ShahpurKandi,THO,PUNJAB,32.38270000002137,75.67370000051254
Baliguda,THO,ORISSA,20.19837999990365,83.91230000006819
Hindol,THO,ORISSA,20.693060000227536,85.29274999947913
Birmaharajpur,THO,ORISSA,20.857739999923687,84.03432000036825
Talcher,THO,ORISSA,20.94488999922072,85.24064000006516
Pallahara,THO,ORISSA,21.435219999563827,85.190789999311
Digha SG Hospital,THO,WEST BENGAL,21.62348300010624,87.51681700010681
Contai SD Hospital,THO,WEST BENGAL,21.78168300026066,87.77536699970616
Bonai,THO,ORISSA,21.822979999832747,84.95967000031835
SDH Panposh,THO,ORISSA,21.822979999832747,84.95967000031835
Kakdwip SDH,THO,WEST BENGAL,21.867120000707967,88.18545999936585
Haldia SD Hospital,THO,WEST BENGAL,22.08153300013624,88.1419830002751
Gabberia SGH,THO,WEST BENGAL,22.566351309520964,88.12447901075707
Belur State General Hospital,THO,WEST BENGAL,22.636867000455386,88.34062799983825
Udaynarayanpur SGH,THO,WEST BENGAL,22.720657619671897,87.98859042024876
Ashoknagar SGH,THO,WEST BENGAL,22.847516999740577,88.61799999983545
KOODANKULAM,THO,TAMILNADU,8.200937300319742,77.71031479981141
Khatra SDH,THO,WEST BENGAL,22.969450000674986,86.8486170005386
Ranaghat SDH,THO,WEST BENGAL,23.16729999965716,88.55394999970348
Raghunathpur SD Hospital,THO,WEST BENGAL,23.533267000027063,86.65621699989744
Chas,THO,JHARKHAND,23.6131000005888,86.18080000038671
Bolpur Sub Divisional Hospital,THO,WEST BENGAL,23.67576699970036,87.72286699940655
Tenughat,THO,JHARKHAND,23.68999999928972,85.77999999957774
Tehatta SDH,THO,WEST BENGAL,23.728699999905587,88.53008299958456
Bermo,THO,JHARKHAND,23.750000000526164,85.9899999998779
Kanchanpur SDH,THO,TRIPURA,24.002383999722863,92.01196300045338
Bimal Sinha Memorial SDH,THO,TRIPURA,24.197059999824788,91.82855000013778
Husainabad,THO,JHARKHAND,24.31000000024105,84.0000000005841
Chhatarpur,THO,JHARKHAND,24.37249200042059,84.19227599958008
Jangipur SDH,THO,WEST BENGAL,24.470738000104262,88.09496089064544
Rajmahal,THO,JHARKHAND,25.05000000056204,87.81999999941355
Sub Divisional Hospital Tarapur,THO,BIHAR,25.100775950080155,86.67072631977027
Chanchal SDH,THO,WEST BENGAL,25.234119999344934,88.00543999965873
Sub Divisional Hospital Masaurhi,THO,BIHAR,25.367507999745904,85.04267899931891
Sub Divisional Hospital Jagdishpur,THO,BIHAR,25.47803833069008,84.4493799999312
Sub Divisional Hospital Dumraw,THO,BIHAR,25.547263109952848,84.16399930986861
Sub Divisional Hospital Varsoi,THO,BIHAR,25.623971670202803,87.9313116700985
Sub Divisional Hospital Rosera,THO,BIHAR,25.74958000049709,86.03795000002577
Sub Divisional Hospital Mahua,THO,BIHAR,25.827216940174612,85.38523841032823
Sub Divisional Hospital Biraul,THO,BIHAR,25.94675800036362,86.24439199986097
Mathabhanga SDH,THO,WEST BENGAL,26.349250000215083,89.20886699923764
Mekhliganj SDH,THO,WEST BENGAL,26.360582999982345,88.9077500002186
Sub Divisional Hospital Hathua,THO,BIHAR,26.365451670186477,84.2950650001267
RNB C.H. GOSSAIGAON,THO,ASSAM,26.452900199397803,89.97639659976974
Mal SDH,THO,WEST BENGAL,26.86933299944757,88.74113300019616
Sonari SDCH,THO,ASSAM,27.032067000335527,95.05999999992284
Kalimpong SDH,THO,WEST BENGAL,27.066666999597505,88.46666699983741
KARUNGAL,THO,TAMILNADU,8.229088999957554,77.24182299996257
RADHAPURAM,THO,TAMILNADU,8.268900000061343,77.68609999986228
Govt. Hospital,THO,LAKSHADWEEP,8.274000000659987,73.04960000042836
SDH Mangaon,THO,MAHARASHTRA,18.148809999952054,73.16544499943168
Taluk Hospital Parassala,THO,KERALA,8.341470629893157,77.1516191099839
Taluk Hospital Chirayinkeezhu,THO,KERALA,8.658897212994798,76.78543562037649
THQH Kadakkal,THO,KERALA,8.831978259075868,76.9218680105336
OTTAPIDARAM,THO,TAMILNADU,8.90940000070425,78.02129999973735
VEERAKERALAMPUTHUR,THO,TAMILNADU,8.938937900208064,77.44896440023021
Neendakara TH,THO,KERALA,8.94351499976975,76.5545979996069
Sasthamkotta TH,THO,KERALA,9.043097000357728,76.62764300046034
THQH Kayamkulam,THO,KERALA,9.169223000598652,76.4978950003835
Konni THQH,THO,KERALA,9.226706000468814,76.84967800011643
Ranni TH,THO,KERALA,9.376980000073235,76.78059300030915
KALLAMANAYACKANPATTI,THO,TAMILNADU,9.377447399793327,77.71028620014773
THQH Pulinkunnu,THO,KERALA,9.44823000071267,76.44762100020512
Mallappally TH,THO,KERALA,9.45658499995904,76.65297000007118
THIRUTHANGAL,THO,TAMILNADU,9.48786809986887,77.81426659942476
THQH Pampady,THO,KERALA,9.5652499999672,76.64486666979566
THQH Peerumedu,THO,KERALA,9.572383333141854,76.99373332938288
TH Thuravoor,THO,KERALA,9.755172999521037,76.3181710000541
THQH Kuravilangad,THO,KERALA,9.756616667057893,76.55514999997595
KALAIYARKOIL,THO,TAMILNADU,9.847199999568636,78.63379999963965
THQH Kochi,THO,KERALA,9.96407387570309,76.24557769009179
THQH Adimaly,THO,KERALA,10.01150430053778,76.95278359930856
AVUDAIYARKOIL,THO,TAMILNADU,10.076556999301266,79.0443719998734
KANDANUR,THO,TAMILNADU,10.109666000560614,78.82225400037666
TH Puhanvelikkara,THO,KERALA,10.13851970079492,76.37819840003932
KOTHAMANGALAM WCH,THO,TAMILNADU,10.18762899994526,78.80610599981368
TH Ankamaly,THO,KERALA,10.196390000221776,76.3869250003236
NATHAM,THO,TAMILNADU,10.225957999467164,78.22841300066563
ATTUR,THO,TAMILNADU,10.287299999627615,77.84950000079996
THANDIKUDI,THO,TAMILNADU,10.308586000773284,77.64348200038896
KARUPPAMBALAM,THO,TAMILNADU,10.388683999497552,79.7888419997758
Puthukkad TH,THO,KERALA,10.419913000195642,76.26639500055097
UDUMALPET,THO,TAMILNADU,10.466499999980128,77.19159999983782
JALLIPATTI,THO,TAMILNADU,10.51016600021511,77.20302199962364
VIRALIMALAI,THO,TAMILNADU,10.604099999882925,78.54529999995589
THIRUKUVALAI,THO,TAMILNADU,10.63228699986994,79.72033699992666
THQH Alathur,THO,KERALA,10.647174999969312,76.53807300037369
Chelakkara TH,THO,KERALA,10.694136999432963,76.3463619994706
THQH Chittur,THO,KERALA,10.699650000555362,76.75271666995688
Roha,THO,MAHARASHTRA,18.269289999903744,73.73680000066965
Daund,THO,MAHARASHTRA,18.282061999734022,74.34183500056086
Utnoor,THO,TELANGANA,19.371804000254013,78.77878900008318
Aheri,THO,MAHARASHTRA,19.4120294996514,79.99916430032853
Gokunda,THO,MAHARASHTRA,19.60465999975561,78.2051230001318
AH Gudiwada,THO,ANDHRA PRADESH,17.93798600032983,83.4343389995206
Palakonda,THO,ANDHRA PRADESH,18.605767999545304,84.23015300000426
Tekkali,THO,ANDHRA PRADESH,18.605767999545304,84.23015300000426
AH Parvathipuram,THO,ANDHRA PRADESH,18.779081499560636,83.44403269998858
SDH Kasa 50,THO,MAHARASHTRA,19.91399100033967,72.92323400019102
Niphad,THO,MAHARASHTRA,20.03660000057893,74.09954999990374
DHARAPURAM,THO,TAMILNADU,10.731159999859385,77.48768000043005
Elappully TH,THO,KERALA,10.756116669633464,76.74510000018991
BOOTHALUR,THO,TAMILNADU,10.790399999801377,78.9781999993773
Rajive Gandhi Speciality Hospital,THO,LAKSHADWEEP,10.85759999947003,72.19340000058288
AYYAMPETTAI,THO,TAMILNADU,10.8957150002147,79.1899560003437
MANACHANALUR,THO,TAMILNADU,10.915154999704676,78.70111100013563
NACHIARKOIL,THO,TAMILNADU,10.918280000382492,79.4440329997842
KARADIVAVI,THO,TAMILNADU,10.961999999747528,77.19489999966159
TIRUVIDAIMARUDUR,THO,TAMILNADU,10.968699999815048,79.49989999985476
MANMANGALAM,THO,TAMILNADU,11.027700000129936,78.06450000061531
OMANDUR,THO,TAMILNADU,11.033341000199922,78.672180999854
THQH Malappuram,THO,KERALA,11.045582990204515,76.07253796036674
THURAIYUR,THO,TAMILNADU,11.15179899992244,78.61160899982103
TH Wandoor,THO,KERALA,11.193729040083554,76.23677680991332
VAITHEESWARANKOVIL,THO,TAMILNADU,11.19481000023081,79.70500299967355
TH Areacode,THO,KERALA,11.233232490425063,76.05180186030421
SENDURAI,THO,TAMILNADU,11.252713999949547,79.18051799993144
VALAVANTHINADU,THO,TAMILNADU,11.277055000348392,78.35577700043753
VEPPUR,THO,TAMILNADU,11.31463399992275,79.0646460002656
Thamarassery CHC,THO,KERALA,11.35980600018366,75.91765699947537
THITTAKUDI,THO,TAMILNADU,11.40130499956631,79.12278399976488
KAVANTHAPADI,THO,TAMILNADU,11.427480999719643,77.55704800009451
TH Balussery,THO,KERALA,11.44342899933479,75.77212399995705
SATHIYAMANGALAM,THO,TAMILNADU,11.502293000350134,77.25825199983463
VEPPUR,THO,TAMILNADU,11.529758999777483,79.12402700042013
NAINAMPATTI,THO,TAMILNADU,11.53719999990908,78.0522999996063
NLC GH,THO,TAMILNADU,11.540682999302438,79.47453999973364
THQH VYTHIRI,THO,KERALA,11.546659569994215,76.03840011017608
VEMBADITHALAM,THO,TAMILNADU,11.56830199997202,78.01211300029358
TH Perambra,THO,KERALA,11.569670000390824,75.7545900004203
TH Kuttiyady,THO,KERALA,11.655056999802753,75.74948799989951
GOVT. MOHAN KUMARAMANGALAM MEDL COLLEGE HL SALEM MCH,THO,TAMILNADU,11.658721000341966,78.15452500008831
TH Nadapuram,THO,KERALA,11.7283620004719,75.70665800071404
YERCAUD,THO,TAMILNADU,11.779084999945344,78.21430799992577
Iritty TH,THO,KERALA,11.888389249832992,75.46067203001957
THQH Peravoor,THO,KERALA,11.896239939597605,75.73060853966281
VANUR,THO,TAMILNADU,12.022600000688096,79.72809999986352
Payangadi TH,THO,KERALA,12.032901799999,75.26486217996843
THANIPADI,THO,TAMILNADU,12.10899999993574,78.8364999997852
TH Trikaripur,THO,KERALA,12.142394660293338,75.17736698006594
THANDRAMPET,THO,TAMILNADU,12.162630700344604,78.94290019992621
Peringome TH,THO,KERALA,12.221484920032951,75.31180182964489
POCHAMPALLI,THO,TAMILNADU,12.330143000247093,78.36556399993091
KALASAPAKKAM,THO,TAMILNADU,12.434509000186411,79.10421379983612
FRU SOMVARPET TALUKA HOSPITAL,THO,KARNATAKA,12.597500000088298,75.85019999938953
KALAVAI,THO,TAMILNADU,12.769599999901509,79.41220000023716
VEMBAKKAM,THO,TAMILNADU,12.787399599912472,79.58679869954393
ANAIKATTU,THO,TAMILNADU,12.877884500596576,78.990504600218
WALAJABAD,THO,TAMILNADU,12.933899999984195,79.81699999958033
ALUR TALUKA HOSPITAL,THO,KARNATAKA,12.977999999981767,75.98969999969798
FRU MUDIGERE TALUKA HOSPITALHOSPITAL,THO,KARNATAKA,13.143599999354164,75.64590000000993
FRU DEVANAHALLI TALUK HOSPITAL,THO,KARNATAKA,13.257799999279596,77.7282999997592
Satyavedu,THO,ANDHRA PRADESH,13.44340259990557,79.9605316999694
FRU NARASIMHARAJAPURA TALUKA HOSPITAL,THO,KARNATAKA,13.609699999899432,75.5103000004732
Piler,THO,ANDHRA PRADESH,13.6549830998664,78.94446409946222
FRU BYADGI TALUK HOSPITAL,THO,KARNATAKA,14.666599999666929,75.48130000076966
FRU HAGRIBOMMANAHALLI TALUK HOSPITAL,THO,KARNATAKA,15.055200000150355,76.21040000043392
SUPA TALUK HOSPITAL,THO,KARNATAKA,15.15959999936168,74.48870000042295
AH Kandukuru,THO,ANDHRA PRADESH,15.217028000271426,79.90409799949849
Shiroda,THO,MAHARASHTRA,15.77391799982659,73.68036699998636
AH Avanigadda,THO,ANDHRA PRADESH,16.021427000565428,80.91594399966728
DMO Sindhudurg,THO,MAHARASHTRA,16.11377599976807,73.6979360005815
Gadhinlgaj,THO,MAHARASHTRA,16.219999999760372,74.3400000002519
DMO Sangli,THO,KARNATAKA,16.520000000089695,74.3600000001094
AH Bhimavaram,THO,ANDHRA PRADESH,16.545410000321215,81.53157800061024
Vashat Rugnalya Gandhinagar,THO,MAHARASHTRA,16.700000000069366,74.29999999963863
Kodoli,THO,MAHARASHTRA,16.87000000058733,74.17999999959545
Kavthe Mahankal,THO,MAHARASHTRA,17.008969000442903,74.865330000266
AH Jangareddigudem,THO,ANDHRA PRADESH,17.13513099919828,81.32620799992947
Ramannapet,THO,TELANGANA,17.286475000458175,79.09933099992277
Kamathe,THO,MAHARASHTRA,17.291189999659775,73.30502699975592
AH Amalapuram,THO,ANDHRA PRADESH,17.321250000629224,82.04071400003063
Kalambani,THO,MAHARASHTRA,17.461161999490816,73.2457379996629
AH Patancheru,THO,TELANGANA,17.525973699415992,79.26730230006753
AH PATANCHERU,THO,TELANGANA,17.525973699415992,79.26730230006753
Akluj,THO,MAHARASHTRA,17.53276600064789,75.19160000061528
Kothagudem,THO,TELANGANA,17.54137600021531,80.62840899953471
Bhadrachalam,THO,TELANGANA,17.66573699960104,80.89163700023063
AH Mahbubabad,THO,TELANGANA,17.79902999963854,79.97933699978776
Manchar,THO,MAHARASHTRA,18.015100000312685,73.56432100024324
AH Tiruvuru,THO,TELANGANA,18.09999999960069,80.63333299978027
AH Mulugu,THO,TELANGANA,18.193237000274483,79.94136800020037
AH Kamareddy,THO,TELANGANA,18.23837200047483,78.1264540003224
Karmala,THO,MAHARASHTRA,18.244969999321462,75.11377499945633
AH Banswada,THO,TELANGANA,18.3853370007266,77.87462400002119
SDH Pen,THO,MAHARASHTRA,18.4448300002168,73.5389799994904
PMC KEM Hospital,THO,MAHARASHTRA,18.51980000066203,73.86689999930238
PMC Sassoon General Hospital,THO,MAHARASHTRA,18.520399999805196,73.85669999935708
PMC AFMC  Miletary Hospital,THO,MAHARASHTRA,18.520399999805196,73.85669999935708
PMC Kamala Nehru Hospital,THO,MAHARASHTRA,18.52253999990837,73.86268200030997
Khanvel,THO,DADAR & NAGAR HAVELI,20.12860000003681,73.07450000024191
Manmad,THO,MAHARASHTRA,20.29780000046711,74.43979999952276
Chandvad,THO,MAHARASHTRA,20.319850000149003,74.25790000019917
Kalwan,THO,MAHARASHTRA,20.50555000024924,74.04564000034091
Cottage Hospital Vansda,THO,GUJARAT,20.75866199988337,73.36115499994237
Navapur,THO,MAHARASHTRA,21.15000000029333,74.20000000035124
Shirpur,THO,MAHARASHTRA,21.16999999985375,74.51999999986752
CH Kukshi,THO,MADHYA PRADESH,22.20682999999708,74.75565199946854
Kheda Civil Hospital,THO,GUJARAT,22.74999999934317,72.68000000040314
Govt Hospital Sagwara,THO,RAJASTHAN,23.669805000420286,74.02441200079511
SDH Bhiloda,THO,GUJARAT,23.76643499999044,73.2437340001978
Nimbahera,THO,RAJASTHAN,24.615706999546955,74.64753500024194
Pandharkawada,THO,MAHARASHTRA,20.059300000194884,78.32890000002475
Darwha,THO,MAHARASHTRA,20.347202000159065,77.7667239996313
DMO Akola,THO,MAHARASHTRA,20.42497100005049,77.0260200006063
Murtizapur,THO,MAHARASHTRA,20.446779999499245,77.21426199983458
Armori,THO,MAHARASHTRA,20.46505899979487,79.98663299974443
Kurkheda,THO,MAHARASHTRA,20.619854000227065,80.20842700027438
DMO Wardha,THO,MAHARASHTRA,20.71630000009068,78.58383200068133
Arvi,THO,MAHARASHTRA,20.84212800028062,78.5398860001639
SDH Malkapur,THO,MAHARASHTRA,20.889750000173343,76.20375100038257
Muktainagar,THO,MAHARASHTRA,21.042567000548644,76.06094799987727
Sakoli,THO,MAHARASHTRA,21.08171859983741,79.99732779983302
Kamptee,THO,MAHARASHTRA,21.19209399968181,79.19494599981317
SDH Dharni,THO,MAHARASHTRA,21.540000000697034,76.88000000011792
CH Saunsar,THO,MADHYA PRADESH,21.66637309069564,78.81515975035472
CH BARWAH,THO,MADHYA PRADESH,22.253242999652137,76.04079200038422
CH MHOW,THO,MADHYA PRADESH,22.55243700016226,75.75652700083653
CH Pipariya,THO,MADHYA PRADESH,22.76221320038247,78.34867809983736
CH Badnagar,THO,MADHYA PRADESH,23.04894166948516,75.37872832963974
MASTER LAL SINGH GAS RAHAT,THO,MADHYA PRADESH,23.16160000017717,77.23289999921111
CH Shujalpur,THO,MADHYA PRADESH,23.433999999571395,76.31809999990898
CH Jaora,THO,MADHYA PRADESH,23.63644000010506,75.09873999985226
CH Biaora,THO,MADHYA PRADESH,23.8422599999126,76.96997000023765
CH Ganjbasoda,THO,MADHYA PRADESH,23.851464000557964,77.92630299943993
CH Vijayraghavgarh,THO,MADHYA PRADESH,23.990456000520727,80.60325600000114
CH Khurai,THO,MADHYA PRADESH,24.04346799951264,78.33035399966889
CH Siroj,THO,MADHYA PRADESH,24.09031316999686,77.67026513044782
CH Bina,THO,MADHYA PRADESH,24.181450590392352,78.20714270035141
CH Mahidpur,THO,MADHYA PRADESH,24.578627000754874,77.99384999993747
CHC Ramnagar,THO,MADHYA PRADESH,24.625874000455777,81.05927499935385
Zanana Hospital Ajmer,THO,RAJASTHAN,26.52411199935617,74.66269100021982
Chautala Rural GH,THO,HARYANA,29.7800000002472,74.52999999979627
Badal SDH,THO,PUNJAB,30.06653500012151,74.65559600010465
Ghudda SDH,THO,PUNJAB,30.124161000313627,74.79021200035052
Gidderbaha SDH,THO,PUNJAB,30.21603599988414,74.64743000065995
Patti SDH,THO,PUNJAB,31.28000000004724,74.85999999924128
Ajeetgarh,THO,RAJASTHAN,27.420865000077107,75.81821200003178
"Banipark Govt Satellite Hospital, Jaipur",THO,RAJASTHAN,27.515203999454787,76.06964899997257
Mokhuta,THO,HARYANA,27.964186000657257,76.00668000011419
SDH Mohindergarh,THO,HARYANA,28.201235599456123,76.32145689992116
Hailymandi,THO,HARYANA,28.329999999332635,76.71000000043104
Tanakpur SDH,THO,UTTARAKHAND,29.074893999876604,80.10830180009091
L.D.Bhatt hospital Kashipur,THO,UTTARAKHAND,29.21813500007124,79.96326799976583
Narwana,THO,HARYANA,29.348798000113877,76.29361699984692
Combined Hospital  Ramnagar,THO,UTTARAKHAND,29.404901400216072,79.13297209972758
Combined Hospital Kotdwar,THO,UTTARPRADESH,29.45049499978953,78.31269299991054
Tohana SDH,THO,HARYANA,29.708800000562803,75.8373499998988
SPS Rishikesh,THO,UTTARAKHAND,30.065063999437665,78.17764800021756
Base Hospital Almora,THO,UTTARAKHAND,30.13604100059585,78.48833400006843
Dean Dayal Uppadhyay Hospital,THO,UTTARAKHAND,30.192338000251176,78.0346980002975
Sunam SDH,THO,PUNJAB,30.19392760064948,75.84697590002072
Combine Hospital Premnagar,THO,UTTARPRADESH,30.201387999894504,77.57988900019149
Combined Hospital Srinagar,THO,UTTARAKHAND,30.21410999984154,78.77584999993442
Dhuri SDH,THO,PUNJAB,30.359281299663596,75.85685989959852
"St. Marrry Hospital, Mussorriee",THO,UTTARAKHAND,30.452720000196983,77.96703899964695
Sultanpur Lodhi SDH,THO,PUNJAB,31.213177999744754,75.19849800018865
RC Board Hosp Jalandhar Cantt.,THO,PUNJAB,31.288496999971933,75.6203280001767
SDH Khadoor Sahib,THO,PUNJAB,31.423596000093863,75.09907499958801
Bhulath SDH,THO,PUNJAB,31.523070400034022,75.48690600018229
