name,ftype,tier,lat,lon
Arochukwu General Hospital,General Hospital,Tier3 provincial hospital,5.388156,7.912275
Ndi Ememe Comprehensive Health Centre,Comprehensive Health Centre,Tier3 provincial hospital,5.566954,7.738429
Umuawa Comprehensive Health Centre,Comprehensive Health Centre,Tier3 provincial hospital,5.268207,7.422273
Borrong Cottage Hospital,Cottage Hospital,Tier3 provincial hospital,9.54156967,12.17257332
Fufore Cottage Hospital,Cottage Hospital,Tier3 provincial hospital,9.222925,12.64969
Ganye II General Hospital,General Hospital,Tier3 provincial hospital,8.435606,12.062044
Garkida General Hospital,General Hospital,Tier3 provincial hospital,10.83709,13.55645
Gombi Comprehensive Health Centre,Comprehensive Health Centre,Tier3 provincial hospital,10.154731,12.732637
Gulak Cottage Hospital,Cottage Hospital,Tier3 provincial hospital,10.804845,13.451407
Guyugk Cottage Hospital,Cottage Hospital,Tier3 provincial hospital,9.906585,11.929256
Hong Cottage Hospital,Cottage Hospital,Tier3 provincial hospital,10.227756,12.927626
Madagali Comprehensive Health Centre,Comprehensive Health Centre,Tier3 provincial hospital,10.88638,13.63
Mayo-Balewa Cottage Hospital,Cottage Hospital,Tier3 provincial hospital,9.05667,12.06272
Michika General Hospital,General Hospital,Tier3 provincial hospital,10.699103,13.312478
Mubi General Hospital,General Hospital,Tier3 provincial hospital,10.266442,13.267159
Sabon Pegi General Hospital,General Hospital,Tier3 provincial hospital,9.46262947,12.0344566
Song Cottage Hospital,Cottage Hospital,Tier3 provincial hospital,9.8193,12.62079
Akai Ubium Cottage Hospital,Cottage Hospital,Tier3 provincial hospital,4.709605,8.006206
Asong Cottage Hospital,Cottage Hospital,Tier3 provincial hospital,4.64495,7.8204
Awa Comprehensive Health Centre,Comprehensive Health Centre,Tier3 provincial hospital,4.66485,7.83272
Ekpene Obo Cottage Hospital,Cottage Hospital,Tier3 provincial hospital,4.863255,7.832774
Essene Comprehensive Health Centre,Comprehensive Health Centre,Tier3 provincial hospital,4.639947,7.648483
Etinan General Hospital,General Hospital,Tier3 provincial hospital,4.80563,7.840121
Eyokponung Polyclinic,Polyclinic,Tier4 central hospital,4.7658,8.24045
Ibiaku Ntok Okpo General Hospital,General Hospital,Tier3 provincial hospital,5.3,7.71666
Idoro Comprehensive Health Centre,Comprehensive Health Centre,Tier3 provincial hospital,5.23333,7.91666
Ikot Abasi Comprehensive Health Centre,Comprehensive Health Centre,Tier3 provincial hospital,4.68817,7.91878
Ikot Abasi General Hospital,General Hospital,Tier3 provincial hospital,4.588493,7.827025
Ikot Abia Cottage Hospital,Cottage Hospital,Tier3 provincial hospital,4.684076,7.737046
Ikot Edibon Comprehensive Health Centre,Comprehensive Health Centre,Tier3 provincial hospital,4.7775,7.938067
Ikot Eko Ibon Cottage Hospital,Cottage Hospital,Tier3 provincial hospital,4.60705,7.80791
Ikot Ekpaw Cottage Hospital,Cottage Hospital,Tier3 provincial hospital,4.847288,7.77913
Ikot Ekpene General Hospital,General Hospital,Tier3 provincial hospital,5.175534,7.714065
Ikot Ekpene Udo Cottage Hospital,Cottage Hospital,Tier3 provincial hospital,4.6917,7.94281
Ikot Nkpene Comprehensive Health Centre,Comprehensive Health Centre,Tier3 provincial hospital,4.812956,8.016299
Ikot Okoro General Hospital,General Hospital,Tier3 provincial hospital,4.908893,7.707247
Ikot Otok Polyclinic,Polyclinic,Tier4 central hospital,4.7181,7.65833
Ikpe Annang General Hospital,General Hospital,Tier3 provincial hospital,5.11934,7.77217
Ikpe Ikot Nkon General Hospital,General Hospital,Tier3 provincial hospital,5.393021,7.780863
Immanuel Ikot Ebiyan General Hospital,General Hospital,Tier3 provincial hospital,4.63717,7.91908
Iquita General Hospital,General Hospital,Tier3 provincial hospital,4.804598,8.221135
Ituk Mbang Methodist General Hospital,General Hospital,Tier3 provincial hospital,4.91582,8.03844
"Mary Slessor Itu, Hospital",Hospital,Tier3 provincial hospital,5.2,7.98333
Mbiabong Polyclinic,Polyclinic,Tier4 central hospital,5.10061,7.93007
Mbiaya Comprehensive Health Centre,Comprehensive Health Centre,Tier3 provincial hospital,5.10259,8.01543
Mbioto I Comprehensive Health Centre,Comprehensive Health Centre,Tier3 provincial hospital,4.908373,7.843264
Mbioto Ii General Hospital,General Hospital,Tier3 provincial hospital,4.73146,7.852047
"Mercy Hospital, 43 Hospital Road",Hospital,Tier3 provincial hospital,4.98651,7.79296
Nto Edino Comprehensive Health Centre,Comprehensive Health Centre,Tier3 provincial hospital,5.25,7.56666
Ono Comprehensive Health Centre,Comprehensive Health Centre,Tier3 provincial hospital,5.25,7.86666
Oruko General Hospital,General Hospital,Tier3 provincial hospital,4.724077,8.176209
"St. Luke'S Hospital, Anua",Hospital,Tier3 provincial hospital,5.04019,7.922101
St. Mary's Urua Akpan Hospital,Hospital,Tier3 provincial hospital,5.12873,7.62726
Ukana Cottage Hospital,Cottage Hospital,Tier3 provincial hospital,5.023991,7.917313
Ukpom Abak General Hospital,General Hospital,Tier3 provincial hospital,5.034657,7.821831
University Of Uyo Medical Centre,University Teaching Hospital,Tier4 central hospital,5.038483314782609,7.926328
University Of Uyo Teaching Hospital,University Teaching Hospital,Tier4 central hospital,5.038484,7.926328
Upenekang Cottage Hospital,Cottage Hospital,Tier3 provincial hospital,4.571584,7.978303
Upenekang Polyclinic,Polyclinic,Tier4 central hospital,4.57048,7.976969
Uruk Ata Ikot Ekpor General Hospital,General Hospital,Tier3 provincial hospital,4.994034,7.604209
Achina Comprehensive Health Centre,Comprehensive Health Centre,Tier3 provincial hospital,5.957261,7.114893
Agulu General Hospital,General Hospital,Tier3 provincial hospital,6.054149,7.036682
Agulu-Uzoigbo General Hospital,General Hospital,Tier3 provincial hospital,6.058245,7.03189
Akwaihedi Comprehensive Health Centre,Comprehensive Health Centre,Tier3 provincial hospital,5.917892,6.968621
Amanuke General Hospital,General Hospital,Tier3 provincial hospital,6.306289,7.037366
Atani Comprehensive Health Centre,Comprehensive Health Centre,Tier3 provincial hospital,6.0259160000000005,6.749308
Awka General Hospital,General Hospital,Tier3 provincial hospital,6.216862,7.055299
Azia Comprehensive Health Centre,Comprehensive Health Centre,Tier3 provincial hospital,5.88333,6.9
Ekwuluobia General Hospital,General Hospital,Tier3 provincial hospital,6.017792,7.075937
Enugwu-Ukwu General Hospital,General Hospital,Tier3 provincial hospital,6.1747890000000005,7.026197
"Head Bridge Hospital, Fegge",Hospital,Tier3 provincial hospital,6.138964,6.778841
Ichi General Hospital,General Hospital,Tier3 provincial hospital,6.042842,6.862888
Idemili Comprehensive Health Centre,Comprehensive Health Centre,Tier3 provincial hospital,6.156937,6.828801
Mbaukwu General Hospital,General Hospital,Tier3 provincial hospital,6.138235,7.075737
Mgbakwu Comprehensive Health Centre,Comprehensive Health Centre,Tier3 provincial hospital,6.270323,7.057402
Nando General Hospital,General Hospital,Tier3 provincial hospital,6.32015,6.9305
Nawgu Comprehensive Health Centre,Comprehensive Health Centre,Tier3 provincial hospital,6.246564,6.995941
"Niger City Hospital, Fegge",Hospital,Tier3 provincial hospital,6.138038,6.776555
Nimo General Hospital,General Hospital,Tier3 provincial hospital,6.159384,6.991236
Nnamdi Azikiwe University Teaching Hospital. Nnewi Uruagu,University Teaching Hospital,Tier4 central hospital,6.02554,6.914093
Nnobi General Hospital,General Hospital,Tier3 provincial hospital,6.051846,6.93261
Nnokwa General Hospital,General Hospital,Tier3 provincial hospital,6.06076,6.970747
Ogidi General Hospital,General Hospital,Tier3 provincial hospital,6.115168,6.83167
Okija General Hospital,General Hospital,Tier3 provincial hospital,5.898376,6.83907
Oko Community Hospital,Hospital,Tier3 provincial hospital,6.038042,7.092989
Okotu Hospital Ichida Ichida,Hospital,Tier3 provincial hospital,6.041858,6.993647
Onitsha General Hospital,General Hospital,Tier3 provincial hospital,6.145221,6.807632
Oraifite General Hospital,General Hospital,Tier3 provincial hospital,5.999898,6.838948
Orsumenyi Comprehensive Health Centre,Comprehensive Health Centre,Tier3 provincial hospital,5.965043,6.98019
Osomalla General Hospital,General Hospital,Tier3 provincial hospital,5.867151,6.681036
Ukpor General Hospital,General Hospital,Tier3 provincial hospital,5.93952663,6.93037039
Ukwulu Collage Hospital Ukwulu,Hospital,Tier3 provincial hospital,6.27476,6.96488
Umuchu General Hospital,General Hospital,Tier3 provincial hospital,5.937238,7.14589
Umuleri General Hospital,General Hospital,Tier3 provincial hospital,6.305523,6.896137
Umuoba-Anam Comprehensive Health Centre,Comprehensive Health Centre,Tier3 provincial hospital,6.34097,6.84178
Abubakar Tafawa Balewa Teaching Hospital,University Teaching Hospital,Tier4 central hospital,9.75539,9.55294
Alkaleri General Hospital,General Hospital,Tier3 provincial hospital,9.700525,10.792443
Azare Federal,Hospital,Tier3 provincial hospital,11.6783,10.1918
Azare General Hospital,General Hospital,Tier3 provincial hospital,11.681575,10.182898
Bajama Comprehensive Health Centre,Comprehensive Health Centre,Tier3 provincial hospital,9.957096,10.068255
Bayara General Hospital,General Hospital,Tier3 provincial hospital,10.2105,9.72666
Bogoro General Hospital,General Hospital,Tier3 provincial hospital,9.667774,9.607051
Boto General Hospital,General Hospital,Tier3 provincial hospital,9.723037,9.230223
Burra General Hospital,General Hospital,Tier3 provincial hospital,11.017443,8.900628
Dambam General Hospital,General Hospital,Tier3 provincial hospital,11.681058,10.708644
Darazo General Hospital,General Hospital,Tier3 provincial hospital,10.9986,10.4158
Dass General Hospital,General Hospital,Tier3 provincial hospital,10.00083,9.51611
Gamawa General Hospital,General Hospital,Tier3 provincial hospital,12.138292,10.531893
Giade General Hospital,General Hospital,Tier3 provincial hospital,11.394137,10.19598
Itas General Hospital,General Hospital,Tier3 provincial hospital,11.85258,9.968483
Kafin Madaiki General Hospital,General Hospital,Tier3 provincial hospital,11.544257,9.822206
Katagum General Hospital,General Hospital,Tier3 provincial hospital,12.287757,10.344803
Kirfi General Hospital,General Hospital,Tier3 provincial hospital,10.41112,10.39258
L/Katagum Comprehensive Health Centre,Comprehensive Health Centre,Tier3 provincial hospital,10.00813,9.77446
Misau General Hospital,General Hospital,Tier3 provincial hospital,11.316313,10.472018
Ningi General Hospital,General Hospital,Tier3 provincial hospital,11.064678,9.566346
Tafawa-Balewa General Hospital,General Hospital,Tier3 provincial hospital,9.75833,9.55722
Toro General Hospital,General Hospital,Tier3 provincial hospital,10.056871,9.041898
Warji General Hospital,General Hospital,Tier3 provincial hospital,11.1923,9.752662
Yana General Hospital,General Hospital,Tier3 provincial hospital,11.406211,10.016406
Agbere Cottage Hospital,Cottage Hospital,Tier3 provincial hospital,5.23333,6.4
Agudama-Ekpet General Hospital,General Hospital,Tier3 provincial hospital,4.98138,6.36611
Akassa Cottage Hospital,Cottage Hospital,Tier3 provincial hospital,4.32197,6.06247
Aleibiri Cottage Hospital,Cottage Hospital,Tier3 provincial hospital,5.06984,5.87175
Amassoma General Hospital,General Hospital,Tier3 provincial hospital,4.96917,6.10972
Bassambiri Cottage Hospital,Cottage Hospital,Tier3 provincial hospital,4.53355,6.40878
Biseni Cottage Hospital,Cottage Hospital,Tier3 provincial hospital,4.90146,6.268493
Brass Town General Hospital,General Hospital,Tier3 provincial hospital,4.31505,6.24175
Diete-Koki Memorial Hospital,Hospital,Tier3 provincial hospital,4.945152,6.33664
Ebedebiri Cottage Hospital,Cottage Hospital,Tier3 provincial hospital,5.13881743,6.075391173
Egbemo-Angalabiri Cottage Hospital,Cottage Hospital,Tier3 provincial hospital,4.92365,5.8189
Ekeremor Cottage Hospital,Cottage Hospital,Tier3 provincial hospital,4.915883,5.822067
Emekalakala General Hospital,General Hospital,Tier3 provincial hospital,4.670903,6.313235
Ikebiri General Hospital,General Hospital,Tier3 provincial hospital,4.9122,6.19767
Ikibiri CottageHospital,Cottage Hospital,Tier3 provincial hospital,4.7058,5.99879
Kaiama Cottage Hospital,Cottage Hospital,Tier3 provincial hospital,5.118173,6.30266
Kolo General Hospital,General Hospital,Tier3 provincial hospital,4.799341,6.375901
Korokorosei Cottage Hospital,Cottage Hospital,Tier3 provincial hospital,4.707623,5.997973
Lobia Cottage Hospital,Cottage Hospital,Tier3 provincial hospital,4.65661,5.8108
Odi General Hospital,General Hospital,Tier3 provincial hospital,5.172597,6.296236
Ogboinbiri Cottage Hospital,Cottage Hospital,Tier3 provincial hospital,4.823245,5.96328
Okoloba Sabagreia Cottage Hospital,Cottage Hospital,Tier3 provincial hospital,5.046948,6.242627
Okolobori General Hospital,General Hospital,Tier3 provincial hospital,5.032897,6.316948
Okoroba Cottage Hospital,Cottage Hospital,Tier3 provincial hospital,4.631549,6.42469
Okpoama Cottage Hospital,Cottage Hospital,Tier3 provincial hospital,4.30321,6.29251
Opokuma Cottage Hospital,Cottage Hospital,Tier3 provincial hospital,5.07242,6.27473
Otuabagi Cott Hospital,Cottage Hospital,Tier3 provincial hospital,4.70912,6.364
Otuasega Cottage Hospital,Cottage Hospital,Tier3 provincial hospital,4.917966,6.405385
Peremabiri Cottage Hospital,Cottage Hospital,Tier3 provincial hospital,4.639036,6.081029
Peretorugbene Cottage Hospital,Cottage Hospital,Tier3 provincial hospital,4.97464,5.64457
Sagbama General Hospital,General Hospital,Tier3 provincial hospital,5.155056,6.194964
Sangana Cottage Hospital,Cottage Hospital,Tier3 provincial hospital,4.32253,5.98279
Tamgbene Cottage Hospital,Cottage Hospital,Tier3 provincial hospital,4.975,5.74787
Ukubie Cottage Hospital,Cottage Hospital,Tier3 provincial hospital,4.689102,5.834593
Abenga Comprehensive Health Centre,Comprehensive Health Centre,Tier3 provincial hospital,6.79085,9.27067
Adikpo General Hospital,General Hospital,Tier3 provincial hospital,6.88237,9.25064
Adikpo Mbaagwa Comprehensive Health Centre,Comprehensive Health Centre,Tier3 provincial hospital,7.08791,9.08
Adogo Comprehensive Health Centre,Comprehensive Health Centre,Tier3 provincial hospital,7.46344,9.6786
Adom Comprehensive Health Centre,Comprehensive Health Centre,Tier3 provincial hospital,6.876099,9.361197
Adum-East Comprehensive Health Centre,Comprehensive Health Centre,Tier3 provincial hospital,6.96488,8.36551
Agaku Comprehensive Health Centre,Comprehensive Health Centre,Tier3 provincial hospital,7.00497,8.713834
Agbanyi Comprehensive Health Centre,Comprehensive Health Centre,Tier3 provincial hospital,7.23333,8.55
Ageede Comprehensive Health Centre,Comprehensive Health Centre,Tier3 provincial hospital,7.2008,8.5306
Agena Comprehensive Health Centre,Comprehensive Health Centre,Tier3 provincial hospital,7.51435,9.79337
Ageva Comprehensive Health Centre,Comprehensive Health Centre,Tier3 provincial hospital,6.699761,9.054177
Agura Comprehensive Health Centre,Comprehensive Health Centre,Tier3 provincial hospital,6.950511,9.507541
Akpene Comprehensive Health Centre,Comprehensive Health Centre,Tier3 provincial hospital,7.6716,9.62892
Akpulu Comprehensive Health Centre,Comprehensive Health Centre,Tier3 provincial hospital,7.3237,8.5255
Akpuuna Comprehensive Health Centre,Comprehensive Health Centre,Tier3 provincial hospital,7.56857,9.78376
Alabar Comprehensive Health Centre,Comprehensive Health Centre,Tier3 provincial hospital,7.80727,9.55651
Aliade General Hospital,General Hospital,Tier3 provincial hospital,7.29649,8.48702
Amahundu Comprehensive Health Centre,Comprehensive Health Centre,Tier3 provincial hospital,6.87668,9.36278
Anongo Comprehensive Health Centre,Comprehensive Health Centre,Tier3 provincial hospital,6.92006,9.14739
Ansambe Comprehensive Health Centre,Comprehensive Health Centre,Tier3 provincial hospital,7.60657,9.64
Anuma Comprehensive Health Centre,Comprehensive Health Centre,Tier3 provincial hospital,7.24013,8.52225
Anwase Comprehensive Health Centre,Comprehensive Health Centre,Tier3 provincial hospital,6.68755,9.5611
Anyiin Comprehensive Health Centre,Comprehensive Health Centre,Tier3 provincial hospital,7.491364,9.462083
Atekombo Comprehensive Health Centre,Comprehensive Health Centre,Tier3 provincial hospital,7.0405,9.11212
Aterayange Comprehensive Health Centre,Comprehensive Health Centre,Tier3 provincial hospital,7.77365,9.58224
Ayilamo Comprehensive Health Centre,Comprehensive Health Centre,Tier3 provincial hospital,7.871219,9.093659
Bako Ute Comprehensive Health Centre,Comprehensive Health Centre,Tier3 provincial hospital,6.86747,9.1873
Bako-Ningev Comprehensive Health Centre,Comprehensive Health Centre,Tier3 provincial hospital,6.865352,9.093399
Beagha Comprehensive Health Centre,Comprehensive Health Centre,Tier3 provincial hospital,6.8041,9.4346
Bom Comprehensive Health Centre,Comprehensive Health Centre,Tier3 provincial hospital,7.693,9.85078
Cbwer Comprehensive Health Centre,Comprehensive Health Centre,Tier3 provincial hospital,7.753805,9.488413
Chia Comprehensive Health Centre,Comprehensive Health Centre,Tier3 provincial hospital,7.61886,9.75126
Daudu Comprehensive Health Centre,Comprehensive Health Centre,Tier3 provincial hospital,7.914241,8.59247
Div Comprehensive Health Centre,Comprehensive Health Centre,Tier3 provincial hospital,6.908152,9.224813
Dyako Comprehensive Health Centre,Comprehensive Health Centre,Tier3 provincial hospital,7.76592,9.67129
Dyom Comprehensive Health Centre,Comprehensive Health Centre,Tier3 provincial hospital,7.56615,9.82365
Etenyi Hospital,Hospital,Tier3 provincial hospital,6.822107,8.004833
Gbagbongon Comprehensive Health Centre,Comprehensive Health Centre,Tier3 provincial hospital,6.92152,9.16752
Gbagir Comprehensive Health Centre,Comprehensive Health Centre,Tier3 provincial hospital,7.62782,9.52829
Gbajiaba General Hospital,General Hospital,Tier3 provincial hospital,7.80335,8.88006
Gbatse Comprehensive Health Centre,Comprehensive Health Centre,Tier3 provincial hospital,6.80206,9.10715
Gbayier Comprehensive Health Centre,Comprehensive Health Centre,Tier3 provincial hospital,7.31211,9.46267
Gbise Comprehensive Health Centre,Comprehensive Health Centre,Tier3 provincial hospital,7.24846,9.76506
Gboko General Hospital,General Hospital,Tier3 provincial hospital,7.30331107,8.98702738
Gbor Comprehensive Health Centre,Comprehensive Health Centre,Tier3 provincial hospital,7.425876,9.47201
Guleya Comprehensive Health Centre,Comprehensive Health Centre,Tier3 provincial hospital,7.17237,8.54484
Gyono Comprehensive Health Centre,Comprehensive Health Centre,Tier3 provincial hospital,7.805584,9.556718
Hegha Comprehensive Health Centre,Comprehensive Health Centre,Tier3 provincial hospital,6.99566,9.17506
Hiitom Comprehensive Health Centre,Comprehensive Health Centre,Tier3 provincial hospital,6.92973,9.30242
Huma Comprehensive Health Centre,Comprehensive Health Centre,Tier3 provincial hospital,7.2142,8.5664
Hwambe Comprehensive Health Centre,Comprehensive Health Centre,Tier3 provincial hospital,7.49043,9.70508
Idekpa Comprehensive Health Centre,Comprehensive Health Centre,Tier3 provincial hospital,7.336939,7.942191
Igbuugh Comprehensive Health Centre,Comprehensive Health Centre,Tier3 provincial hospital,6.94273,8.85551
Ihonam Comprehensive Health Centre,Comprehensive Health Centre,Tier3 provincial hospital,6.82256,9.27135
Ihungwa Comprehensive Health Centre,Comprehensive Health Centre,Tier3 provincial hospital,7.45103,9.60467
Ijadoga Comprehensive Health Centre,Comprehensive Health Centre,Tier3 provincial hospital,7.050465,7.622463
Ikpeakor Comprehensive Health Centre,Comprehensive Health Centre,Tier3 provincial hospital,6.852728,8.922749
Imande Comprehensive Health Centre,Comprehensive Health Centre,Tier3 provincial hospital,7.51198,9.56309
Imoughun Comprehensive Health Centre,Comprehensive Health Centre,Tier3 provincial hospital,6.835561,9.139515
Injiov Comprehensive Health Centre,Comprehensive Health Centre,Tier3 provincial hospital,6.70104,9.39199
Injorov Comprehensive Health Centre,Comprehensive Health Centre,Tier3 provincial hospital,6.701306,9.392168
Iyo Comprehensive Health Centre,Comprehensive Health Centre,Tier3 provincial hospital,6.6,9.58333
Jija Comprehensive Health Centre,Comprehensive Health Centre,Tier3 provincial hospital,7.2896,8.537965
Jirgba Comprehensive Health Centre,Comprehensive Health Centre,Tier3 provincial hospital,7.1,8.65
Jov-Kyundam Comprehensive Health Centre,Comprehensive Health Centre,Tier3 provincial hospital,7.2999,8.5973
Jov-Mbavaa Comprehensive Health Centre,Comprehensive Health Centre,Tier3 provincial hospital,6.91181,8.78767
Kacha Comprehensive Health Centre,Comprehensive Health Centre,Tier3 provincial hospital,6.875866,9.363024
Kartyo Comprehensive Health Centre,Comprehensive Health Centre,Tier3 provincial hospital,7.189118,8.941417
Katsina Comprehensive Health Centre,Comprehensive Health Centre,Tier3 provincial hospital,7.163567,9.297507
Katsina General Hospital,General Hospital,Tier3 provincial hospital,7.16872,9.29894
Kiishi Comprehensive Health Centre,Comprehensive Health Centre,Tier3 provincial hospital,6.94972,9.02034
Kohol Comprehensive Health Centre,Comprehensive Health Centre,Tier3 provincial hospital,7.275980115,9.418432117
Koti Comprehensive Health Centre,Comprehensive Health Centre,Tier3 provincial hospital,6.77218,9.21968
Kur-Ime Comprehensive Health Centre,Comprehensive Health Centre,Tier3 provincial hospital,7.82645,9.43667
Leke Comprehensive Health Centre,Comprehensive Health Centre,Tier3 provincial hospital,7.84754,9.64372
Manta Comprehensive Health Centre,Comprehensive Health Centre,Tier3 provincial hospital,7.020545,8.557328
Manyam Comprehensive Health Centre,Comprehensive Health Centre,Tier3 provincial hospital,6.96309,9.42641
Mbaagir Comprehensive Health Centre,Comprehensive Health Centre,Tier3 provincial hospital,6.86349,9.09718
Mbabagu Comprehensive Health Centre,Comprehensive Health Centre,Tier3 provincial hospital,6.87904,9.10577
Mbagba Comprehensive Health Centre,Comprehensive Health Centre,Tier3 provincial hospital,6.90296,8.61949
Mbagbegba Comprehensive Health Centre,Comprehensive Health Centre,Tier3 provincial hospital,6.773404,9.219748
Mbagir Comprehensive Health Centre,Comprehensive Health Centre,Tier3 provincial hospital,7.503465,9.554531
Mbaikpande Comprehensive Health Centre,Comprehensive Health Centre,Tier3 provincial hospital,7.13333,8.61666
Mbaikyo Comprehensive Health Centre,Comprehensive Health Centre,Tier3 provincial hospital,6.80397,9.43655
Mbakumbaka Comprehensive Health Centre,Comprehensive Health Centre,Tier3 provincial hospital,6.62571,9.42242
Mbakunu Comprehensive Health Centre,Comprehensive Health Centre,Tier3 provincial hospital,6.71821,9.21309
Mbatyough Comprehensive Health Centre,Comprehensive Health Centre,Tier3 provincial hospital,6.913136,8.917788
Mbazungwe Comprehensive Health Centre,Comprehensive Health Centre,Tier3 provincial hospital,7.32348,8.71627
Melabu Comprehensive Health Centre,Comprehensive Health Centre,Tier3 provincial hospital,7.72214,9.75163
North Bank General Hospital,General Hospital,Tier3 provincial hospital,7.75573,8.54398
Nyihemba Comprehensive Health Centre,Comprehensive Health Centre,Tier3 provincial hospital,6.82542,9.49337
Obagaji Comprehensive Health Centre,Comprehensive Health Centre,Tier3 provincial hospital,7.889696,7.911486
Obarike General Hospital,General Hospital,Tier3 provincial hospital,7.02997,8.32172
Oju General Hospital,General Hospital,Tier3 provincial hospital,6.84543,8.41735
Okpoga General Hospital,General Hospital,Tier3 provincial hospital,7.03984,7.80617
Opaha Comprehensive Health Centre,Comprehensive Health Centre,Tier3 provincial hospital,7.6054,8.0224
Otukpo General Hospital,General Hospital,Tier3 provincial hospital,7.252115,8.174284
Sankera General Hospital,General Hospital,Tier3 provincial hospital,7.53333,9.65
Shiriki Comprehensive Health Centre,Comprehensive Health Centre,Tier3 provincial hospital,7.020762,8.54881
Taatihi Comprehensive Health Centre,Comprehensive Health Centre,Tier3 provincial hospital,6.9,9.17438
Tachia Comprehensive Health Centre,Comprehensive Health Centre,Tier3 provincial hospital,7.59662,9.54528
Tiza Comprehensive Health Centre,Comprehensive Health Centre,Tier3 provincial hospital,7.45984,9.64509
Tooanyiin Comprehensive Health Centre,Comprehensive Health Centre,Tier3 provincial hospital,7.276082,9.242034
Tordonga Comprehensive Health Centre,Comprehensive Health Centre,Tier3 provincial hospital,7.231319,9.623537
Tornajime Comprehensive Health Centre,Comprehensive Health Centre,Tier3 provincial hospital,7.57044,9.59029
Tse-Agberagba Comprehensive Health Centre,Comprehensive Health Centre,Tier3 provincial hospital,7.078482,8.665239
Tse-Agberagba General Hospital,General Hospital,Tier3 provincial hospital,7.07848,8.66515
Tsekpum Comprehensive Health Centre,Comprehensive Health Centre,Tier3 provincial hospital,6.85388,9.11088
Tse-Kwange Comprehensive Health Centre,Comprehensive Health Centre,Tier3 provincial hospital,6.702492,9.188851
Tse-Ule Comprehensive Health Centre,Comprehensive Health Centre,Tier3 provincial hospital,7.54648,9.77379
Tsua Comprehensive Health Centre,Comprehensive Health Centre,Tier3 provincial hospital,6.74498,9.12668
Tyam Comprehensive Health Centre,Comprehensive Health Centre,Tier3 provincial hospital,6.88324,9.0643
Tyough Comprehensive Health Centre,Comprehensive Health Centre,Tier3 provincial hospital,7.13333,8.51666
Uande Comprehensive Health Centre,Comprehensive Health Centre,Tier3 provincial hospital,6.822181,9.490665
Uboagera Comprehensive Health Centre,Comprehensive Health Centre,Tier3 provincial hospital,7.101045,8.651991
Udei Comprehensive Health Centre,Comprehensive Health Centre,Tier3 provincial hospital,8.09734,8.520014
Ugabikyo Comprehensive Health Centre,Comprehensive Health Centre,Tier3 provincial hospital,7.00687,8.70535
Ugba Comprehensive Health Centre,Comprehensive Health Centre,Tier3 provincial hospital,7.503984,9.349011
Ugba Comprehensive Health Centre,Comprehensive Health Centre,Tier3 provincial hospital,7.51005,9.3447
Ugbokolo Comprehensive Health Centre,Comprehensive Health Centre,Tier3 provincial hospital,7.15487,7.79374
Ugbokpo General Hospital,General Hospital,Tier3 provincial hospital,7.65651,7.88353
Ugeembalav Comprehensive Health Centre,Comprehensive Health Centre,Tier3 provincial hospital,6.627503,9.420644
Ukpe Comprehensive Health Centre,Comprehensive Health Centre,Tier3 provincial hospital,7.024145,8.964705
Ukwonyo Comprehensive Health Centre,Comprehensive Health Centre,Tier3 provincial hospital,6.940908,8.054362
Ukyongo Comprehensive Health Centre,Comprehensive Health Centre,Tier3 provincial hospital,7.6685,9.5916
Usambe Comprehensive Health Centre,Comprehensive Health Centre,Tier3 provincial hospital,6.78057,9.44635
Ushongo Comprehensive Health Centre,Comprehensive Health Centre,Tier3 provincial hospital,7.065208,9.019833
Uzunghul Comprehensive Health Centre,Comprehensive Health Centre,Tier3 provincial hospital,7.5823,9.02205
Vandeikya General Hospital,General Hospital,Tier3 provincial hospital,6.82754,9.05982
Waapera Comprehensive Health Centre,Comprehensive Health Centre,Tier3 provincial hospital,7.182074,9.022165
Wannune General Hospital,General Hospital,Tier3 provincial hospital,7.55801,8.88219
Wende Comprehensive Health Centre,Comprehensive Health Centre,Tier3 provincial hospital,7.59584,9.32939
Yaakur Comprehensive Health Centre,Comprehensive Health Centre,Tier3 provincial hospital,7.04735,8.930315
Zor-Pev Comprehensive Health Centre,Comprehensive Health Centre,Tier3 provincial hospital,6.79925,9.16149
Abadam General Hospital,General Hospital,Tier3 provincial hospital,13.61741,13.26488
Askira General Hospital,General Hospital,Tier3 provincial hospital,10.59499,13.04282
Azare General Hospital,General Hospital,Tier3 provincial hospital,10.526049,12.297839
Benishirk General Hospital,General Hospital,Tier3 provincial hospital,11.8072,12.4909
Biu General Hospital,General Hospital,Tier3 provincial hospital,10.62008,12.190185
Bolori (Health Facility 1),Comprehensive Health Centre,Tier3 provincial hospital,11.853499,13.143882
Bolori Ngoram (Health Facility 1),Comprehensive Health Centre,Tier3 provincial hospital,11.853499999999999,13.143882
Briyel General Hospital,General Hospital,Tier3 provincial hospital,10.347017,11.609822
Damasrk General Hospital,General Hospital,Tier3 provincial hospital,13.1014,12.50915
Damboa General Hospital,General Hospital,Tier3 provincial hospital,11.166857,12.761995
Dikwa General Hospital,General Hospital,Tier3 provincial hospital,12.04206169,13.91272008
Duji (Health Facility 1),Comprehensive Health Centre,Tier3 provincial hospital,13.25636,12.60344
Gajiram General Hospital,General Hospital,Tier3 provincial hospital,12.49143,13.21094
Gongulong Comprehensive Health Centre,Comprehensive Health Centre,Tier3 provincial hospital,11.919994,13.186895
Gubio General Hospital,General Hospital,Tier3 provincial hospital,12.500128,12.774001
Gwoza General Hospital,General Hospital,Tier3 provincial hospital,11.08309,13.69416
Kirawa General Hospital,General Hospital,Tier3 provincial hospital,11.183359,13.8738
Konduga General Hospital,General Hospital,Tier3 provincial hospital,11.655914,13.415891
Kwa General Hospital (Health Facility 1),General Hospital,Tier3 provincial hospital,12.92579,13.57971
Kwaya General Hospital,General Hospital,Tier3 provincial hospital,10.5,11.83333
Lassa General Hospital,General Hospital,Tier3 provincial hospital,10.680135,13.267334
Mafa General Hospital (Health Facility 1),General Hospital,Tier3 provincial hospital,12.1,13.7
Magumeri General Hospital (Health Facility 1),General Hospital,Tier3 provincial hospital,12.1131,12.8274
Marama General Hospital,General Hospital,Tier3 provincial hospital,10.45487827,12.16203003
Marte General Hospital (Health Facility 3),General Hospital,Tier3 provincial hospital,12.364308,13.824915
Mongonu General Hospital,General Hospital,Tier3 provincial hospital,12.67863,13.60791
Ngala General Hospital,General Hospital,Tier3 provincial hospital,12.33771,14.18051
Ngoshe General Hospital,General Hospital,Tier3 provincial hospital,11.14164,13.77493
Rann General Hospital,General Hospital,Tier3 provincial hospital,12.28294,14.47243
Shani General Hospital (Health Facility 2),General Hospital,Tier3 provincial hospital,10.226303,12.053837
Shehuri General Hospital,General Hospital,Tier3 provincial hospital,12.43657,14.18327
Uba General Hospital,General Hospital,Tier3 provincial hospital,10.475774,13.190351
Umaru Shehu Hospital,Hospital,Tier3 provincial hospital,11.851893,13.153533
Unimaid Medical Health Centre,Hospital,Tier3 provincial hospital,11.803837,13.199779
Abanwan Polyclinic,Polyclinic,Tier4 central hospital,5.701529,7.964696
Akamkpa General Hospital,General Hospital,Tier3 provincial hospital,5.31278,8.35535
Akpet Central Cottage Hospital,Cottage Hospital,Tier3 provincial hospital,5.61885,8.0958
Calabar General Hospital,General Hospital,Tier3 provincial hospital,4.953554,8.336237
Crutech Cal Medical Centre,Hospital,Tier3 provincial hospital,4.92632,8.332334
Ediba Comprehensive Health Centre,Comprehensive Health Centre,Tier3 provincial hospital,5.872082,8.03711
Eja Memorial Joint Hospital,Hospital,Tier3 provincial hospital,6.271966,8.402777
Gabu Government Hospital,Hospital,Tier3 provincial hospital,6.864728,8.748556
Ikom Comprehensive Health Centre,Comprehensive Health Centre,Tier3 provincial hospital,5.961,8.7107
Ikot Effiong Otop (UCTH) Comprehensive Health Centre,Comprehensive Health Centre,Tier3 provincial hospital,5.15332,8.18667
Ikot Omin Polyclinic,Polyclinic,Tier4 central hospital,5.05893,8.3529
Ikun Polyclinic,Polyclinic,Tier4 central hospital,5.651682,7.964199
Isabang Comprehensive Health Centre,Comprehensive Health Centre,Tier3 provincial hospital,5.917414,8.443589
Lutheran Hospital Yahe,Hospital,Tier3 provincial hospital,6.4697,8.49739
Oban Cottage Hospital,Cottage Hospital,Tier3 provincial hospital,5.319908,8.588897
Obubra General Hospital,General Hospital,Tier3 provincial hospital,6.093136,8.322774
Ofat Polyclinic,Polyclinic,Tier4 central hospital,5.95862,8.2879
Ogoja General Hospital,General Hospital,Tier3 provincial hospital,6.651993,8.79412
Okpoma Comprehensive Health Centre,Comprehensive Health Centre,Tier3 provincial hospital,6.540105,8.656413
Okpoma General Hospital,General Hospital,Tier3 provincial hospital,6.648932,8.638285
Okundi Comprehensive Health Centre,Comprehensive Health Centre,Tier3 provincial hospital,6.41666,8.8
Ranch Medical Centre,Hospital,Tier3 provincial hospital,6.37522,9.37787
Sankwala General Hospital,General Hospital,Tier3 provincial hospital,6.617432,9.253742
St.Joseph Hospital.Ikot Ene,Hospital,Tier3 provincial hospital,4.915729,8.467664
Ugep General Hospital,General Hospital,Tier3 provincial hospital,5.81306,8.07732
Unical Medical Centre,Hospital,Tier3 provincial hospital,4.979391,8.336878
University Of Calabar Teaching Hospital,University Teaching Hospital,Tier4 central hospital,4.95466586,8.35086402
Abigborodu Government Hospital,Hospital,Tier3 provincial hospital,5.9,5.5332
Aboh General Hospital,General Hospital,Tier3 provincial hospital,5.566616,6.530939
Abraka General Hospital,General Hospital,Tier3 provincial hospital,5.790387,6.10211
Agbarho General Hospital,General Hospital,Tier3 provincial hospital,5.589559,5.852068
Agbarho Government Hospital,Hospital,Tier3 provincial hospital,5.5895600000000005,5.852068
Agbor General Hospital,General Hospital,Tier3 provincial hospital,6.241503,6.206121
Agbor-Alidinma General Hospital,General Hospital,Tier3 provincial hospital,6.26439,6.14773
Akukwu-Igbo General Hospital,General Hospital,Tier3 provincial hospital,6.35,6.5832
Asaba Okwe General Hospital,General Hospital,Tier3 provincial hospital,6.19688,6.728803
Ashaka Government Hospital,Hospital,Tier3 provincial hospital,5.63396,6.404612
Aviara Government Hospital,Hospital,Tier3 provincial hospital,5.390551,6.26619
Bomadi General Hospital,General Hospital,Tier3 provincial hospital,5.168713,5.913987
Burutu General Hospital,General Hospital,Tier3 provincial hospital,5.35,5.5166
"Delta State University Teaching Hospital, Oghara",University Teaching Hospital,Tier4 central hospital,5.958077,5.702441
Ebu Government Hospital,Hospital,Tier3 provincial hospital,6.482196,6.608217
Ehwere Government Hospital,Hospital,Tier3 provincial hospital,5.60758,5.89564
Ekpan General Hospital,General Hospital,Tier3 provincial hospital,5.562171,5.743354
Eku General Hospital,General Hospital,Tier3 provincial hospital,5.7667,6.0499
Erhoike Cottage Hospital,Cottage Hospital,Tier3 provincial hospital,5.764428,6.04908
Ewu Government Hospital,Hospital,Tier3 provincial hospital,5.37543,5.99099
Focados Government Hospital,Hospital,Tier3 provincial hospital,5.358637,5.433583
Ibusa General Hospital,General Hospital,Tier3 provincial hospital,6.172495,6.614921
Ibusa Government Hospital,Hospital,Tier3 provincial hospital,6.172484,6.614921
Igboli Ibusa Comprehensive Health Centre,Comprehensive Health Centre,Tier3 provincial hospital,6.166851,6.628273
Ikwehwu Comprehensive Health Centre,Comprehensive Health Centre,Tier3 provincial hospital,5.6167,5.8666
Isheagu Government Hospital,Hospital,Tier3 provincial hospital,6.0388340000000005,6.546744
Isiokolo General Hospital,General Hospital,Tier3 provincial hospital,5.600759,6.002399
Issele-Uku General Hospital,General Hospital,Tier3 provincial hospital,6.334258,6.480625
Kiagbodo Government Hospital,Hospital,Tier3 provincial hospital,5.2432,5.835956
Koko General Hospital,General Hospital,Tier3 provincial hospital,5.998685,5.445392
Kwale General Hospital,General Hospital,Tier3 provincial hospital,5.7167,6.4499
Madagho General Hospital,General Hospital,Tier3 provincial hospital,5.6026,5.2142
Mosogar Cottage Hospital,Cottage Hospital,Tier3 provincial hospital,5.903606,5.731666
Ndemili Comprehensive Health Centre,Comprehensive Health Centre,Tier3 provincial hospital,6.020283,6.283246
Obiaruku General Hospital,General Hospital,Tier3 provincial hospital,5.830425,6.144855
Ofagbe Government Hospital,Hospital,Tier3 provincial hospital,5.556252,6.344362
Oghara General Hospital,General Hospital,Tier3 provincial hospital,5.938517,5.679535
Ogriagbene Cottage Hospital,Cottage Hospital,Tier3 provincial hospital,5.1667,5.6832
Ogualagha General Hospital,General Hospital,Tier3 provincial hospital,5.35699,5.35258
Ogwashi-Uku General Hospital,General Hospital,Tier3 provincial hospital,6.185946,6.515703
Ojobo Government Hospital,Hospital,Tier3 provincial hospital,5.03173,5.66683
Okpanam Comprehensive Health Centre,Comprehensive Health Centre,Tier3 provincial hospital,6.233615,6.642639
Oleh Central Hospital,Hospital,Tier3 provincial hospital,5.458432,6.203172
Olomoro General Hospital,General Hospital,Tier3 provincial hospital,5.418503,6.129152
Omadino Government Hospital,Hospital,Tier3 provincial hospital,5.62650425,5.65070696
Onicha-Olone General Hospital,General Hospital,Tier3 provincial hospital,6.3667,6.5666
Onicha-Uku General Hospital,General Hospital,Tier3 provincial hospital,6.3742,6.461819
Orerokpe General Hospital,General Hospital,Tier3 provincial hospital,5.632897,5.891453
Orogun Government Hospital,Hospital,Tier3 provincial hospital,5.637054,6.152953
Otor Udu General Hospital,General Hospital,Tier3 provincial hospital,5.459177,5.868067
Otu-Jeremi Government Hospital,Hospital,Tier3 provincial hospital,5.438131,5.877432
Owa-Alero Government Hospital,Hospital,Tier3 provincial hospital,6.21942,6.216658
Owa-Oyibu General Hospital,General Hospital,Tier3 provincial hospital,6.180544,6.191198
Owhelogbo General Hospital,General Hospital,Tier3 provincial hospital,5.592969,6.19972
Ozoro General Hospital,General Hospital,Tier3 provincial hospital,5.548729,6.238207
Patani General Hospital,General Hospital,Tier3 provincial hospital,5.227353,6.191513
Qgbe Ijaw General Hospital,General Hospital,Tier3 provincial hospital,5.512908,5.746943
Sapele Central Hospital,Hospital,Tier3 provincial hospital,5.89405,5.67666
Ubulu-Uku General Hospital,General Hospital,Tier3 provincial hospital,6.2343,6.44611
Ugbevwe-Jesse Government Hospital,Hospital,Tier3 provincial hospital,5.880727,5.812996
Ugboroke Comprehensive Health Centre,Comprehensive Health Centre,Tier3 provincial hospital,5.550679,5.757578
Ughelli Central Hospital,Hospital,Tier3 provincial hospital,5.49418,5.99532
Umeh Comprehensive Health Centre,Comprehensive Health Centre,Tier3 provincial hospital,5.263113,6.149947
Umunede Government Hospital,Hospital,Tier3 provincial hospital,6.25124,6.30609
Umuolu General Hospital,General Hospital,Tier3 provincial hospital,5.431357,6.485941
Umutu Government Hospital,Hospital,Tier3 provincial hospital,5.908485000000001,6.225649
Uzere Government Hospital,Hospital,Tier3 provincial hospital,5.332891064347826,6.239199
Warri Central Hospital,Hospital,Tier3 provincial hospital,5.517,5.75
Agubia Cottage Hospital,Cottage Hospital,Tier3 provincial hospital,6.07048,8.11184
Ebonyi State University Teaching Hospital,University Teaching Hospital,Tier4 central hospital,6.325718,8.080034
Ebonyi State University Teaching Hospital Nwezenyi Annex,University Teaching Hospital,Tier4 central hospital,6.574151,8.244483
Elinwovu General Hospital,General Hospital,Tier3 provincial hospital,6.210362,8.112093
Ezzamgbo General Hospital,General Hospital,Tier3 provincial hospital,6.39567,7.97642
Iboko General Hospital,General Hospital,Tier3 provincial hospital,6.407186,8.233175
Igboji General Hospital,General Hospital,Tier3 provincial hospital,6.0802,8.1512
Ishiagu General Hospital,General Hospital,Tier3 provincial hospital,5.95542,7.56335
Itim Ukwu General Hospital,General Hospital,Tier3 provincial hospital,5.84063,7.92695
Mile Four Hospital,Hospital,Tier3 provincial hospital,6.36544,8.06665
Odomoke General Hospital,General Hospital,Tier3 provincial hospital,6.50801,8.129903
Okposi General Hospital,General Hospital,Tier3 provincial hospital,6.02943,7.83086
Omege Umuezekoha Comprehensive Health Centre,Comprehensive Health Centre,Tier3 provincial hospital,6.30382,7.8719
Onicha General Hospital,General Hospital,Tier3 provincial hospital,6.10965,7.82509
Onueke General Hospital,General Hospital,Tier3 provincial hospital,6.16986,8.08402
Owutu Edda General Hospital,General Hospital,Tier3 provincial hospital,5.8,7.85
Rural Improvement Mission Hospital,Rural Hospital,Tier3 provincial hospital,6.147918,8.276101
Umuezekoha General Hospital,General Hospital,Tier3 provincial hospital,6.2966,7.91444
Abudu General Hospital,General Hospital,Tier3 provincial hospital,6.29464,6.03153
Afuze General Hospital,General Hospital,Tier3 provincial hospital,6.973132,6.03658
Agbede General Hospital,General Hospital,Tier3 provincial hospital,6.871696115,6.266691685
Agenebode General Hospital,General Hospital,Tier3 provincial hospital,7.106423,6.696454
Alafia Hospital Igarra,Hospital,Tier3 provincial hospital,7.26941,6.12803
Anegbette District Hospital,District Hospital,Tier3 provincial hospital,6.834499,6.58485
Apana District Hospital,District Hospital,Tier3 provincial hospital,7.139772,6.387182
Auchi Central Hospital,Hospital,Tier3 provincial hospital,7.07682,6.27053
Egba District Hospital,District Hospital,Tier3 provincial hospital,6.496081,5.750331
Ekiadolor District Hospital,District Hospital,Tier3 provincial hospital,6.49428,5.58536
Ekpoma General Hospital,General Hospital,Tier3 provincial hospital,6.74206,6.139
Ewohimi General Hospital,General Hospital,Tier3 provincial hospital,6.484342,6.322321
Fugar General Hospital,General Hospital,Tier3 provincial hospital,7.08333,6.5
Ibillo General Hospital,General Hospital,Tier3 provincial hospital,7.44039,6.06867
Iduwele Ewu District Hospital,District Hospital,Tier3 provincial hospital,6.802201,6.241781
Igarra General Hospital,General Hospital,Tier3 provincial hospital,7.282303,6.103773
Igbanke General Hospital,General Hospital,Tier3 provincial hospital,6.328972,6.221122
Igueben General Hospital,General Hospital,Tier3 provincial hospital,6.61278,6.2475
Iguobazuwa General Hospital,General Hospital,Tier3 provincial hospital,6.56534,5.35406
Iruekpen Government Hospital,Hospital,Tier3 provincial hospital,6.74712,6.04719
Obayantor Cottage Hospital,Cottage Hospital,Tier3 provincial hospital,6.11283,5.66747
Oben Cottage Hospital,Cottage Hospital,Tier3 provincial hospital,5.99368,5.8995
Ogbona Comprehensive Health Centre,Comprehensive Health Centre,Tier3 provincial hospital,7.11949,6.44468
Ohordua Comprehesive Comprehensive Health Centre,Comprehensive Health Centre,Tier3 provincial hospital,6.490028501,6.414347291
Oredo Central Hospital,Hospital,Tier3 provincial hospital,6.31711,5.6273
Ososo Polyclinic,Polyclinic,Tier4 central hospital,7.402,6.24104
Otuo District Hospital,District Hospital,Tier3 provincial hospital,7.203578,6.000934
Sabongidda-Ora General Hospital,General Hospital,Tier3 provincial hospital,6.90544,5.93525
Ubiaja General Hospital,General Hospital,Tier3 provincial hospital,6.775751467,6.311564042
Udo Comprehensive Health Centre,Comprehensive Health Centre,Tier3 provincial hospital,6.47271273,5.35416589
Uneme-Osu District Hospital,District Hospital,Tier3 provincial hospital,7.35394,6.23534
University Of Benin Teaching Hospital,University Teaching Hospital,Tier4 central hospital,6.390594,5.613075
Urhonigbe General Hospital,General Hospital,Tier3 provincial hospital,5.98356,6.17783
Urohi Comprehensive Health Centre,Comprehensive Health Centre,Tier3 provincial hospital,6.60852,6.10033
Uromi Central Hospital,Hospital,Tier3 provincial hospital,6.70826,6.32893
Usen General Hospital,General Hospital,Tier3 provincial hospital,6.738032,5.338213
Usugbenu District Hospital,District Hospital,Tier3 provincial hospital,6.738658,6.221823
Uzebba General Hospital,General Hospital,Tier3 provincial hospital,6.99505,5.90384
Aaye Comprehensive Health Centre,Comprehensive Health Centre,Tier3 provincial hospital,7.80364,5.22078
Agbado Comprehensive Health Centre,Comprehensive Health Centre,Tier3 provincial hospital,7.5876,5.5219
Aisegba Comprehensive Health Centre,Comprehensive Health Centre,Tier3 provincial hospital,7.599038,5.478506
Ara Comprehensive Health Centre,Comprehensive Health Centre,Tier3 provincial hospital,7.76782,5.11188
Aramoko General Hospital,General Hospital,Tier3 provincial hospital,7.64983,5.0696
Araromi Comprehensive Health Centre,Comprehensive Health Centre,Tier3 provincial hospital,7.7618,5.73248
Ayede General Hospital,General Hospital,Tier3 provincial hospital,7.88673,5.33265
Ayedun Comprehensive Health Centre,Comprehensive Health Centre,Tier3 provincial hospital,7.81413,5.58491
Ayegunle Comprehensive Health Centre,Comprehensive Health Centre,Tier3 provincial hospital,7.8833,5.00622
Ayetoro Comprehensive Health Centre,Comprehensive Health Centre,Tier3 provincial hospital,7.91664,5.15455
Baptist Hospital,Hospital,Tier3 provincial hospital,7.814203,5.584858
Edaoniyo Comprehensive Health Centre,Comprehensive Health Centre,Tier3 provincial hospital,7.95802,5.26
Efon General Hospital,General Hospital,Tier3 provincial hospital,7.72802,4.95226
Erekesan Comprehensive Health Centre,Comprehensive Health Centre,Tier3 provincial hospital,7.651155,4.922124
Ido Comprehensive Health Centre,Comprehensive Health Centre,Tier3 provincial hospital,7.84517,5.18307
Ido-Ile Comprehensive Health Centre,Comprehensive Health Centre,Tier3 provincial hospital,7.80719,4.95403
Ifaki Comprehensive Health Centre,Comprehensive Health Centre,Tier3 provincial hospital,7.78942,5.24852
Ifaki General Hospital,General Hospital,Tier3 provincial hospital,7.79759,5.2411
Igbaraodo Comprehensive Health Centre,Comprehensive Health Centre,Tier3 provincial hospital,7.50251,5.06257
Igbemo Comprehensive Health Centre,Comprehensive Health Centre,Tier3 provincial hospital,7.6841,5.3867
Igede Comprehensive Health Centre,Comprehensive Health Centre,Tier3 provincial hospital,7.66676,5.13204
Igogo Comprehensive Health Centre,Comprehensive Health Centre,Tier3 provincial hospital,7.9823,5.1594
Ijan Comprehensive Health Centre,Comprehensive Health Centre,Tier3 provincial hospital,7.629659,5.400245
Ijan General Hospital,General Hospital,Tier3 provincial hospital,7.62965866,5.40024531
Ijesa Isu General Hospital,General Hospital,Tier3 provincial hospital,7.7101,5.4984
Ikere Comprehensive Health Centre,Comprehensive Health Centre,Tier3 provincial hospital,7.491321,5.23224
Ikere General Hospital,General Hospital,Tier3 provincial hospital,7.49132,5.23224
Ikogosi Comprehensive Health Centre,Comprehensive Health Centre,Tier3 provincial hospital,7.589475,4.99241
Ikole Comprehensive Health Centre,Comprehensive Health Centre,Tier3 provincial hospital,7.78884,5.50504
Ikoro Comprehensive Health Centre,Comprehensive Health Centre,Tier3 provincial hospital,7.836654,5.029513
Ilawe General Hospital,General Hospital,Tier3 provincial hospital,7.58327,5.11282
Ilogbo Comprehensive Health Centre,Comprehensive Health Centre,Tier3 provincial hospital,7.86004,5.15556
Iloro Comprehensive Health Centre,Comprehensive Health Centre,Tier3 provincial hospital,7.897614,5.108149
Ilu Itapa General Hospital,General Hospital,Tier3 provincial hospital,7.80396,5.374875
Iludun Comprehensive Health Centre,Comprehensive Health Centre,Tier3 provincial hospital,7.94158,5.25676
Ipoti Comprehensive Health Centre,Comprehensive Health Centre,Tier3 provincial hospital,7.865937,5.070925
Iye Comprehensive Health Centre,Comprehensive Health Centre,Tier3 provincial hospital,7.95561,5.23649
Iye General Hospital,General Hospital,Tier3 provincial hospital,7.94319,5.25164
Iyin General Hospital,General Hospital,Tier3 provincial hospital,7.65864,5.14878
Mary Assumta Hospital,Hospital,Tier3 provincial hospital,7.59337,5.21885
Ode-Ekiti Comprehensive Health Centre,Comprehensive Health Centre,Tier3 provincial hospital,7.64567,5.55204
Ode-Ekiti General Hospital,General Hospital,Tier3 provincial hospital,7.613065,5.235328
Odose III General Hospital,General Hospital,Tier3 provincial hospital,7.43111,5.43646
Oju - Oro Comprehensive Health Centre,Comprehensive Health Centre,Tier3 provincial hospital,7.806343,5.064952
Oke Royal Hospital,Hospital,Tier3 provincial hospital,7.80247,5.33781
Oke-Emure General Hospital,General Hospital,Tier3 provincial hospital,7.43163,5.4542
Okemesi General Hospital,General Hospital,Tier3 provincial hospital,7.83527,4.91939
Okeyard Comprehensive Health Centre,Comprehensive Health Centre,Tier3 provincial hospital,7.46068,5.43119
Osi Comprehensive Health Centre,Comprehensive Health Centre,Tier3 provincial hospital,7.78825,5.15832
Otun Comprehensive Health Centre,Comprehensive Health Centre,Tier3 provincial hospital,7.98634,5.12794
Otun General Hospital,General Hospital,Tier3 provincial hospital,7.9877,5.12988
Oye Comprehensive Health Centre,Comprehensive Health Centre,Tier3 provincial hospital,7.799735,5.321998
Oye General Hospital,General Hospital,Tier3 provincial hospital,7.79965,5.32184
University Teaching Hospital,University Teaching Hospital,Tier4 central hospital,7.644734,5.219114
Usi Comprehensive Health Centre,Comprehensive Health Centre,Tier3 provincial hospital,7.881626,5.171312
Abbi Cottage Hospital,Cottage Hospital,Tier3 provincial hospital,6.835347,7.238778
Achi Uno Cottage Hospital,Cottage Hospital,Tier3 provincial hospital,6.155782,7.358361
Affa Cottage Hospital,Cottage Hospital,Tier3 provincial hospital,6.601464,7.324378
Agbani District Hospital,District Hospital,Tier3 provincial hospital,6.3079,7.55193
Aguobu Owa Cottage Hospital,Cottage Hospital,Tier3 provincial hospital,6.371464,7.272536
Akpoga Nike Cottage Hospital,Cottage Hospital,Tier3 provincial hospital,6.45312,7.62328
Aku Cottage Hospital,Cottage Hospital,Tier3 provincial hospital,6.702824,7.334688
Amagunze Cottage Hospital,Cottage Hospital,Tier3 provincial hospital,6.330697,7.653988
Amalla Orba Comprehensive Health Centre,Comprehensive Health Centre,Tier3 provincial hospital,6.83844,7.46014
Amansiodo Imezi Cottage Hospital,Cottage Hospital,Tier3 provincial hospital,6.466661096,7.300071716
Amechi Cottage Hospital,Cottage Hospital,Tier3 provincial hospital,6.37986,7.51049
Asata Poly Clinic (Sub District Hospital),District Hospital,Tier3 provincial hospital,6.445768,7.500315
Awgu District Hospital,District Hospital,Tier3 provincial hospital,6.0742,7.4786
Egede Cottage Hospital,Cottage Hospital,Tier3 provincial hospital,6.545212269,7.381685972
Eha Amufu Cottage Hospital,Cottage Hospital,Tier3 provincial hospital,6.65222,7.76837
Ehandiagu Cottage Hospital,Cottage Hospital,Tier3 provincial hospital,6.80867,7.553074
Ekwegbe Comprehensive Health Centre,Comprehensive Health Centre,Tier3 provincial hospital,6.71365,7.426254
Enugu Ezike District Hospital,District Hospital,Tier3 provincial hospital,6.983962655,7.455006838
Enugu Government House Hospital,Hospital,Tier3 provincial hospital,6.446663,7.522319
Ette Cottage Hospital,Cottage Hospital,Tier3 provincial hospital,7.05,7.45
Iji Nike Cottage Hospital,Cottage Hospital,Tier3 provincial hospital,6.50994,7.5211
Ikem District Hospital,District Hospital,Tier3 provincial hospital,6.77902,7.71685
Inyi Cottage Hospital,Cottage Hospital,Tier3 provincial hospital,6.19934,7.26906
Itchi Cottage Hospital,Cottage Hospital,Tier3 provincial hospital,6.9701130000000004,7.342907
Mbu Cottage Hospital,Cottage Hospital,Tier3 provincial hospital,6.787601,7.6079
Mgbidi Cottage Hospital,Cottage Hospital,Tier3 provincial hospital,6.0747,7.4549
Mmaku Cottage Hospital,Cottage Hospital,Tier3 provincial hospital,6.1027,7.4706
Mpu Comprehensive Health Centre,Comprehensive Health Centre,Tier3 provincial hospital,5.99522,7.637376
Ndiagu Obuno Akpugo Cottage Hospital,Cottage Hospital,Tier3 provincial hospital,6.336447,7.577792
Nenwe Cottage Hospital,Cottage Hospital,Tier3 provincial hospital,6.135588,7.526123
Nkerefi Cottage Hospital,Cottage Hospital,Tier3 provincial hospital,6.134555,7.695537
Nkpologu Cottage Hospital,Cottage Hospital,Tier3 provincial hospital,6.7674,7.2553
Nsukka District Hospital,District Hospital,Tier3 provincial hospital,6.8561,7.3927
Obeleagu Umana Cottage Hospital,Cottage Hospital,Tier3 provincial hospital,6.350784,7.366215
Obimo Cottage Hospital,Cottage Hospital,Tier3 provincial hospital,6.809013,7.321433
Obollo Afor Cottage Hospital,Cottage Hospital,Tier3 provincial hospital,6.91476,7.519204
Obukpa Cottage Hospital (Unth Annex),Cottage Hospital,Tier3 provincial hospital,6.9001,7.395
Oduma Cottage Hospital,Cottage Hospital,Tier3 provincial hospital,6.08413,7.639098
Ogbaku Cottage Hospital,Cottage Hospital,Tier3 provincial hospital,6.20709,7.5077
Ogbede Cottage Hospital,Cottage Hospital,Tier3 provincial hospital,6.6712,7.3736
Oji River General Hospital,General Hospital,Tier3 provincial hospital,6.2368,7.2828
Okpanku Cottage Hospital,Cottage Hospital,Tier3 provincial hospital,6.07064,7.40152
Okpatu Cottage Hospital,Cottage Hospital,Tier3 provincial hospital,6.57149,7.41396
Okpuje Cottage Hospital,Cottage Hospital,Tier3 provincial hospital,6.90611,7.29409
Olo Cottage Hospital,Cottage Hospital,Tier3 provincial hospital,6.415054,7.166107
Onoli Cottage Hospital,Cottage Hospital,Tier3 provincial hospital,6.0506,7.4749
Opi Agu Cottage Hospital,Cottage Hospital,Tier3 provincial hospital,6.7814,7.4365
Orba Cottage Hospital,Cottage Hospital,Tier3 provincial hospital,6.859825,7.468445
Ovoko Cottage Hospital,Cottage Hospital,Tier3 provincial hospital,6.898153,7.44059
Ubahu Cottage Hospital,Cottage Hospital,Tier3 provincial hospital,6.535658,7.678741
Udi District Hospital,District Hospital,Tier3 provincial hospital,6.3144,7.4258
Ugwogo Nike Cottage Hospital,Cottage Hospital,Tier3 provincial hospital,6.628137,7.558997
Umulokpa Cottage Hospital,Cottage Hospital,Tier3 provincial hospital,6.51758,7.105349
University Of Nigeria Nsukka Medical Centre,University Teaching Hospital,Tier4 central hospital,6.855265,7.388434
University Of Nigeria Teaching Hospital (Enugu North),University Teaching Hospital,Tier4 central hospital,6.436004,7.479225
University Of Nigeria Teaching Hospital (Nkanu West),University Teaching Hospital,Tier4 central hospital,6.3138,7.4862
Uwani Cottage Hospital,Cottage Hospital,Tier3 provincial hospital,6.421246,7.497155
Abaji General Hospital,General Hospital,Tier3 provincial hospital,8.486525,6.944094
Abuja National Hospital,Natonal Hospital,Tier4 central hospital,9.03911,7.46329
Asokoro General Hospital,General Hospital,Tier3 provincial hospital,9.04561,7.52327
Bwari General Hospital,General Hospital,Tier3 provincial hospital,9.28141,7.3848
Gawu Centre Comprehensive Health Centre,Comprehensive Health Centre,Tier3 provincial hospital,9.210401,6.845173
Gawu Comprehensive Health Centre,Comprehensive Health Centre,Tier3 provincial hospital,9.210401999999998,6.845173
Heti Hospital,Hospital,Tier3 provincial hospital,8.781953,6.994312
Karshi General Hospital,General Hospital,Tier3 provincial hospital,8.82635,7.57109
Kubwa General Hospital,General Hospital,Tier3 provincial hospital,9.157214,7.341033
Kuje General Hospital,General Hospital,Tier3 provincial hospital,8.88144,7.23171
Kwali General Hospital,General Hospital,Tier3 provincial hospital,8.81747,7.03218
Maitama General Hospital,General Hospital,Tier3 provincial hospital,9.08622,7.48128
Nyanya General Hospital,General Hospital,Tier3 provincial hospital,9.02841,7.56965
Pandagi Comprehensive Health Centre,Comprehensive Health Centre,Tier3 provincial hospital,8.513959,6.85483
Rubochi General Hospital,General Hospital,Tier3 provincial hospital,8.52951,7.0347
University Teaching Hospital Abuja,University Teaching Hospital,Tier4 central hospital,8.952811,7.062293
Wuse General Hospital,General Hospital,Tier3 provincial hospital,9.062729,7.468985
Yaba Comprehensive Health Centre,Comprehensive Health Centre,Tier3 provincial hospital,8.68333,6.8
Bajoga General Hospital,General Hospital,Tier3 provincial hospital,10.8577,11.43377
Bambam General Hospital,General Hospital,Tier3 provincial hospital,9.69446,11.51459
Billiri General Hospital,General Hospital,Tier3 provincial hospital,9.881628,11.208882
Bojude General Hospital,General Hospital,Tier3 provincial hospital,10.542526,11.022396
Deba General Hospital,General Hospital,Tier3 provincial hospital,10.221915,11.383418
Dukku General Hospital,General Hospital,Tier3 provincial hospital,10.82749,10.7735
Hina General Hospital,General Hospital,Tier3 provincial hospital,10.31053,11.51648
Kaltungo General Hospital,General Hospital,Tier3 provincial hospital,9.83014,11.32024
Kashere General Hospital,General Hospital,Tier3 provincial hospital,9.912656,11.009379
Kumo General Hospital,General Hospital,Tier3 provincial hospital,10.050865,11.196544
Malam Sidi General Hospital,General Hospital,Tier3 provincial hospital,10.46815,11.29361
Nafada General Hospital,General Hospital,Tier3 provincial hospital,11.09206,11.34156
Pindiga General Hospital,General Hospital,Tier3 provincial hospital,9.987677,10.952382
Potuki General Hospital,General Hospital,Tier3 provincial hospital,9.84799,11.68287
Talasse General Hospital,General Hospital,Tier3 provincial hospital,9.97373,11.66891
Tumu General Hospital,General Hospital,Tier3 provincial hospital,10.00692,11.013172
Zambuk General Hospital,General Hospital,Tier3 provincial hospital,10.32657,11.36068
Aboh Mbaise General Hospital,General Hospital,Tier3 provincial hospital,5.47714,7.27231
Ahiazu General Hospital,General Hospital,Tier3 provincial hospital,5.53389,7.25835
Alaenyi Ogwa General Hospital,General Hospital,Tier3 provincial hospital,5.61263,7.0905
Amadehi Hospital,Hospital,Tier3 provincial hospital,5.81103,6.90158
Amiri General Hospital,General Hospital,Tier3 provincial hospital,5.72925,6.961033
Arean Municipal Wbhe Unity Hospital,Hospital,Tier3 provincial hospital,5.48432,7.04523
Arondiuogu General Hospital,General Hospital,Tier3 provincial hospital,5.8738,7.17843
Egbema General Hospital,General Hospital,Tier3 provincial hospital,5.40237,6.82451
Ekwe Isu Comprehensive Health Centre,Comprehensive Health Centre,Tier3 provincial hospital,5.682509,7.047911
Ekwereocha Christ The King Hospital,Hospital,Tier3 provincial hospital,5.616067,7.349236
Ezi Ogbaku Comprehensive Health Centre,Comprehensive Health Centre,Tier3 provincial hospital,5.566138,6.96242
Ezinihitte General Hospital,General Hospital,Tier3 provincial hospital,5.414456,7.316776
Ihitte Uboma General Hospital,General Hospital,Tier3 provincial hospital,5.61479,7.36642
Isu Njaba General Hospital,General Hospital,Tier3 provincial hospital,5.704568,7.068325
Izombe Comprehensive Health Centre,Comprehensive Health Centre,Tier3 provincial hospital,5.62365,6.86715
Mbieri General Hospital,General Hospital,Tier3 provincial hospital,5.5703,7.01589
Ngor Okpala General Hospital,General Hospital,Tier3 provincial hospital,5.33871,7.15154
Nkwerre General Hospital,General Hospital,Tier3 provincial hospital,5.77005,7.0942
Obohia St. Anthony's Hospital,Hospital,Tier3 provincial hospital,5.56666,7.23333
Ogbaku Comprehensive Health Centre,Comprehensive Health Centre,Tier3 provincial hospital,5.562907,6.936594
Oguta General Hospital,General Hospital,Tier3 provincial hospital,5.711874,6.803913
Okigwe General Hospital,General Hospital,Tier3 provincial hospital,5.836004019,7.35612452
Ugo Medical Centre Umumkpe Uzoagba,Hospital,Tier3 provincial hospital,5.553175,7.122434
Ugochukwu Hospital,Hospital,Tier3 provincial hospital,5.48375,7.00699
Umuedo Cottage Hospital,Cottage Hospital,Tier3 provincial hospital,5.117,7.098
Umuozu Comprehensive Health Centre,Comprehensive Health Centre,Tier3 provincial hospital,5.721628,7.130833
Urualla General Hospital,General Hospital,Tier3 provincial hospital,5.845134,7.080989
Babura General Hospital,General Hospital,Tier3 provincial hospital,12.77254,9.01719
Birnin Kudu General Hospital,General Hospital,Tier3 provincial hospital,11.456688,9.483402
Birniwa Cottage Hospital,Cottage Hospital,Tier3 provincial hospital,12.7903,10.2348
Bulangu Cottage Hospital,Cottage Hospital,Tier3 provincial hospital,12.08979,10.105718
Dutse General Hospital,General Hospital,Tier3 provincial hospital,11.72353754,9.36450264
Gumel General Hospital,General Hospital,Tier3 provincial hospital,12.6308,9.3932
Gwaram Cottage Hospital,Cottage Hospital,Tier3 provincial hospital,11.27638,9.88583
Hadejia General Hospital,General Hospital,Tier3 provincial hospital,12.4526,10.04189
Jahun General Hospital,General Hospital,Tier3 provincial hospital,12.07926393,9.623315334
Kafin Hausa Cottage Hospital,Cottage Hospital,Tier3 provincial hospital,12.241566,9.911867
Kazaure General Hospital,General Hospital,Tier3 provincial hospital,12.6517,8.4132
Ringim General Hospital,General Hospital,Tier3 provincial hospital,12.14666017,9.15502782
Zainab Memorial Hospital,Hospital,Tier3 provincial hospital,12.64465749,8.408837914
Adonai Hospital,Hospital,Tier3 provincial hospital,10.428825,7.401937
Doka Rural Hospital,Rural Hospital,Tier3 provincial hospital,11.100054,7.1942
Gambo Sawaba General Hospital,General Hospital,Tier3 provincial hospital,10.963717,8.392839
Giwa General Hospital,General Hospital,Tier3 provincial hospital,11.249214,7.477734
Gwantu General Hospital,General Hospital,Tier3 provincial hospital,9.22314,8.46269
Hauwa'U Memorial Hospital,Hospital,Tier3 provincial hospital,10.584471,7.448971
Hunkuyi Rural Hospital,Rural Hospital,Tier3 provincial hospital,11.274286,7.653945
Idon Rural Hospital,Rural Hospital,Tier3 provincial hospital,10.1,7.9
Ikara General Hospital,General Hospital,Tier3 provincial hospital,11.1547,8.23152
Jaji Comprehensive Health Centre,Comprehensive Health Centre,Tier3 provincial hospital,10.809105,7.715362
Jibrin Maigwari General Hospital,General Hospital,Tier3 provincial hospital,10.657913,6.537179
Kachia General Hospital,General Hospital,Tier3 provincial hospital,9.86013,7.96257
Kafanchan General Hospital,General Hospital,Tier3 provincial hospital,9.59052,8.29619
Kagarko General Hospital,General Hospital,Tier3 provincial hospital,9.491475999999999,7.697074
Kaura Rural Hospital,Rural Hospital,Tier3 provincial hospital,10.09723,8.46561
Kauru Rural Hospital,Rural Hospital,Tier3 provincial hospital,10.574105,8.14603
Kawo General Hospital,General Hospital,Tier3 provincial hospital,10.582964,7.446759
Kujama Rural Hospital,Rural Hospital,Tier3 provincial hospital,10.479327,7.671636
Kwoi General Hospital,General Hospital,Tier3 provincial hospital,9.45929,7.99578
Maigana Rural Hospital,Rural Hospital,Tier3 provincial hospital,11.0333,7.9332
Major Ibrahim Memorial Hospital (Sabon Gari),Hospital,Tier3 provincial hospital,11.12908,7.70578
Makarfi General Hospital,General Hospital,Tier3 provincial hospital,11.362186,7.909904
Pambegwa Rural Hospital,Rural Hospital,Tier3 provincial hospital,10.675619,8.295511
Rigasa General Hospital,General Hospital,Tier3 provincial hospital,10.546173,7.35660295
Sabon Tasha General Hospital,General Hospital,Tier3 provincial hospital,10.445363,7.422789
Saminaka Comprehensive Health Centre,Comprehensive Health Centre,Tier3 provincial hospital,10.413258,8.690997
Saminaka General Hospital,General Hospital,Tier3 provincial hospital,10.413259,8.690997
Shika Ahmadu Bello University Teaching Hospital,University Teaching Hospital,Tier4 central hospital,11.196635,7.568844
Soba Comprehensive Health Centre,Comprehensive Health Centre,Tier3 provincial hospital,10.988211,8.055709
Turunku Rural Hospital,Rural Hospital,Tier3 provincial hospital,10.6467,7.346
Yusuf Dantsoho Memorial Hospital,Hospital,Tier3 provincial hospital,10.521437,7.417268
Zango Kataf General Hospital,General Hospital,Tier3 provincial hospital,9.828366,8.3991
Zonkwa General Hospital,General Hospital,Tier3 provincial hospital,9.786403,8.290221
Akilu Memorial Comprehensive Health Centre,Comprehensive Health Centre,Tier3 provincial hospital,11.77982,8.29049
AKT Hospital,Hospital,Tier3 provincial hospital,11.968931,8.556233
Bichi General Hospital,General Hospital,Tier3 provincial hospital,12.235359,8.236487
Danbatta General Hospital,General Hospital,Tier3 provincial hospital,12.4333,8.5166
Dawakin Kudu General Hospital,General Hospital,Tier3 provincial hospital,11.83970342,8.60135839
Dawakin Tofa Cottage Hospital,Cottage Hospital,Tier3 provincial hospital,12.107694,8.331533
Doguwa General Hospital,General Hospital,Tier3 provincial hospital,10.73571861,8.590772152
Fagwalawacott Hospital,Cottage Hospital,Tier3 provincial hospital,12.3189,8.6788
Gaya General Hospital,General Hospital,Tier3 provincial hospital,11.8681,9.001
Gezawa General Hospital,General Hospital,Tier3 provincial hospital,12.088332,8.751753
Gwarzo General Hospital,General Hospital,Tier3 provincial hospital,11.92569,7.937851
Hasiya Bayero Hospital,Hospital,Tier3 provincial hospital,11.98996,8.52086
Kabo Cottage Hospital,Cottage Hospital,Tier3 provincial hospital,11.85144108,8.1678959
Karaye Comprehensive Health Centre,Comprehensive Health Centre,Tier3 provincial hospital,11.7833,8.0166
Kiru Comprehensive Health Centre,Comprehensive Health Centre,Tier3 provincial hospital,11.7,8.1332
Kura General Hospital,General Hospital,Tier3 provincial hospital,11.77804649,8.424169421
M.A Wase Comprehensive Health Centre,Comprehensive Health Centre,Tier3 provincial hospital,11.89304,8.4394
Minjibir General Hospital,General Hospital,Tier3 provincial hospital,12.1811,8.656
Rano General Hospital,General Hospital,Tier3 provincial hospital,11.56267,8.585547
Rogo Cottage Hospital,Cottage Hospital,Tier3 provincial hospital,11.552371,7.830452
Shanono Comprehensive Health Centre,Comprehensive Health Centre,Tier3 provincial hospital,12.05,7.9832
Sheik Major General Hospital,General Hospital,Tier3 provincial hospital,12.01204,8.523843
Sir Ms General Hospital,General Hospital,Tier3 provincial hospital,12.012783,8.584149
Sumaila General Hospital,General Hospital,Tier3 provincial hospital,11.54065,8.95677
Tiga General Hospital,General Hospital,Tier3 provincial hospital,11.66765,8.261218
Tofa Comprehensive Health Centre,Comprehensive Health Centre,Tier3 provincial hospital,12.062194,8.27137
Tsanyawa Comprehensive Health Centre,Comprehensive Health Centre,Tier3 provincial hospital,12.3,7.9832
Tudun Wada Cottage Hospital,Cottage Hospital,Tier3 provincial hospital,11.251547,8.399374
Wudil General Hospital,General Hospital,Tier3 provincial hospital,11.80928,8.84336
Zakirai Comprehensive Health Centre,Comprehensive Health Centre,Tier3 provincial hospital,12.104664,8.885086
Baba Ruga General Hospital,General Hospital,Tier3 provincial hospital,12.95648,7.56456
Babban Mutum Comprehensive Health Centre,Comprehensive Health Centre,Tier3 provincial hospital,12.82081,8.99077
Badole Comprehensive Health Centre,Comprehensive Health Centre,Tier3 provincial hospital,12.39421,7.44498
"Bakori ""B"" Comprehensive Health Centre",Comprehensive Health Centre,Tier3 provincial hospital,11.559722,7.427264
Batsari General Hospital,General Hospital,Tier3 provincial hospital,12.85415,7.2009
Baure General Hospital,General Hospital,Tier3 provincial hospital,12.840067,8.740265
Bindawa Comprehensive Health Centre,Comprehensive Health Centre,Tier3 provincial hospital,12.672806,7.813933
Charanchi Comprehensive Health Centre,Comprehensive Health Centre,Tier3 provincial hospital,12.67086,7.73193
D/Ma General Hospital,General Hospital,Tier3 provincial hospital,12.454677,7.497792
Dandume Comprehensive Health Centre,Comprehensive Health Centre,Tier3 provincial hospital,11.462933,7.144464
Daudawa Comprehensive Health Centre,Comprehensive Health Centre,Tier3 provincial hospital,11.62906,7.15635
Daura Comprehensive Health Centre,Comprehensive Health Centre,Tier3 provincial hospital,13.035432,8.30968
Daura General Hospital,General Hospital,Tier3 provincial hospital,13.035431,8.30968
Dayi Comprehensive Health Centre,Comprehensive Health Centre,Tier3 provincial hospital,11.965693,7.689715
Dutsi Comprehensive Health Centre,Comprehensive Health Centre,Tier3 provincial hospital,12.82544,8.14292
Dutsin-Ma Comprehensive Health Centre,Comprehensive Health Centre,Tier3 provincial hospital,12.45167,7.49804
Faskari Comprehensive Health Centre,Comprehensive Health Centre,Tier3 provincial hospital,11.70341,7.16196
Fta General Hospital,General Hospital,Tier3 provincial hospital,11.534425,7.316334
Gallu MCHC Comprehensive Health Centre,Comprehensive Health Centre,Tier3 provincial hospital,13.13995,8.09387
Ingawa General Hospital,General Hospital,Tier3 provincial hospital,12.63968,8.05027
Jani Comprehensive Health Centre,Comprehensive Health Centre,Tier3 provincial hospital,12.83025,7.80849
Jibia General Hospital,General Hospital,Tier3 provincial hospital,13.104043,7.231063
Kaita Comprehensive Health Centre,Comprehensive Health Centre,Tier3 provincial hospital,13.089051,7.737728
Kankara General Hospital,General Hospital,Tier3 provincial hospital,11.929587999999999,7.411264
Katsina General Hospital,General Hospital,Tier3 provincial hospital,13.00011,7.60171
Knk General Hospital,General Hospital,Tier3 provincial hospital,12.54915,7.84306
Kurfi General Hospital,General Hospital,Tier3 provincial hospital,12.66591,7.48711
Kusada Comprehensive Health Centre,Comprehensive Health Centre,Tier3 provincial hospital,12.457662,7.970653
Magama Comprehensive Health Centre,Comprehensive Health Centre,Tier3 provincial hospital,13.106261,7.266214
Mai'Adua Comprehensive Health Centre,Comprehensive Health Centre,Tier3 provincial hospital,13.148985,8.22905
Makera Comprehensive Health Centre,Comprehensive Health Centre,Tier3 provincial hospital,11.53621,7.300885
Mani General Hospital,General Hospital,Tier3 provincial hospital,12.861718999999999,7.878508
Mashi Comprehensive Health Centre,Comprehensive Health Centre,Tier3 provincial hospital,13.04214,7.97384
Mlf General Hospital,General Hospital,Tier3 provincial hospital,11.80484,7.62068
Msw General Hospital,General Hospital,Tier3 provincial hospital,12.1372,7.66856
Rimaye Comprehensive Health Centre,Comprehensive Health Centre,Tier3 provincial hospital,12.546386,7.824841
Rimi General Hospital,General Hospital,Tier3 provincial hospital,12.84649,7.700473
Ruwan Godiya Comprehensive Health Centre,Comprehensive Health Centre,Tier3 provincial hospital,11.67453,6.23543
Sabuwa Comprehensive Health Centre,Comprehensive Health Centre,Tier3 provincial hospital,11.172373,7.129639
Safana Comprehensive Health Centre,Comprehensive Health Centre,Tier3 provincial hospital,12.40622,7.41106
Sandamu Comprehensive Health Centre,Comprehensive Health Centre,Tier3 provincial hospital,12.962412,8.359247
Zango Comprehensive Health Centre,Comprehensive Health Centre,Tier3 provincial hospital,13.053042999999999,8.474195
Aliero General Hospital,General Hospital,Tier3 provincial hospital,12.294564,4.468149
Argungu General Hospital,General Hospital,Tier3 provincial hospital,12.735501,4.527177
Argungu Town Hospital,Hospital,Tier3 provincial hospital,12.74334,4.52687
Bunza General Hospital,General Hospital,Tier3 provincial hospital,12.07910469,4.00222134
Fada General Hospital,General Hospital,Tier3 provincial hospital,11.243222,5.46984
Jega General Hospital,General Hospital,Tier3 provincial hospital,12.229534,4.374258
K/Magaji General Hospital,General Hospital,Tier3 provincial hospital,11.427068,4.516599
Maikaho General Hospital,General Hospital,Tier3 provincial hospital,10.56857,4.70205
Maiyama General Hospital,General Hospital,Tier3 provincial hospital,12.0833,4.3666
Senchi General Hospital,General Hospital,Tier3 provincial hospital,11.36567,5.21513
Sir Yahaya Memorial Hospital,Hospital,Tier3 provincial hospital,12.4530774212384,4.21932935714721
Wara General Hospital,General Hospital,Tier3 provincial hospital,10.214919,4.62216
Wasagu General Hospital,General Hospital,Tier3 provincial hospital,11.37354,5.80731
Yelwa North General Hospital,General Hospital,Tier3 provincial hospital,10.83592,4.73902
Zauro General Hospital,General Hospital,Tier3 provincial hospital,12.50104,4.307258
Zuru General Hospital,General Hospital,Tier3 provincial hospital,11.44638,5.28717
Abejukolo-1 General Hospital,General Hospital,Tier3 provincial hospital,7.86731,7.50605
Abocho Cottage Hospital,Cottage Hospital,Tier3 provincial hospital,7.570723,6.989925
Abugi Cottage Hospital,Cottage Hospital,Tier3 provincial hospital,8.564768,6.248707
Adavi Cottage Hospital,Cottage Hospital,Tier3 provincial hospital,7.562971,6.179783
Adogo Cottage Hospital,Cottage Hospital,Tier3 provincial hospital,7.5154,6.67214
Agbaja Cottage Hospital,Cottage Hospital,Tier3 provincial hospital,7.993027,6.635398
Ajaka Comprehensive Health Centre,Comprehensive Health Centre,Tier3 provincial hospital,7.17599,6.82529
Ankpa General Hospital,General Hospital,Tier3 provincial hospital,7.404127,7.631731
Anyigba Comprehensive Health Centre,Comprehensive Health Centre,Tier3 provincial hospital,7.51292,7.16673
Anyigba KSU Medical Centre,Hospital,Tier3 provincial hospital,7.5167,7.1332
Asco Hospital,Hospital,Tier3 provincial hospital,7.5742,6.63873
Ayegunle Comprehensive Health Centre,Comprehensive Health Centre,Tier3 provincial hospital,7.9923,6.0556
Ayere Comprehensive Health Centre,Comprehensive Health Centre,Tier3 provincial hospital,7.705573,5.970499
Ayetoro General Hospital,General Hospital,Tier3 provincial hospital,7.987285,5.992392
Budon Cottage Hospital,Cottage Hospital,Tier3 provincial hospital,8.238529,6.629224
Eggan Cottage Hospital,Cottage Hospital,Tier3 provincial hospital,8.57247,6.25622
Egume General Hospital,General Hospital,Tier3 provincial hospital,7.474832,7.239605
Ejule Ojebe Cottage Hospital,Cottage Hospital,Tier3 provincial hospital,6.95,6.83333
Ekirin Comprehensive Health Centre,Comprehensive Health Centre,Tier3 provincial hospital,7.83191,5.86635
Emewe Cottage Hospital,Cottage Hospital,Tier3 provincial hospital,7.508212,6.932891
Gboloko Cottage Hospital,Cottage Hospital,Tier3 provincial hospital,7.73247,7.0989
Idah General Hospital,General Hospital,Tier3 provincial hospital,7.1,6.7333
Ife Olukotun Cottage Hospital,Cottage Hospital,Tier3 provincial hospital,7.9166,5.7666
Ileteju General Hospital,General Hospital,Tier3 provincial hospital,7.401889,6.225534
Itedoirunda General Hospital,General Hospital,Tier3 provincial hospital,8.26666,5.83333
Iyale General Hospital,General Hospital,Tier3 provincial hospital,7.631526,7.318422
Iyamoye General Hospital,General Hospital,Tier3 provincial hospital,7.78072,5.79758
Iyara Comprehensive Health Centre,Comprehensive Health Centre,Tier3 provincial hospital,7.841561,5.965552
Jamata Cottage Hospital,Cottage Hospital,Tier3 provincial hospital,8.053552,6.770568
Kabba General Hospital,General Hospital,Tier3 provincial hospital,7.82396,6.08946
Kogi Diagnostic & Reference Hospital,Hospital,Tier3 provincial hospital,7.47922,7.16861
Modanbah Hospital,Hospital,Tier3 provincial hospital,7.5375,6.2405
Nyaba II Comprehensive Health Centre,Comprehensive Health Centre,Tier3 provincial hospital,8.37676,6.83648
Obandege General Hospital,General Hospital,Tier3 provincial hospital,7.61034,6.20554
Obeiba Comprehensive Health Centre,Comprehensive Health Centre,Tier3 provincial hospital,7.598692,6.157405
Odeke Cottage Hospital,Cottage Hospital,Tier3 provincial hospital,6.707332,6.797687
Odolu General Hospital,General Hospital,Tier3 provincial hospital,6.98135,7.15682
Ogori General Hospital,General Hospital,Tier3 provincial hospital,7.45043,6.17865
Oguma General Hospital,General Hospital,Tier3 provincial hospital,7.884558,7.06074
Ohono Cottage Hospital,Cottage Hospital,Tier3 provincial hospital,8.01324,6.76514
Okene General Hospital,General Hospital,Tier3 provincial hospital,7.55443,6.23854
Okengwe General Hospital,General Hospital,Tier3 provincial hospital,7.546223,6.196901
Okpo General Hospital,General Hospital,Tier3 provincial hospital,7.20833,7.54998
Onyedega Cottage Hospital,Cottage Hospital,Tier3 provincial hospital,6.883615,6.676964
Adewole Cottage Hospital,Cottage Hospital,Tier3 provincial hospital,8.487822,4.517704
Afon General Hospital,General Hospital,Tier3 provincial hospital,8.324581,4.533254
Agbamu General Hospital,General Hospital,Tier3 provincial hospital,8.11664115,4.87222532
Agbonda Cottage Hospital,Cottage Hospital,Tier3 provincial hospital,8.13014154,4.92866366
Agunjin Hospital,Hospital,Tier3 provincial hospital,8.4634,4.97225
Aiyedun General Hospital,General Hospital,Tier3 provincial hospital,8.0994,5.14202
Aiyekale Cottage Hospital,Cottage Hospital,Tier3 provincial hospital,8.219888314782608,5.296445
Ajase-Ipo Cottage Hospital,Cottage Hospital,Tier3 provincial hospital,8.253664,4.806289
Ajibola Hospital,Hospital,Tier3 provincial hospital,8.50137,4.5628
Ajikobi Cottage Hospital,Cottage Hospital,Tier3 provincial hospital,8.50293,4.52868
Alabe Comprehensive Health Centre,Comprehensive Health Centre,Tier3 provincial hospital,8.476317,5.130771
Aran-Orin Comprehensive Health Centre,Comprehensive Health Centre,Tier3 provincial hospital,8.08396,5.077204
Araromi-Opin Cottage Hospital,Cottage Hospital,Tier3 provincial hospital,8.06666,5.25
Ayedun Comprehensive Health Centre,Comprehensive Health Centre,Tier3 provincial hospital,8.058123,5.104717
Ballah Cottage Hospital,Cottage Hospital,Tier3 provincial hospital,8.402682,4.416327
Budo Egba Cottage Hospital,Cottage Hospital,Tier3 provincial hospital,8.31667,4.4
David Mercy Jebba Medical Centre,Hospital,Tier3 provincial hospital,9.113241,4.823378
Edidi Cottage Hospital,Cottage Hospital,Tier3 provincial hospital,8.235443,4.942403
Emiloju Jebba Medical Centre,Hospital,Tier3 provincial hospital,9.123538,4.815052
Emmaneul Hospital (Jebba) Hospital,Hospital,Tier3 provincial hospital,9.122351,4.824923
Erin General Hospital,General Hospital,Tier3 provincial hospital,8.094714,4.70328
Eruku Cottage Hospital,Cottage Hospital,Tier3 provincial hospital,8.15,5.41667
Esie Comprehensive Health Centre,Comprehensive Health Centre,Tier3 provincial hospital,8.21667,4.9
Gabu Hospital,Hospital,Tier3 provincial hospital,8.12344,4.81909
Igbonna Cottage Hospital,Cottage Hospital,Tier3 provincial hospital,8.18891,4.6071
Ijomu-Oro Cottage Hospital,Cottage Hospital,Tier3 provincial hospital,8.25,4.9166
Ilesa Cottage Hospital,Cottage Hospital,Tier3 provincial hospital,8.912867,3.419786
Iloffa Cottage Hospital,Cottage Hospital,Tier3 provincial hospital,8.099243,5.141893
Iponrin Cottage Hospital,Cottage Hospital,Tier3 provincial hospital,8.66666,4.88333
Isanlu-Isin General Hospital,General Hospital,Tier3 provincial hospital,8.224726,5.084151
Jebba Hospital,Hospital,Tier3 provincial hospital,9.11911,4.8269
Jokolu Hospital,Hospital,Tier3 provincial hospital,8.67594,4.70982
Kaiama General Hospital,General Hospital,Tier3 provincial hospital,9.602222,3.946318
Kayode Jebba Medical Centre,Hospital,Tier3 provincial hospital,9.106504,4.828227
Lade Cottage Hospital,Cottage Hospital,Tier3 provincial hospital,8.753846999999999,5.616643
Obbo-Aiyegunle Cottage Hospital,Cottage Hospital,Tier3 provincial hospital,8.03333,5.26666
Obbo-Ile Cottage Hospital,Cottage Hospital,Tier3 provincial hospital,8.08333,5.33333
Oke Onigbin Cottage Hospital,Cottage Hospital,Tier3 provincial hospital,8.225092,4.998373
Omu-Aran General Hospital,General Hospital,Tier3 provincial hospital,8.14886,5.0924
Omupo Cottage Hospital,Cottage Hospital,Tier3 provincial hospital,8.273166999999999,4.798864
Ore-Lope Hospital,Hospital,Tier3 provincial hospital,8.53592,4.61949
Oro General Hospital,General Hospital,Tier3 provincial hospital,8.230017,4.897512
Oro-Ago Cottage Hospital,Cottage Hospital,Tier3 provincial hospital,8.3258,5.23099
Patigi General Hospital,General Hospital,Tier3 provincial hospital,8.72076,5.75256
Share General Hospital,General Hospital,Tier3 provincial hospital,8.81671,4.97901
Temitope Hospital,Hospital,Tier3 provincial hospital,8.49595087358729,4.56348896026611
Tsaragi Cottage Hospital,Cottage Hospital,Tier3 provincial hospital,8.832289,4.979006
University of Illorin Teaching Hospital,University Teaching Hospital,Tier4 central hospital,8.537242,4.647356
Above Medical Centre,Hospital,Tier3 provincial hospital,6.542539,3.261134
Agbowa General Hospital,General Hospital,Tier3 provincial hospital,6.63781794,3.71469049
Ajeromi Ifelodun General Hospital,General Hospital,Tier3 provincial hospital,6.61976365332336,3.33106756210327
Alimosho General Hospital,General Hospital,Tier3 provincial hospital,6.600321,3.30046
Amukoko General Hospital,General Hospital,Tier3 provincial hospital,6.46621,3.34269
Apapa General Hospital,General Hospital,Tier3 provincial hospital,6.44,3.364
Badagry General Hospital,General Hospital,Tier3 provincial hospital,6.41384005,2.8970252
Epe General Hospital,General Hospital,Tier3 provincial hospital,6.58640889,3.97060628
Era Mini General Hospital,General Hospital,Tier3 provincial hospital,6.47697325,3.12414418
Gbagada General Hospital,General Hospital,Tier3 provincial hospital,6.55213071,3.38779603
Ibeju Lekki General Hospital,General Hospital,Tier3 provincial hospital,6.4545,3.94318
Ifako General Hospital,General Hospital,Tier3 provincial hospital,6.645209,3.325689
Ikorodu General Hospital,General Hospital,Tier3 provincial hospital,6.60902791,3.49939151
Ikorodu Hospital,Hospital,Tier3 provincial hospital,6.62413091,3.50300954
Isolo General Hospital,General Hospital,Tier3 provincial hospital,6.52809,3.319482
Ketu General Hospital,General Hospital,Tier3 provincial hospital,6.63483,3.88052
Lagos General Hospital,General Hospital,Tier3 provincial hospital,6.4542,3.38309
Lagos State University Teaching Hospital,University Teaching Hospital,Tier4 central hospital,6.591014,3.34052
Lagos University Teaching Hospital Luth,University Teaching Hospital,Tier4 central hospital,6.520351,3.353861
Mushin General Hospital,General Hospital,Tier3 provincial hospital,6.531389,3.346277
Naf Hospital,Hospital,Tier3 provincial hospital,6.58246,3.34067
Orile- Agege General Hospital,General Hospital,Tier3 provincial hospital,6.61426,3.32437
Somolu General Hospital,General Hospital,Tier3 provincial hospital,6.5393,3.37908
Surulere General Hospital,General Hospital,Tier3 provincial hospital,6.50677268130068,3.35917174816131
Agbashi General Hospital,General Hospital,Tier3 provincial hospital,8.016904,8.118837
Akiri Comprehensive Health Centre,Comprehensive Health Centre,Tier3 provincial hospital,8.38333,9.33333
Akwanga General Hospital,General Hospital,Tier3 provincial hospital,8.914487999999999,8.387563
Arigya Cottage Hospital,Cottage Hospital,Tier3 provincial hospital,8.545055,8.535489
Assakio Comprehensive Health Centre,Comprehensive Health Centre,Tier3 provincial hospital,8.6,8.85
Awe General Hospital,General Hospital,Tier3 provincial hospital,8.110061,9.144139
Bad Comprehensive Health Centre,Comprehensive Health Centre,Tier3 provincial hospital,8.6032,8.37173
Doma General Hospital,General Hospital,Tier3 provincial hospital,8.391421,8.355194
Garaku General Hospital,General Hospital,Tier3 provincial hospital,8.83333,8.11666
Keana General Hospital,General Hospital,Tier3 provincial hospital,8.152011,8.800827
Keffi General Hospital,General Hospital,Tier3 provincial hospital,8.84784225384061,7.88475036621093
M/Gurku Medical Centre,Hospital,Tier3 provincial hospital,9.10351,7.61316
M/Udege General Hospital,General Hospital,Tier3 provincial hospital,8.42055,7.90736
Nasarawa General Hospital,General Hospital,Tier3 provincial hospital,8.5294,7.7241
Nassarawa Eggon General Hospital,General Hospital,Tier3 provincial hospital,8.710855,8.527268
Obi General Hospital,General Hospital,Tier3 provincial hospital,8.37161,8.770441
Panda General Hospital,General Hospital,Tier3 provincial hospital,9.265697000000001,7.837021
Ribi Comprehensive Health Centre,Comprehensive Health Centre,Tier3 provincial hospital,8.365901999999998,9.122032
Toto General Hospital,General Hospital,Tier3 provincial hospital,8.384758,7.075807
Uke General Hospital,General Hospital,Tier3 provincial hospital,8.896147,7.711346
Umaish Cottage Hospital,Cottage Hospital,Tier3 provincial hospital,8.008343,7.186393
Wuse Comprehensive Health Centre,Comprehensive Health Centre,Tier3 provincial hospital,8.373411,9.31256
Auna Rural Hospital,Rural Hospital,Tier3 provincial hospital,10.1897,4.7232
Bangi General Hospital,General Hospital,Tier3 provincial hospital,10.82974,5.81966
Batako Comprehensive Health Centre,Comprehensive Health Centre,Tier3 provincial hospital,9.27936,6.083239
Bataworo Comprehensive Health Centre,Comprehensive Health Centre,Tier3 provincial hospital,9.41655,5.93047
Bidafu Cikar Comprehensive Health Centre,Comprehensive Health Centre,Tier3 provincial hospital,9.498553,6.083572
Bidafu Tako Comprehensive Health Centre,Comprehensive Health Centre,Tier3 provincial hospital,9.508187,6.081155
Bissanti Capital Hospital,Hospital,Tier3 provincial hospital,9.32825,6.21227
Bussa General Hospital.,General Hospital,Tier3 provincial hospital,9.87433138,4.50081438
Busu Rural Hospital,Rural Hospital,Tier3 provincial hospital,8.91809,6.04111
Edotsu Comprehensive Health Centre,Comprehensive Health Centre,Tier3 provincial hospital,9.48567,6.17316
Ekosa Rural Hospital,Rural Hospital,Tier3 provincial hospital,9.011155,6.314526
Emi-Maru Comprehensive Health Centre,Comprehensive Health Centre,Tier3 provincial hospital,9.47874,6.03227
Emitsowa Comprehensive Health Centre,Comprehensive Health Centre,Tier3 provincial hospital,9.323075,6.073933
Evuntagi Comprehensive Health Centre,Comprehensive Health Centre,Tier3 provincial hospital,9.513146,6.176596
Fuka NN Hospital,Hospital,Tier3 provincial hospital,9.6483,6.93974
Gara Comprehensive Health Centre,Comprehensive Health Centre,Tier3 provincial hospital,9.223929,6.081491
Gbangatsofo Comprehensive Health Centre,Comprehensive Health Centre,Tier3 provincial hospital,9.40982,6.12792
Gbangba Comprehensive Health Centre,Comprehensive Health Centre,Tier3 provincial hospital,9.409775,6.127941
Gogata Comprehensive Health Centre,Comprehensive Health Centre,Tier3 provincial hospital,9.15,6.11666
Gududzuru Comprehensive Health Centre,Comprehensive Health Centre,Tier3 provincial hospital,9.495605,6.121246
Jaba Comprehensive Health Centre,Comprehensive Health Centre,Tier3 provincial hospital,9.441879988,5.993084908
Kagara General Hospital,General Hospital,Tier3 provincial hospital,10.191746,6.258194
Kantagora General Hospital,General Hospital,Tier3 provincial hospital,10.40137,5.47051
Kolobu Comprehensive Health Centre,Comprehensive Health Centre,Tier3 provincial hospital,9.47523,6.1414
Komu Comprehensive Health Centre,Comprehensive Health Centre,Tier3 provincial hospital,9.161768,6.112377
Kowangi Comprehensive Health Centre,Comprehensive Health Centre,Tier3 provincial hospital,9.422842,6.116874
Kunkele Comprehensive Health Centre,Comprehensive Health Centre,Tier3 provincial hospital,9.316422,6.036794
Kutigi Kutigi General Hospital,General Hospital,Tier3 provincial hospital,9.199031,5.595879
Lapai Comprehensive Health Centre,Comprehensive Health Centre,Tier3 provincial hospital,9.0481,6.57814
Lapai Rural Hospital,Rural Hospital,Tier3 provincial hospital,9.043388,6.578742
Legbodzukun Comprehensive Health Centre,Comprehensive Health Centre,Tier3 provincial hospital,9.48333,6.05
Lemu Rural Hospital,Rural Hospital,Tier3 provincial hospital,9.4,6.03333
Malagi Comprehensive Health Centre,Comprehensive Health Centre,Tier3 provincial hospital,9.55,6.1
Mammagi Comprehensive Health Centre,Comprehensive Health Centre,Tier3 provincial hospital,9.31666,6.1
Minna Central General Hospital,General Hospital,Tier3 provincial hospital,9.61302,6.54424
Mokwa General Hospital,General Hospital,Tier3 provincial hospital,9.291955,5.058061
N/Somman Comprehensive Health Centre,Comprehensive Health Centre,Tier3 provincial hospital,9.466533,6.121251
Ndako Gana Comprehensive Health Centre,Comprehensive Health Centre,Tier3 provincial hospital,9.437567,6.08354
Ndalada Comprehensive Health Centre,Comprehensive Health Centre,Tier3 provincial hospital,9.361162,6.099043
Nepa Hospital,Hospital,Tier3 provincial hospital,9.173486,4.806184
Nepa Hospital Shiroro,Hospital,Tier3 provincial hospital,9.74806,6.81584
Nuwankota Comprehensive Health Centre,Comprehensive Health Centre,Tier3 provincial hospital,9.35,6.11666
Rural Hospital,Rural Hospital,Tier3 provincial hospital,9.869329,6.709877
S/Pawa Rural Hospital,Rural Hospital,Tier3 provincial hospital,10.02971,7.1115
Sabon Wuse General Hospital,General Hospital,Tier3 provincial hospital,9.29985,7.2331
Shabalegbo Comprehensive Health Centre,Comprehensive Health Centre,Tier3 provincial hospital,9.43333,6.06666
Sommajigi Comprehensive Health Centre,Comprehensive Health Centre,Tier3 provincial hospital,9.497906,5.956044
Sommajiko Comprehensive Health Centre,Comprehensive Health Centre,Tier3 provincial hospital,9.47546,6.140301
Suleja General Hospital,General Hospital,Tier3 provincial hospital,9.184967,7.176706
Swasun Gabi Comprehensive Health Centre,Comprehensive Health Centre,Tier3 provincial hospital,9.39756453,5.990257859
T/Magajiya General Hospital,General Hospital,Tier3 provincial hospital,11.174062,5.276183
Tiwugi Comprehensive Health Centre,Comprehensive Health Centre,Tier3 provincial hospital,9.488934,6.129575
Toroko Comprehensive Health Centre,Comprehensive Health Centre,Tier3 provincial hospital,9.497927,6.027165
Tugunguna Rural Hospital,Rural Hospital,Tier3 provincial hospital,10.356317,6.10514
U/Sanda Ri Hospital,Hospital,Tier3 provincial hospital,9.09655,6.0244
Umaru Ma'Ajigi II General Hospital,General Hospital,Tier3 provincial hospital,9.07574,6.01326
Wasagi Comprehensive Health Centre,Comprehensive Health Centre,Tier3 provincial hospital,9.47034,6.14224
Wushishi Rural Hospital,Rural Hospital,Tier3 provincial hospital,9.43776,6.0475
Zungeru Comprehesive Health Centre,Comprehensive Health Centre,Tier3 provincial hospital,9.47867,6.09111
Afuwape Hospital,Hospital,Tier3 provincial hospital,7.141797,3.348616
Ahmadia Hospital,Hospital,Tier3 provincial hospital,6.8309,3.9242
Ala-Idowa General Hospital,General Hospital,Tier3 provincial hospital,6.76967,3.87061
Atan General Hospital,General Hospital,Tier3 provincial hospital,6.89157,4.00472
Ayepe General Hospital,General Hospital,Tier3 provincial hospital,6.80401,3.73815
Bode Lemo General Hospital,General Hospital,Tier3 provincial hospital,6.740407,3.667489
Iberekodo V General Hospital,General Hospital,Tier3 provincial hospital,7.2102,3.33851
Ibiade General Hospital,General Hospital,Tier3 provincial hospital,6.53648,4.340663
Idiroko General Hospital,General Hospital,Tier3 provincial hospital,6.64318,2.7488
Ifo General Hospital,General Hospital,Tier3 provincial hospital,6.83321,3.19208
Igbokofi Comprehensive Health Centre,Comprehensive Health Centre,Tier3 provincial hospital,7.146803,2.771662
Ijebu - Igbo General Hospital,General Hospital,Tier3 provincial hospital,6.99052,3.99971
Ikenne II Community Hospital,Hospital,Tier3 provincial hospital,6.873252,3.712547
Ikenne II General Hospital,General Hospital,Tier3 provincial hospital,6.873253,3.712547
Ikereku II Ward 16 Community Hospital,Hospital,Tier3 provincial hospital,7.09829,3.16302
Ilisan I Community Hospital,Hospital,Tier3 provincial hospital,6.89779,3.7074
Imeko General Hospital,General Hospital,Tier3 provincial hospital,7.45627,2.83289
Iperu General Hospital,General Hospital,Tier3 provincial hospital,6.92467,3.66182
Ipokia General Hospital,General Hospital,Tier3 provincial hospital,6.51763,2.84636
Isara I General Hospital,General Hospital,Tier3 provincial hospital,7.0025,3.68549
ItoriGeneral Hospital,General Hospital,Tier3 provincial hospital,6.93342,3.2199
Iwopin Comprehensive Health Centre,Comprehensive Health Centre,Tier3 provincial hospital,6.503512,4.209519
Odeda General Hospital,General Hospital,Tier3 provincial hospital,7.235506,3.526547
Ogbere General Hospital,General Hospital,Tier3 provincial hospital,6.740802,4.158378
Olabisi Onabanjo University Teaching Hospital,University Teaching Hospital,Tier4 central hospital,6.85089787731335,3.65312576293945
Olukoye Community Memorial Hospital,Hospital,Tier3 provincial hospital,7.17191,3.3618
Olumayowa Memorial Hospital,Hospital,Tier3 provincial hospital,6.779389,4.197061
Omu General Hospital,General Hospital,Tier3 provincial hospital,6.68589,3.8627
Owode General Hospital,General Hospital,Tier3 provincial hospital,6.94185,3.50995
Saala General Hospital,General Hospital,Tier3 provincial hospital,7.238726,3.016812
State Hospital,State Hospital,Tier4 central hospital,6.987661,3.679819
State Hospital,State Hospital,Tier4 central hospital,7.15146,3.35271
State Hospital Ijebu-Ode,State Hospital,Tier4 central hospital,6.8137810000000005,3.92584
Abetobo Comprehensive Health Centre,Comprehensive Health Centre,Tier3 provincial hospital,6.1545,4.7203
Ajue Comprehensive Health Centre,Comprehensive Health Centre,Tier3 provincial hospital,6.89542,4.85599
Akunnu Comprehensive Health Centre,Comprehensive Health Centre,Tier3 provincial hospital,7.62632,5.94018
Akure Hospital,Hospital,Tier3 provincial hospital,7.24168,5.1945
Arakale Comprehensive Health Centre,Comprehensive Health Centre,Tier3 provincial hospital,7.2513,5.19341
Araromi Obu Comprehensive Health Centre,Comprehensive Health Centre,Tier3 provincial hospital,6.6,4.4999
Arogbo Comprehensive Health Centre,Comprehensive Health Centre,Tier3 provincial hospital,6.26002,4.99669
Bolorunduro General Hospital,General Hospital,Tier3 provincial hospital,6.97215,4.68571
Emure-Ile Comprehensive Health Centre,Comprehensive Health Centre,Tier3 provincial hospital,7.2696,5.4659
Epe Comprehensive Health Centre,Comprehensive Health Centre,Tier3 provincial hospital,7.16667,4.78333
Fagbo Comprehensive Health Centre,Comprehensive Health Centre,Tier3 provincial hospital,7.101749,4.972461
Idanre General Hospital,General Hospital,Tier3 provincial hospital,7.10879,5.11503
Idoani General Hospital,General Hospital,Tier3 provincial hospital,7.292306,5.844806
Ifon Comprehensive Health Centre,Comprehensive Health Centre,Tier3 provincial hospital,6.930041,5.778492
Igbara-Oke General Hospital,General Hospital,Tier3 provincial hospital,7.410931,5.0615
Igbekebo General Hospital,General Hospital,Tier3 provincial hospital,6.35457,4.8627
Igbokoda General Hospital,General Hospital,Tier3 provincial hospital,6.34964,4.80325
Igbotako Comprehensive Health Centre,Comprehensive Health Centre,Tier3 provincial hospital,6.57406,4.63793
Igunsin Comprehensive Health Centre,Comprehensive Health Centre,Tier3 provincial hospital,6.95739,4.85601
Ijare Comprehensive Health Centre,Comprehensive Health Centre,Tier3 provincial hospital,7.362115,5.181927
Ijuodo Comprehensive Health Centre,Comprehensive Health Centre,Tier3 provincial hospital,6.5458,4.9138
Ilara Comprehensive Health Centre,Comprehensive Health Centre,Tier3 provincial hospital,7.35067,5.11333
Ile-Oluji Comprehensive Health Centre,Comprehensive Health Centre,Tier3 provincial hospital,7.217381,4.872067
Ile-Oluji General Hospital,General Hospital,Tier3 provincial hospital,7.21666,4.86666
Ilowo Comprehensive Health Centre,Comprehensive Health Centre,Tier3 provincial hospital,6.05491,4.836131
Ilutitun Comprehensive Health Centre,Comprehensive Health Centre,Tier3 provincial hospital,6.52593,4.63747
Ipe Comprehensive Health Centre,Comprehensive Health Centre,Tier3 provincial hospital,7.422149,5.850456
Ipe General Hospital,General Hospital,Tier3 provincial hospital,7.42193,5.85025
Ipele Comprehensive Health Centre,Comprehensive Health Centre,Tier3 provincial hospital,7.1338,5.6728
Irun-Akoko General Hospital,General Hospital,Tier3 provincial hospital,7.57319,5.6795
Isolo Comprehensive Health Centre,Comprehensive Health Centre,Tier3 provincial hospital,7.271257,5.19723
Itaogbolu General Hospital,General Hospital,Tier3 provincial hospital,7.3695,5.2487
Iwaro-Oka General Hospital,General Hospital,Tier3 provincial hospital,7.445243,5.616061
Iyere Comprehensive Health Centre,Comprehensive Health Centre,Tier3 provincial hospital,7.1762310000000005,5.614023
Kolawole Comprehensive Health Centre,Comprehensive Health Centre,Tier3 provincial hospital,7.27008,5.01037
Laje Comprehensive Health Centre,Comprehensive Health Centre,Tier3 provincial hospital,7.01666,4.63333
Moferere Oja Comprehensive Health Centre,Comprehensive Health Centre,Tier3 provincial hospital,6.99445,4.93729
Oba-Ile Comprehensive Health Centre,Comprehensive Health Centre,Tier3 provincial hospital,7.2623,5.259
Ode-Aye I Comprehensive Health Centre,Comprehensive Health Centre,Tier3 provincial hospital,6.5879010000000005,4.74358
Ode-Irele Comprehensive Health Centre,Comprehensive Health Centre,Tier3 provincial hospital,6.49368,4.86198
Ode-Irele General Hospital,General Hospital,Tier3 provincial hospital,6.48694,4.87001
Ogbagi Comprehensive Health Centre,Comprehensive Health Centre,Tier3 provincial hospital,7.576092,5.699034
Oke-Igbo Comprehensive Health Centre,Comprehensive Health Centre,Tier3 provincial hospital,7.17231,4.72388
Okeluse Comprehensive Health Centre,Comprehensive Health Centre,Tier3 provincial hospital,6.776905,5.585426
Olorunsogo Comprehensive Health Centre,Comprehensive Health Centre,Tier3 provincial hospital,7.32924,4.99258
Ore General Hospital,General Hospital,Tier3 provincial hospital,6.750595,4.877733
Orisunmibare Comprehensive Health Centre,Comprehensive Health Centre,Tier3 provincial hospital,7.35822,4.94435
Owase Comprehensive Health Centre,Comprehensive Health Centre,Tier3 provincial hospital,7.46143,5.79287
Owena Comprehensive Health Centre,Comprehensive Health Centre,Tier3 provincial hospital,7.0065,5.0187
Owo General Hospital,General Hospital,Tier3 provincial hospital,7.198094,5.568502
Supare Comprehensive Health Centre,Comprehensive Health Centre,Tier3 provincial hospital,7.444882,5.695812
Wasimi Comprehensive Health Centre,Comprehensive Health Centre,Tier3 provincial hospital,7.14661,4.98773
Aderemi Comprehensive Health Centre,Comprehensive Health Centre,Tier3 provincial hospital,7.4842,4.55085
Alaka Comprehensive Health Centre,Comprehensive Health Centre,Tier3 provincial hospital,7.36287,4.95855
Araromi Hospital (Eko Ende Road),Hospital,Tier3 provincial hospital,7.92302,4.6572
"Asubiaro, Osogbo State Hospital",State Hospital,Tier4 central hospital,7.76473,4.54755
Bello Primary Hospital. Iperin Str. Ila,Hospital,Tier3 provincial hospital,8.025414,4.915904
Edunabon Comprehensive Health Centre,Comprehensive Health Centre,Tier3 provincial hospital,7.55,4.45
Ejigbo Comprehensive Health Centre,Comprehensive Health Centre,Tier3 provincial hospital,7.879175,4.297922
Eleyele Ile-Ife Comprehensive Health Centre,Comprehensive Health Centre,Tier3 provincial hospital,7.54512,4.57763
Enuwa Comprehensive Health Centre,Comprehensive Health Centre,Tier3 provincial hospital,7.48404,4.56048
Esa Oke Ward 7 Comprehensive Health Centre,Comprehensive Health Centre,Tier3 provincial hospital,7.751509,4.889681
Garage Olode Comprehensive Health Centre,Comprehensive Health Centre,Tier3 provincial hospital,7.26645,4.628309
Gbongan Comprehensive Health Centre,Comprehensive Health Centre,Tier3 provincial hospital,7.397921,4.338142
Holy Trinity Hospital Igbogi Str. Ilesa,Hospital,Tier3 provincial hospital,7.63435,4.74208
Ibokun Comprehensive Health Centre,Comprehensive Health Centre,Tier3 provincial hospital,7.784565,4.717709
Ifetedo Comprehensive Health Centre,Comprehensive Health Centre,Tier3 provincial hospital,7.181591,4.70354
Ifewara Comprehensive Health Centre,Comprehensive Health Centre,Tier3 provincial hospital,7.460996,4.67907
Ifon-Osun Comprehensive Health Centre,Comprehensive Health Centre,Tier3 provincial hospital,7.86666,4.48333
Igbajo Comprehensive Health Centre,Comprehensive Health Centre,Tier3 provincial hospital,7.9,4.81666
Ijebu-Jesa General Hospital,General Hospital,Tier3 provincial hospital,7.691403,4.805922
Ijeda Comprehensive Health Centre,Comprehensive Health Centre,Tier3 provincial hospital,7.6500010000000005,4.83333
Ikeji Ile Comprehensive Health Centre,Comprehensive Health Centre,Tier3 provincial hospital,7.46666,4.91666
Ikire General Hospital,General Hospital,Tier3 provincial hospital,7.37504,4.20004
Ikirun State Hospital,State Hospital,Tier4 central hospital,7.916661,4.66666
Ila General Hospital,General Hospital,Tier3 provincial hospital,8.01667,4.9
Ile-Ife Obafemi Awolowo University Teaching Hospital,University Teaching Hospital,Tier4 central hospital,7.504611,4.572667
Ile-Ogbo Comprehensive Health Centre,Comprehensive Health Centre,Tier3 provincial hospital,7.61666,4.25
Ilesa State Hospital,State Hospital,Tier4 central hospital,7.63385,4.72817
Illie Comprehensive Health Centre,Comprehensive Health Centre,Tier3 provincial hospital,7.96659,4.54991
"Iloko Ijesa Comprehensive Health Centre,",Comprehensive Health Centre,Tier3 provincial hospital,7.64599,4.819686
Iperindo Comprehensive Health Centre,Comprehensive Health Centre,Tier3 provincial hospital,7.50269,4.32264
Ipetu-Jesa State Hospital,State Hospital,Tier4 central hospital,7.47159,4.88606
Ipetumodu General Hospital,General Hospital,Tier3 provincial hospital,7.51666,4.45
Iragberi Comprehensive Health Centre,Comprehensive Health Centre,Tier3 provincial hospital,7.78333,4.36666
Iragbiji Comprehensive Health Centre,Comprehensive Health Centre,Tier3 provincial hospital,7.908875,4.684077
Iree Comprehensive Health Centre,Comprehensive Health Centre,Tier3 provincial hospital,7.93333,4.71666
Iree Rainbow Medical Centre,Hospital,Tier3 provincial hospital,7.93321,4.72228
Ires Comprehensive Health Centre,Comprehensive Health Centre,Tier3 provincial hospital,7.93333,4.83333
"Isale Agbara, Osogbo Comprehensive Health Centre",Comprehensive Health Centre,Tier3 provincial hospital,7.76041,4.55777
Iwara Comprehensive Health Centre,Comprehensive Health Centre,Tier3 provincial hospital,7.53086,4.72628
Iwo State Hospital,State Hospital,Tier4 central hospital,7.63612,4.147343
Jaleyemi Catholic Hospital,Hospital,Tier3 provincial hospital,7.858506,4.466674
Konda Ilobu Comprehensive Health Centre,Comprehensive Health Centre,Tier3 provincial hospital,7.84218,4.50198
Kuta Comprehensive Health Centre,Comprehensive Health Centre,Tier3 provincial hospital,7.6500010000000005,4.28333
"Lautech Teaching Hospital. Idi Seke, Osogbo",University Teaching Hospital,Tier4 central hospital,7.77835,4.552102
Modakeke Comprehensive Health Centre,Comprehensive Health Centre,Tier3 provincial hospital,7.475041,4.55646
Oba-Ile Comprehensive Health Centre,Comprehensive Health Centre,Tier3 provincial hospital,7.913181,4.57853
Ode Omu Comprehensive Health Centre,Comprehensive Health Centre,Tier3 provincial hospital,7.53333,4.4
Oke-Ila Comprehensive Health Centre,Comprehensive Health Centre,Tier3 provincial hospital,8.020551,5.014791
Oke-Ogbo Ile-Ife State Hospital,State Hospital,Tier4 central hospital,7.4494,4.60135
Okuku Comprehensive Health Centre,Comprehensive Health Centre,Tier3 provincial hospital,8.005729,4.671936
"Olorunsogo, Osogbo Mercyland Hospital",Hospital,Tier3 provincial hospital,7.469126,4.360107
Oraa Comprehensive Health Centre,Comprehensive Health Centre,Tier3 provincial hospital,7.885477,7.8854779
Osu Comprehensive Health Centre,Comprehensive Health Centre,Tier3 provincial hospital,7.583516,4.619616
Otan Ayegabju Comprehensive Health Centre,Comprehensive Health Centre,Tier3 provincial hospital,7.95,4.7999
Our Lady Catholic Hospital,Hospital,Tier3 provincial hospital,7.76902,4.54856
"Owode-Idi-Ose Primary Health Centre, Aludunduns Comp. Ikirun",Comprehensive Health Centre,Tier3 provincial hospital,7.90783,4.66868
Oyan Comprehensive Health Centre,Comprehensive Health Centre,Tier3 provincial hospital,8.05,4.76666
Sekona Comprehensive Health Centre,Comprehensive Health Centre,Tier3 provincial hospital,7.61666,4.45
St. Nicholas Catholic Hospital,Hospital,Tier3 provincial hospital,7.95253,4.78789
St. Zeno Hospital Telemu,Hospital,Tier3 provincial hospital,7.63897,4.170133
Victory Hospital Annex,Hospital,Tier3 provincial hospital,7.63889,4.18025
Wesley Guild Hospital (OautIlesa),Hospital,Tier3 provincial hospital,7.615019,4.735954
Abiwere Hospital,Hospital,Tier3 provincial hospital,7.853619,3.94623659
Ado Awaye General Hospital,General Hospital,Tier3 provincial hospital,7.835629,3.435637
Ago Are General Hospital,General Hospital,Tier3 provincial hospital,8.508911,3.418926
Asiawu Adesina Memorial Hospital Iseyin,Hospital,Tier3 provincial hospital,7.968509,3.589752
Ayete General Hospital,General Hospital,Tier3 provincial hospital,7.544299,3.220994
Bamidupe Hospital,Hospital,Tier3 provincial hospital,7.99993,3.917775
Beloved Hospital,Hospital,Tier3 provincial hospital,7.345742,3.915574
Ejire Hospital,Hospital,Tier3 provincial hospital,7.966238,3.917158
Fiditi General Hospital,General Hospital,Tier3 provincial hospital,7.717277,3.922438
Gangan Hospital,Hospital,Tier3 provincial hospital,7.649683,3.116505
Grace Hospital,Hospital,Tier3 provincial hospital,7.877853,3.931174
Igbeti General Hospital,General Hospital,Tier3 provincial hospital,8.75,4.13333
Igbo Ora General Hospital,General Hospital,Tier3 provincial hospital,7.438948,3.277441
Ilora General Hospital,General Hospital,Tier3 provincial hospital,7.800502,3.903408
Iresaadu Comprehensive Health Centre,Comprehensive Health Centre,Tier3 provincial hospital,8.099519,4.432679
Iresadu General Hospital,General Hospital,Tier3 provincial hospital,8.100587,4.43295
Isale Efin State Hospital,State Hospital,Tier4 central hospital,8.67201729,3.3968521
Iseyin General Hospital,General Hospital,Tier3 provincial hospital,7.948734,3.61747
Jericho General Hospital,General Hospital,Tier3 provincial hospital,7.396875,3.870938
Kisi District Hospital,District Hospital,Tier3 provincial hospital,9.081539,3.856577
Kisi General Hospital,General Hospital,Tier3 provincial hospital,9.0833,3.85
Lagun General Hospital,General Hospital,Tier3 provincial hospital,7.5333,4.0999
Odinjo Comprehensive HealthCentre,Comprehensive Health Centre,Tier3 provincial hospital,7.359065,3.913122
Ojutaye Centre Comprehensive Health Centre,Comprehensive Health Centre,Tier3 provincial hospital,7.9333,4.1333
Okeho General Hospital,General Hospital,Tier3 provincial hospital,8.043285,3.380072
Olokonla Hospital,Hospital,Tier3 provincial hospital,7.869081,3.93406
Orile Odo General Hospital,General Hospital,Tier3 provincial hospital,7.250177,3.854621
Oyo State Hospital,State Hospital,Tier4 central hospital,7.408179,3.909491
Ring Road State Hospital,State Hospital,Tier4 central hospital,7.351049,3.862407
Sepeteri General Hospital,General Hospital,Tier3 provincial hospital,8.629372,3.653591
St Mary Catholic Hospital,Hospital,Tier3 provincial hospital,7.387638,3.919595
Tede General Hospital,General Hospital,Tier3 provincial hospital,8.545239,3.446824
UNI Teaching Hospital Annex,University Teaching Hospital,Tier4 central hospital,7.442527,3.272999
Bassa Cottage Hospital,Cottage Hospital,Tier3 provincial hospital,10.05433,8.799138
Bene Hospital,Hospital,Tier3 provincial hospital,8.877077,9.54455
Bukkos General Hospital,General Hospital,Tier3 provincial hospital,9.29929208094949,8.99432122707367
Dengi General Hospital,General Hospital,Tier3 provincial hospital,9.369869,9.978193
Dyerok CH Comprehensive Health Centre,Comprehensive Health Centre,Tier3 provincial hospital,9.183356,9.383201
Faith Alive Hospital,Hospital,Tier3 provincial hospital,9.927854,8.882314
Gafat General Hospital,General Hospital,Tier3 provincial hospital,9.498498,8.920273
Garkuwa Cottage Hospital,Cottage Hospital,Tier3 provincial hospital,9.09801,9.96264
Jarawan Koli General Hospital,General Hospital,Tier3 provincial hospital,9.99292,9.10019
Jos University Teaching Hospital,University Teaching Hospital,Tier4 central hospital,9.908751,8.890309
Juth Comprehensive Health Centre,Comprehensive Health Centre,Tier3 provincial hospital,9.597213,9.229288
Juth Comprehensive Health Centre Zamko,Comprehensive Health Centre,Tier3 provincial hospital,8.997896,9.846936
Kabwir Pada General Hospital,General Hospital,Tier3 provincial hospital,9.399297,9.563068
Kowa Comprehensive Health Centre,Comprehensive Health Centre,Tier3 provincial hospital,9.85554,8.854534
Lohkang Hospital,Hospital,Tier3 provincial hospital,8.698788,9.762285
Lowrack Hospital,Hospital,Tier3 provincial hospital,9.716507,8.849995
Mabudi General Hospital,General Hospital,Tier3 provincial hospital,8.580078,9.865439
Mangu I General Hospital,General Hospital,Tier3 provincial hospital,9.475354,9.161073
May Hospital,Hospital,Tier3 provincial hospital,8.876365,9.544505
Moda/Shangfup Cottage Hospital,Cottage Hospital,Tier3 provincial hospital,8.932982,9.283586
Naf Hospital,Hospital,Tier3 provincial hospital,9.884446,8.886934
New Christian Hospital,Hospital,Tier3 provincial hospital,9.936147,8.875513
Ola Hospital,Hospital,Tier3 provincial hospital,9.74513,8.87726
Pankshin General Hospital,General Hospital,Tier3 provincial hospital,9.323151,9.423311
Riyom General Hospital,General Hospital,Tier3 provincial hospital,9.550362,8.749732
Shendam General Hospital,General Hospital,Tier3 provincial hospital,8.8783,9.54632
Suna Hospital,Hospital,Tier3 provincial hospital,9.91030500058574,8.88175964355468
Tabat General Hospital,General Hospital,Tier3 provincial hospital,9.177871,9.76936
Tunkus General Hospital,General Hospital,Tier3 provincial hospital,9.023708999999998,9.614781
Vandapuye Evangelical Church Winning All (ECWA) Hospital,Hospital,Tier3 provincial hospital,9.92011,8.87963
Vom Christian Hospital,Hospital,Tier3 provincial hospital,9.687798,8.747876
Abonnema Comprehensive Health Centre,Comprehensive Health Centre,Tier3 provincial hospital,4.724384,6.778629
Abonnema General Hospital,General Hospital,Tier3 provincial hospital,4.724385,6.778629
Abua General Hospital,General Hospital,Tier3 provincial hospital,4.85677,6.64416
Ahoada Comprehensive Health Centre,Comprehensive Health Centre,Tier3 provincial hospital,5.096054,6.643251
Akinma Comprehensive Health Centre,Comprehensive Health Centre,Tier3 provincial hospital,5.045713,6.511089
Aminigboko General Hospital,General Hospital,Tier3 provincial hospital,4.939987,6.585487
Bakana Comprehensive Health Centre,Comprehensive Health Centre,Tier3 provincial hospital,4.737786,6.96804
Bodo General Hospital,General Hospital,Tier3 provincial hospital,4.633417,7.275616
Bonny Comprehensive Health Centre,Comprehensive Health Centre,Tier3 provincial hospital,4.452399,7.170348
Bonny General Hospital,General Hospital,Tier3 provincial hospital,4.435639,7.175031
Bori General Hospital,General Hospital,Tier3 provincial hospital,4.674007,7.376048
Buguma General Hospital,General Hospital,Tier3 provincial hospital,4.738834,6.859573
Degema Comprehensive Health Centre,Comprehensive Health Centre,Tier3 provincial hospital,4.74611,6.76769
Degema General Hospital,General Hospital,Tier3 provincial hospital,4.873338,6.864883
Eberi General Hospital,General Hospital,Tier3 provincial hospital,5.088762,7.231987
Edegberi Cottage Hospital,Cottage Hospital,Tier3 provincial hospital,5.17843647,6.49794747
Eleleamini General Hospital,General Hospital,Tier3 provincial hospital,5.05,6.73333
Eleme General Hospital,General Hospital,Tier3 provincial hospital,4.81809979,7.08841923
Emelego General Hospital,General Hospital,Tier3 provincial hospital,4.820693,6.5122
Emohua General Hospital,General Hospital,Tier3 provincial hospital,4.886979,6.855921
Erema General Hospital,General Hospital,Tier3 provincial hospital,5.22372,6.66439
Ibaa Cottage Hospital,Cottage Hospital,Tier3 provincial hospital,4.96768,6.81565
Isiokpo General Hospital,General Hospital,Tier3 provincial hospital,4.956658,6.879567
Joinkrama General Hospital,General Hospital,Tier3 provincial hospital,5.1333,6.4666
Kono General Hospital,General Hospital,Tier3 provincial hospital,4.59754,7.49633
Ngo General Hospital,General Hospital,Tier3 provincial hospital,4.480834,7.410488
Obio Cottage Hospital,Cottage Hospital,Tier3 provincial hospital,4.833826,7.033569
Ogoloma Comprehensive Health Centre,Comprehensive Health Centre,Tier3 provincial hospital,4.73602,7.078931
Ogu General Hospital,General Hospital,Tier3 provincial hospital,4.721328,7.196249
Okehi General Hospital,General Hospital,Tier3 provincial hospital,5.132154,7.137663
Okomoko General Hospital,General Hospital,Tier3 provincial hospital,5.0,7.06666
Okrika General Hospital,General Hospital,Tier3 provincial hospital,4.74158,7.08487
Okwuzi General Hospital,General Hospital,Tier3 provincial hospital,5.478841,6.718862
Omoku Comprehensive Health Centre,Comprehensive Health Centre,Tier3 provincial hospital,5.348279,6.657549
Omoku General Hospital,General Hospital,Tier3 provincial hospital,5.354167,6.657409
Omuma Comprehensive Health Centre,Comprehensive Health Centre,Tier3 provincial hospital,5.09072,7.23485
Opobo Comprehensive Health Centre,Comprehensive Health Centre,Tier3 provincial hospital,4.513241,7.528672
Opobo General Hospital,General Hospital,Tier3 provincial hospital,4.513242,7.528672
Otapha Comprehensive Health Centre,Comprehensive Health Centre,Tier3 provincial hospital,4.8331,6.6867
Oyigbo Comprehensive Health Centre,Comprehensive Health Centre,Tier3 provincial hospital,4.880878,7.126746
Soku Cottage Hospital,Cottage Hospital,Tier3 provincial hospital,4.677901,6.680846
Taabaa General Hospital,General Hospital,Tier3 provincial hospital,4.735027,7.414833
Teraboh General Hospital,General Hospital,Tier3 provincial hospital,4.65464,7.29573
Ubima General Hospital,General Hospital,Tier3 provincial hospital,5.123777,6.902714
Umuebulu Cottage Hospital,Cottage Hospital,Tier3 provincial hospital,4.9145,7.1289
University Of Port Harcourt Teaching Hospital,University Teaching Hospital,Tier4 central hospital,4.8988,6.9282
Ward 4 General Hospital,General Hospital,Tier3 provincial hospital,4.991065,6.46144
Binji General Hospital,General Hospital,Tier3 provincial hospital,13.222218,4.911152
Bodinga General Hospital,General Hospital,Tier3 provincial hospital,12.87611,5.17194
Dogon Daji General Hospital,General Hospital,Tier3 provincial hospital,12.47097,4.80007
Gada General Hospital,General Hospital,Tier3 provincial hospital,13.758139,5.647756
Illela General Hospital,General Hospital,Tier3 provincial hospital,13.7325,5.30028
Isa General Hospital,General Hospital,Tier3 provincial hospital,13.200875,6.39348
Kebbe General Hospital,General Hospital,Tier3 provincial hospital,12.1288,4.73509
Kware Comprehensive Health Centre,Comprehensive Health Centre,Tier3 provincial hospital,13.216014999999999,5.262542
Noma Hospital,Hospital,Tier3 provincial hospital,13.06787,5.21542
Rabah General Hospital,General Hospital,Tier3 provincial hospital,13.123667,5.49891
Tambuwal General Hospital,General Hospital,Tier3 provincial hospital,12.407101,4.641215
Tangaza General Hospital,General Hospital,Tier3 provincial hospital,13.364978,4.947284
Tureta General Hospital,General Hospital,Tier3 provincial hospital,12.59396,5.55002
Usman Danfodio University Teaching Hospital,University Teaching Hospital,Tier4 central hospital,13.034428,5.222715
Wurno General Hospital,General Hospital,Tier3 provincial hospital,13.19034,5.37981
Yabo General Hospital,General Hospital,Tier3 provincial hospital,12.73576,5.00781
Baisa Referral Hospital,Hospital,Tier3 provincial hospital,7.23005,10.61566
Bali General Hospital,General Hospital,Tier3 provincial hospital,7.85387,10.95693
Bambur General Hospital,General Hospital,Tier3 provincial hospital,9.36249,11.04461
Dampar Comprehensive Health Centre,Comprehensive Health Centre,Tier3 provincial hospital,8.534794,10.134282
Donga Referal Hospital,Hospital,Tier3 provincial hospital,7.71971,10.04407
Gembu General Hospital,General Hospital,Tier3 provincial hospital,6.71518,11.24876
Gunduma First Referal Hospital,Hospital,Tier3 provincial hospital,8.61913,10.75536
Karim Comprehensive Health Centre,Comprehensive Health Centre,Tier3 provincial hospital,9.33768,10.9037
"Kassa ""A"" Hospital",Hospital,Tier3 provincial hospital,8.872321,11.61788
Kunini Comprehensive Health Centre,Comprehensive Health Centre,Tier3 provincial hospital,9.22884,11.41315
Lau First Referral Hospital,Hospital,Tier3 provincial hospital,9.20321,11.29031
M/Biyu Cottage Hospital,Cottage Hospital,Tier3 provincial hospital,8.64128,10.78544
Pantisawa Referral Hospital,Hospital,Tier3 provincial hospital,8.94628,11.50524
Referal Hospital,Hospital,Tier3 provincial hospital,7.48923654,11.33739973
Sunkani Referral Hospital,Hospital,Tier3 provincial hospital,8.71271,11.26067
Warwar General Hospital,General Hospital,Tier3 provincial hospital,6.67281415,11.30287097
Wukari General Hospital,General Hospital,Tier3 provincial hospital,7.87321,9.76692
Zing General Hospital,General Hospital,Tier3 provincial hospital,8.9823,11.75439
Babbangida Comprehensive Health Centre,Comprehensive Health Centre,Tier3 provincial hospital,12.147705,11.774585
Bara Comprehensive Health Centre,Comprehensive Health Centre,Tier3 provincial hospital,10.937271,11.680414
Buni Yadi General Hospital,General Hospital,Tier3 provincial hospital,11.2689,11.9968
Damagum General Hospital,General Hospital,Tier3 provincial hospital,11.6774,11.3345
Damanturu Federal Poly Clinic,Polyclinic,Tier4 central hospital,11.747,11.9608
Dapchi General Hospital,General Hospital,Tier3 provincial hospital,12.4904,11.4944
Fika General Hospital,General Hospital,Tier3 provincial hospital,11.279855,11.305557
Gashua Sabon Gari General Hospital,General Hospital,Tier3 provincial hospital,12.8603,10.834
Geidam General Hospital,General Hospital,Tier3 provincial hospital,12.53221,11.55191
Goniri Comprehensive Health Centre,Comprehensive Health Centre,Tier3 provincial hospital,11.483491,12.31048
Jajimaji Comprehensive Health Centre,Comprehensive Health Centre,Tier3 provincial hospital,12.900007,10.810019
Jakusko General Hospital,General Hospital,Tier3 provincial hospital,12.374988,10.772264
Kanamma General Hospital,General Hospital,Tier3 provincial hospital,13.0951,12.1011
Kumagannam General Hospital,General Hospital,Tier3 provincial hospital,13.064666,12.087142
Machina Comprehensive Health Centre,Comprehensive Health Centre,Tier3 provincial hospital,13.138721,10.051516
Nangere General Hospital,General Hospital,Tier3 provincial hospital,11.856694,11.074197
Potiskum General Hospital,General Hospital,Tier3 provincial hospital,11.7091,11.0694
Sugum Comprehensive Health Centre,Comprehensive Health Centre,Tier3 provincial hospital,12.6833,10.5833
Yunusari Comprehensive Health Centre,Comprehensive Health Centre,Tier3 provincial hospital,13.13046,11.72963
Yusufari Comprehensive Health Centre,Comprehensive Health Centre,Tier3 provincial hospital,13.0683,11.1758
Anka General Hospital,General Hospital,Tier3 provincial hospital,12.11381,5.92427
Bakura General Hospital,General Hospital,Tier3 provincial hospital,12.71539,5.869
Birnin Magaji General Hospital,General Hospital,Tier3 provincial hospital,12.60929,6.8568
Bukkuyum General Hospital,General Hospital,Tier3 provincial hospital,12.13769,5.46648
Bungudu General Hospital,General Hospital,Tier3 provincial hospital,12.22229,6.62268
Dansadau General Hospital,General Hospital,Tier3 provincial hospital,12.29043,6.35671
Duhuwa Comprehensive Health Centre,Comprehensive Health Centre,Tier3 provincial hospital,11.825220064347826,5.65939
Gummi General Hospital,General Hospital,Tier3 provincial hospital,12.141044,5.123088
Gusau General Hospital,General Hospital,Tier3 provincial hospital,12.174369,6.657971
K/Namoda General Hospital,General Hospital,Tier3 provincial hospital,12.58365,6.61136
Kagara General Hospital,General Hospital,Tier3 provincial hospital,12.34716,6.13134
Mada General Hospital,General Hospital,Tier3 provincial hospital,12.14145,6.92682
Maradun General Hospital,General Hospital,Tier3 provincial hospital,12.55399,6.19326
Maru General Hospital,General Hospital,Tier3 provincial hospital,12.32535,6.4063
Moriki General Hospital,General Hospital,Tier3 provincial hospital,12.880001,6.49177
Shinkafi General Hospital,General Hospital,Tier3 provincial hospital,13.07001,6.49826
Talata Mafara General Hospital,General Hospital,Tier3 provincial hospital,12.56407,6.05946
Tsafe General Hospital,General Hospital,Tier3 provincial hospital,11.950370999999999,6.91898
Zurmi General Hospital,General Hospital,Tier3 provincial hospital,12.77748,6.78963
