Country,Admin1,Facility name,Facility type,Ownership,Lat,Long,LL source,iso3c,facility_type_9,Tier,Tier_name
Ghana,Ashanti,A.M.E Zion Clinic,Clinic,FBO,7.40801,-1.96317,GPS,GHA,Health Clinic,2.0,Tier2 health center
Ghana,Ashanti,Aboabo Health Centre,Health Centre,MoH,6.22393,-1.34982,GPS,GHA,Health Centre,2.0,Tier2 health center
Ghana,Ashanti,Aboabogya Health Centre,Health Centre,MoH,6.84182,-1.61103,Combination,GHA,Health Centre,2.0,Tier2 health center
Ghana,Ashanti,Aboaboso Community-based Health Planning and Services,Community-based Health Planning and Services,MoH,6.174609,-1.930386,Other,GHA,Community Health Unit,1.0,Tier1 health post
Ghana,Ashanti,Aboaso Health Centre,Health Centre,MoH,6.84177,-1.61098,GPS,GHA,Health Centre,2.0,Tier2 health center
Ghana,Ashanti,Aboffour Health Centre,Health Centre,MoH,7.12986,-1.73294,GPS,GHA,Health Centre,2.0,Tier2 health center
Ghana,Ashanti,Abofour Health Centre,Health Centre,MoH,7.07473,-1.43587,GPS,GHA,Health Centre,2.0,Tier2 health center
Ghana,Ashanti,Abuakwa Madonna Health Centre,Health Centre,MoH,6.700196,-1.719198,Other,GHA,Health Centre,2.0,Tier2 health center
Ghana,Ashanti,Aburaso Methodist clinic,Clinic,FBO,6.66133,-1.67662,GPS,GHA,Health Clinic,2.0,Tier2 health center
Ghana,Ashanti,Achiase Health Centre,Health Centre,MoH,6.45543,-1.31004,GPS,GHA,Health Centre,2.0,Tier2 health center
Ghana,Ashanti,Adidwan Health Centre,Health Centre,MoH,7.25163,-1.40278,GPS,GHA,Health Centre,2.0,Tier2 health center
Ghana,Ashanti,Adimposo Community-based Health Planning and Services,Community-based Health Planning and Services,MoH,6.33659,-1.92588,GPS,GHA,Community Health Unit,1.0,Tier1 health post
Ghana,Ashanti,Adwumakase Kese Health Centre,Health Centre,MoH,6.80813,-1.53933,GPS,GHA,Health Centre,2.0,Tier2 health center
Ghana,Ashanti,Aframso Health Centre,Health Centre,MoH,7.14472,-1.12162,GPS,GHA,Health Centre,2.0,Tier2 health center
Ghana,Ashanti,Afrancho Health Centre,Health Centre,MoH,6.81527,-1.59589,GPS,GHA,Health Centre,2.0,Tier2 health center
Ghana,Ashanti,Agogo Presby Hospital,Hospital,FBO,6.79618,-1.08529,GPS,GHA,Hospital,3.0,Tier3 provincial hospital
Ghana,Ashanti,Agona Health Centre,Health Centre,MoH,6.93605,-1.49759,GPS,GHA,Health Centre,2.0,Tier2 health center
Ghana,Ashanti,Ahenema kokoben Health Centre,Health Centre,MoH,6.62597,-1.64978,GPS,GHA,Health Centre,2.0,Tier2 health center
Ghana,Ashanti,Ahenkro Health Centre,Health Centre,MoH,6.87155,-1.64009,GPS,GHA,Health Centre,2.0,Tier2 health center
Ghana,Ashanti,Akokuaso Health Centre,Health Centre,MoH,6.85355,-1.33583,GPS,GHA,Health Centre,2.0,Tier2 health center
Ghana,Ashanti,Akomaa Memorial Hospital,Hospital,FBO,6.43966,-1.53837,GPS,GHA,Hospital,3.0,Tier3 provincial hospital
Ghana,Ashanti,Akomadan Health Centre,Health Centre,MoH,7.40581,-1.96072,GPS,GHA,Health Centre,2.0,Tier2 health center
Ghana,Ashanti,Akrofrom Community Clinic,Clinic,MoH,6.39651,-1.60783,GPS,GHA,Health Clinic,2.0,Tier2 health center
Ghana,Ashanti,Akrofrom Health Centre,Health Centre,MoH,6.12385,-1.65387,GPS,GHA,Health Centre,2.0,Tier2 health center
Ghana,Ashanti,Akrokerri Health Centre,Health Centre,MoH,6.29513,-1.63224,GPS,GHA,Health Centre,2.0,Tier2 health center
Ghana,Ashanti,Akropong Health Centre,Health Centre,MoH,6.741944,-1.729722,Geonames,GHA,Health Centre,2.0,Tier2 health center
Ghana,Ashanti,Akutreso Health Centre,Health Centre,MoH,6.09619,-1.29292,GPS,GHA,Health Centre,2.0,Tier2 health center
Ghana,Ashanti,Akyekyerekrom Community-based Health Planning and Services,Community-based Health Planning and Services,MoH,,,,GHA,Community Health Unit,1.0,Tier1 health post
Ghana,Ashanti,Allen Health Clinic,Clinic,MoH,6.08691,-1.69553,GPS,GHA,Health Clinic,2.0,Tier2 health center
Ghana,Ashanti,Amantenaman Health Centre,Health Centre,MoH,6.77005,-1.16254,GPS,GHA,Health Centre,2.0,Tier2 health center
Ghana,Ashanti,Ampunyasi Health Centre,Health Centre,MoH,6.05519,-1.73677,GPS,GHA,Health Centre,2.0,Tier2 health center
Ghana,Ashanti,Ananekrom Health Centre,Health Centre,MoH,6.91527,-1.01533,GPS,GHA,Health Centre,2.0,Tier2 health center
Ghana,Ashanti,Anitemfe Health Centre,Health Centre,MoH,6.90731,-2.100375,Other,GHA,Health Centre,2.0,Tier2 health center
Ghana,Ashanti,Ankam Community Clinic,Clinic,MoH,6.394121,-1.867967,Other,GHA,Health Clinic,2.0,Tier2 health center
Ghana,Ashanti,Antoa Health Centre,Health Centre,MoH,6.75748,-1.52574,GPS,GHA,Health Centre,2.0,Tier2 health center
Ghana,Ashanti,Anwomaso Health Centre,Health Centre,MoH,6.69163,-1.52678,GPS,GHA,Health Centre,2.0,Tier2 health center
Ghana,Ashanti,Anyinam Clinic,Clinic,MoH,6.19897,-1.68205,GPS,GHA,Health Clinic,2.0,Tier2 health center
Ghana,Ashanti,Anyinasu SDA Clinic,Clinic,FBO,7.240034,-1.580578,Other,GHA,Health Clinic,2.0,Tier2 health center
Ghana,Ashanti,Anyinasuso Health Centre,Health Centre,MoH,6.95913,-2.10037,GPS,GHA,Health Centre,2.0,Tier2 health center
Ghana,Ashanti,Anyinasuso SDA Clinic,Clinic,FBO,7.0102,-1.42346,GPS,GHA,Health Clinic,2.0,Tier2 health center
Ghana,Ashanti,Anyinasusu SDA Centre Clinic,Clinic,FBO,7.01484,-1.70874,GPS,GHA,Health Clinic,2.0,Tier2 health center
Ghana,Ashanti,Anyinofi Health Centre,Health Centre,MoH,7.42528,-0.77045,GPS,GHA,Health Centre,2.0,Tier2 health center
Ghana,Ashanti,Apaa Sda Clinic,Clinic,FBO,6.960886,-1.45318,Other,GHA,Health Clinic,2.0,Tier2 health center
Ghana,Ashanti,Apaa SDA Clinic,Clinic,FBO,6.97086,-1.44302,GPS,GHA,Health Clinic,2.0,Tier2 health center
Ghana,Ashanti,Apatrapa Health Centre,Health Centre,MoH,6.70711,-1.68302,GPS,GHA,Health Centre,2.0,Tier2 health center
Ghana,Ashanti,Apromase Health Centre,Health Centre,MoH,6.67085,-1.49543,GPS,GHA,Health Centre,2.0,Tier2 health center
Ghana,Ashanti,Asaam Health Clinic,Clinic,MoH,7.11732,-1.46598,GPS,GHA,Health Clinic,2.0,Tier2 health center
Ghana,Ashanti,Asamang SDA Hospital,Hospital,FBO,7.05322,-1.50964,GPS,GHA,Hospital,3.0,Tier3 provincial hospital
Ghana,Ashanti,Asesewa Community-based Health Planning and Services,Community-based Health Planning and Services,MoH,7.413611,-0.876111,Combination,GHA,Community Health Unit,1.0,Tier1 health post
Ghana,Ashanti,Asiwa Health Centre,Health Centre,MoH,6.42344,-1.33434,GPS,GHA,Health Centre,2.0,Tier2 health center
Ghana,Ashanti,Asokore Ahmadyya Muslem Hospital,Hospital,FBO,6.84361,-1.381201,Other,GHA,Hospital,3.0,Tier3 provincial hospital
Ghana,Ashanti,Asokwa Health Centre,Health Centre,MoH,6.28068,-1.50786,GPS,GHA,Health Centre,2.0,Tier2 health center
Ghana,Ashanti,Asonomaso Government District Hospital,District Hospital,MoH,6.80162,-1.51374,GPS,GHA,Hospital,3.0,Tier3 provincial hospital
Ghana,Ashanti,Asubuasu Health Centre,Health Centre,MoH,7.31624,-1.23529,GPS,GHA,Health Centre,2.0,Tier2 health center
Ghana,Ashanti,Asuofua Health Centre,Health Centre,MoH,6.766437,-1.721841,Combination,GHA,Health Centre,2.0,Tier2 health center
Ghana,Ashanti,Ataasi Health Centre,Health Centre,MoH,5.96664,-1.36454,GPS,GHA,Health Centre,2.0,Tier2 health center
Ghana,Ashanti,Atonsu Health Centre,Health Centre,MoH,7.02372,-1.30912,GPS,GHA,Health Centre,2.0,Tier2 health center
Ghana,Ashanti,Atwereboana Clinic,Clinic,MoH,5.96235,-1.34213,GPS,GHA,Health Clinic,2.0,Tier2 health center
Ghana,Ashanti,Atwima Clinic,Clinic,MoH,6.666667,-1.816667,Geonames,GHA,Health Clinic,2.0,Tier2 health center
Ghana,Ashanti,Ayeduasi Health Centre,Health Centre,MoH,6.68665,-1.57294,GPS,GHA,Health Centre,2.0,Tier2 health center
Ghana,Ashanti,Banka Health Centre,Health Centre,MoH,6.29824,-1.21615,GPS,GHA,Health Centre,2.0,Tier2 health center
Ghana,Ashanti,Banko Health Centre,Health Centre,MoH,6.75822,-1.28473,GPS,GHA,Health Centre,2.0,Tier2 health center
Ghana,Ashanti,Banso SDA Clinic,Clinic,MoH,6.47584,-1.19674,GPS,GHA,Health Clinic,2.0,Tier2 health center
Ghana,Ashanti,Barekese Health Centre,Health Centre,MoH,6.848,-1.733,Encarta,GHA,Health Centre,2.0,Tier2 health center
Ghana,Ashanti,Bebome Health Centre,Health Centre,MoH,6.867123,-1.094066,GPS,GHA,Health Centre,2.0,Tier2 health center
Ghana,Ashanti,Bebu Emmanuel Methodist Clinic,Clinic,FBO,6.60928,-1.684495,Other,GHA,Health Clinic,2.0,Tier2 health center
Ghana,Ashanti,Bebu Methodist Clinic,Clinic,FBO,6.61154,-1.68505,GPS,GHA,Health Clinic,2.0,Tier2 health center
Ghana,Ashanti,Bekwai Government District Hospital,District Hospital,MoH,6.45605,-1.57857,GPS,GHA,Hospital,3.0,Tier3 provincial hospital
Ghana,Ashanti,Benim Health Centre,Health Centre,MoH,7.09054,-1.46459,GPS,GHA,Health Centre,2.0,Tier2 health center
Ghana,Ashanti,Beposo Health Centre,Health Centre,MoH,6.98526,-1.35503,GPS,GHA,Health Centre,2.0,Tier2 health center
Ghana,Ashanti,Betiako Health Centre,Health Centre,MoH,6.86638,-2.20685,GPS,GHA,Health Centre,2.0,Tier2 health center
Ghana,Ashanti,Beyerebon No.5 Health Centre,Health Centre,MoH,6.39211,-2.18134,GPS,GHA,Health Centre,2.0,Tier2 health center
Ghana,Ashanti,Biemso Health Centre,Health Centre,MoH,6.876835,-1.853303,Other,GHA,Health Centre,2.0,Tier2 health center
Ghana,Ashanti,Birem Health Centre,Health Centre,MoH,7.224281,-0.987628,Combination,GHA,Health Centre,2.0,Tier2 health center
Ghana,Ashanti,Birem Health Centre,Health Centre,MoH,7.22732,-0.99197,GPS,GHA,Health Centre,2.0,Tier2 health center
Ghana,Ashanti,Boamang Health Centre,Health Centre,MoH,6.94073,-1.61705,GPS,GHA,Health Centre,2.0,Tier2 health center
Ghana,Ashanti,Boanim Health Centre,Health Centre,MoH,7.03482,-1.48741,GPS,GHA,Health Centre,2.0,Tier2 health center
Ghana,Ashanti,Bodwesango St Louis Health Centre,Health Centre,FBO,6.22249,-1.31031,GPS,GHA,Health Centre,2.0,Tier2 health center
Ghana,Ashanti,Bomfa Health Centre,Health Centre,MoH,6.59635,-1.29933,GPS,GHA,Health Centre,2.0,Tier2 health center
Ghana,Ashanti,Bompata Health Centre,Health Centre,MoH,6.66727,-1.08393,GPS,GHA,Health Centre,2.0,Tier2 health center
Ghana,Ashanti,Boni Clinic,Clinic,MoH,6.456178,-1.656985,Other,GHA,Health Clinic,2.0,Tier2 health center
Ghana,Ashanti,Bonsua Health Centre,Health Centre,MoH,6.93485,-1.67615,GPS,GHA,Health Centre,2.0,Tier2 health center
Ghana,Ashanti,Brodekwanu Methodist Clinic,Clinic,FBO,6.53546,-1.35365,GPS,GHA,Health Clinic,2.0,Tier2 health center
Ghana,Ashanti,Brofoyedru Health Centre,Health Centre,MoH,6.47265,-1.37389,GPS,GHA,Health Centre,2.0,Tier2 health center
Ghana,Ashanti,Christ Our Saviour Clinic,Clinic,FBO,6.51142,-1.85217,GPS,GHA,Health Clinic,2.0,Tier2 health center
Ghana,Ashanti,Church of Christ Mission Clinic,Clinic,FBO,6.68583,-1.57932,GPS,GHA,Health Clinic,2.0,Tier2 health center
Ghana,Ashanti,Church of Christ Mission Clinic,Clinic,FBO,6.71394,-1.42827,GPS,GHA,Health Clinic,2.0,Tier2 health center
Ghana,Ashanti,Church of God Clinic,Clinic,FBO,6.66053,-1.44979,GPS,GHA,Health Clinic,2.0,Tier2 health center
Ghana,Ashanti,Community Health Centre,Health Centre,FBO,6.66848,-1.84016,GPS,GHA,Health Centre,2.0,Tier2 health center
Ghana,Ashanti,Dadiase Health Centre,Health Centre,MoH,6.88078,-1.36776,GPS,GHA,Health Centre,2.0,Tier2 health center
Ghana,Ashanti,Datano Health Post,Clinic,FBO,6.29398,-1.97098,GPS,GHA,Health Clinic,2.0,Tier2 health center
Ghana,Ashanti,Dawia Community-based Health Planning and Services,Community-based Health Planning and Services,MoH,7.124328,-0.907704,Other,GHA,Community Health Unit,1.0,Tier1 health post
Ghana,Ashanti,Detieso Community Clinic,Clinic,MoH,6.47674,-1.44168,GPS,GHA,Health Clinic,2.0,Tier2 health center
Ghana,Ashanti,Domeabra Health Centre,Health Centre,MoH,6.93864,-1.55757,GPS,GHA,Health Centre,2.0,Tier2 health center
Ghana,Ashanti,Dominase SDA Hospital,Hospital,FBO,6.3104,-1.3911,GPS,GHA,Hospital,3.0,Tier3 provincial hospital
Ghana,Ashanti,Dompoase Benito Menni Health Centre,Health Centre,FBO,6.32282,-1.54468,GPS,GHA,Health Centre,2.0,Tier2 health center
Ghana,Ashanti,Dorcas Memorial Clinic,Clinic,FBO,7.39694,-1.95297,GPS,GHA,Health Clinic,2.0,Tier2 health center
Ghana,Ashanti,Duasi Community Clinic,Clinic,MoH,6.46863,-1.39522,GPS,GHA,Health Clinic,2.0,Tier2 health center
Ghana,Ashanti,Dunkura Health Centre,Health Centre,MoH,7.14302,-1.522185,Other,GHA,Health Centre,2.0,Tier2 health center
Ghana,Ashanti,Dwease Health Centre,Health Centre,MoH,6.53747,-1.24407,GPS,GHA,Health Centre,2.0,Tier2 health center
Ghana,Ashanti,Dwendwenase Health Centre,Health Centre,MoH,6.41223,-1.19934,GPS,GHA,Health Centre,2.0,Tier2 health center
Ghana,Ashanti,Ebenezer Methodist Clinic,Clinic,FBO,6.65865,-1.84306,GPS,GHA,Health Clinic,2.0,Tier2 health center
Ghana,Ashanti,Edwafo Health Centre,Health Centre,MoH,6.19675,-1.57367,GPS,GHA,Health Centre,2.0,Tier2 health center
Ghana,Ashanti,Effiduase District Hospital,District Hospital,MoH,6.84739,-1.39373,GPS,GHA,Hospital,3.0,Tier3 provincial hospital
Ghana,Ashanti,Ejisu Health Centre,Health Centre,MoH,6.72103,-1.47028,GPS,GHA,Health Centre,2.0,Tier2 health center
Ghana,Ashanti,Ejura District Hospital,District Hospital,MoH,7.38906,-1.35197,GPS,GHA,Hospital,3.0,Tier3 provincial hospital
Ghana,Ashanti,Ejuratia Health Centre,Health Centre,MoH,6.82287,-1.52227,GPS,GHA,Health Centre,2.0,Tier2 health center
Ghana,Ashanti,Essienkyem Health Centre,Health Centre,MoH,6.97584,-1.84784,GPS,GHA,Health Centre,2.0,Tier2 health center
Ghana,Ashanti,Essuowin Health Centre,Health Centre,MoH,6.53656,-1.86502,GPS,GHA,Health Centre,2.0,Tier2 health center
Ghana,Ashanti,Fenaso Community-based Health Planning and Services,Community-based Health Planning and Services,MoH,6.162544,-1.80583,Other,GHA,Community Health Unit,1.0,Tier1 health post
Ghana,Ashanti,Foase Health Centre,Health Centre,MoH,6.63751,-1.75124,GPS,GHA,Health Centre,2.0,Tier2 health center
Ghana,Ashanti,Fomena Health Centre,Health Centre,MoH,6.28022,-1.51002,GPS,GHA,Health Centre,2.0,Tier2 health center
Ghana,Ashanti,Fumso Health Centre,Health Centre,MoH,6.11048,-1.44854,GPS,GHA,Health Centre,2.0,Tier2 health center
Ghana,Ashanti,Fumso-Ketewa Health Centre,Health Centre,MoH,6.29675,-1.63103,GPS,GHA,Health Centre,2.0,Tier2 health center
Ghana,Ashanti,Funsua Community-based Health Planning and Services,Community-based Health Planning and Services,MoH,6.960618,-0.725188,Other,GHA,Community Health Unit,1.0,Tier1 health post
Ghana,Ashanti,Global Evangelical Mission Hospital,Hospital,FBO,6.66903,-1.49298,GPS,GHA,Hospital,3.0,Tier3 provincial hospital
Ghana,Ashanti,Gyasikrom Health Centre,Health Centre,MoH,6.40145,-1.47313,GPS,GHA,Health Centre,2.0,Tier2 health center
Ghana,Ashanti,Hamidu Community-based Health Planning and Services,Community-based Health Planning and Services,MoH,7.09486,-0.731219,Other,GHA,Community Health Unit,1.0,Tier1 health post
Ghana,Ashanti,Histolic Adventist Clinic,Clinic,FBO,6.73243,-1.63484,GPS,GHA,Health Clinic,2.0,Tier2 health center
Ghana,Ashanti,Homako Community Clinic,Clinic,MoH,7.42915,-1.45106,GPS,GHA,Health Clinic,2.0,Tier2 health center
Ghana,Ashanti,Hwidiem Community Clinic,Clinic,MoH,5.89432,-1.46766,GPS,GHA,Health Clinic,2.0,Tier2 health center
Ghana,Ashanti,Jachie Health Centre,Health Centre,MoH,6.56598,-1.52097,GPS,GHA,Health Centre,2.0,Tier2 health center
Ghana,Ashanti,Jamasi Health Centre,Health Centre,MoH,6.97753,-1.47255,GPS,GHA,Health Centre,2.0,Tier2 health center
Ghana,Ashanti,Jeduako Clinic,Clinic,MoH,7.09501,-1.20917,GPS,GHA,Health Clinic,2.0,Tier2 health center
Ghana,Ashanti,Juaben Government District Hospital,District Hospital,MoH,6.81602,-1.41392,GPS,GHA,Hospital,3.0,Tier3 provincial hospital
Ghana,Ashanti,Juansa Health Centre,Health Centre,MoH,6.72336,-1.12734,GPS,GHA,Health Centre,2.0,Tier2 health center
Ghana,Ashanti,Juaso District Hospital,District Hospital,MoH,6.59223,-1.12113,GPS,GHA,Hospital,3.0,Tier3 provincial hospital
Ghana,Ashanti,Keniago Community-based Health Planning and Services,Community-based Health Planning and Services,MoH,6.37344,-2.01764,GPS,GHA,Community Health Unit,1.0,Tier1 health post
Ghana,Ashanti,Kenyasi Health Centre,Health Centre,MoH,6.78507,-1.56655,GPS,GHA,Health Centre,2.0,Tier2 health center
Ghana,Ashanti,Kofiase Health Centre,Health Centre,MoH,7.14113,-1.48363,GPS,GHA,Health Centre,2.0,Tier2 health center
Ghana,Ashanti,Kokofu General Hospital,General Hospital,MoH,6.49903,-1.52254,GPS,GHA,Hospital,4.0,Tier4 central hospital
Ghana,Ashanti,Komeso Health Centre,Health Centre,MoH,6.46154,-1.06901,GPS,GHA,Health Centre,2.0,Tier2 health center
Ghana,Ashanti,Komfo Anokye Teaching Hospital,Teaching Hospital,MoH,6.69715,-1.63015,GPS,GHA,Hospital,3.0,Tier3 provincial hospital
Ghana,Ashanti,Kona Health Centre,Health Centre,MoH,6.86776,-1.51231,GPS,GHA,Health Centre,2.0,Tier2 health center
Ghana,Ashanti,Konkoma SDA Clinic,Clinic,FBO,6.51291,-1.34849,GPS,GHA,Health Clinic,2.0,Tier2 health center
Ghana,Ashanti,Konongo-Odumasi Government District Hospital,District Hospital,MoH,6.62436,-1.21792,GPS,GHA,Hospital,3.0,Tier3 provincial hospital
Ghana,Ashanti,Kotokuom Health Centre,Health Centre,MoH,6.675157,-1.980076,Other,GHA,Health Centre,2.0,Tier2 health center
Ghana,Ashanti,Krobo Health Centre,Health Centre,MoH,7.07457,-1.42352,GPS,GHA,Health Centre,2.0,Tier2 health center
Ghana,Ashanti,Kumasi Metropolitan Assembly Clinic,Clinic,MoH,6.68488,-1.62353,GPS,GHA,Health Clinic,2.0,Tier2 health center
Ghana,Ashanti,Kumasi South Government Regional Hospital,Regional Hospital,MoH,6.65252,-1.58471,GPS,GHA,Hospital,3.0,Tier3 provincial hospital
Ghana,Ashanti,Kumawu Health Centre,Health Centre,MoH,6.90708,-1.26803,GPS,GHA,Health Centre,2.0,Tier2 health center
Ghana,Ashanti,Kuntenase Government District Hospital,District Hospital,MoH,6.53752,-1.47454,GPS,GHA,Hospital,3.0,Tier3 provincial hospital
Ghana,Ashanti,Kwagyekrom Community-based Health Planning and Services,Community-based Health Planning and Services,MoH,7.02111,-1.46379,GPS,GHA,Community Health Unit,1.0,Tier1 health post
Ghana,Ashanti,Kwamang Health Centre,Health Centre,MoH,6.89664,-1.62457,GPS,GHA,Health Centre,2.0,Tier2 health center
Ghana,Ashanti,Kwamang Health Centre,Health Centre,MoH,6.98188,-1.26961,GPS,GHA,Health Centre,2.0,Tier2 health center
Ghana,Ashanti,Kwanwoma Health Centre,Health Centre,MoH,6.62865,-1.63524,GPS,GHA,Health Centre,2.0,Tier2 health center
Ghana,Ashanti,Kwaso Health Centre,Health Centre,MoH,6.62771,-1.44722,GPS,GHA,Health Centre,2.0,Tier2 health center
Ghana,Ashanti,Kyekyewere Health Centre,Health Centre,MoH,7.14538,-1.63944,GPS,GHA,Health Centre,2.0,Tier2 health center
Ghana,Ashanti,Lake Bosomtwi Methodist Clinic,Clinic,FBO,6.48398,-1.37362,GPS,GHA,Health Clinic,2.0,Tier2 health center
Ghana,Ashanti,Mampong District Hospital,District Hospital,MoH,7.04563,-1.40219,GPS,GHA,Hospital,3.0,Tier3 provincial hospital
Ghana,Ashanti,Mampong Government Hospital,Hospital,MoH,7.056089,-1.398981,Combination,GHA,Hospital,3.0,Tier3 provincial hospital
Ghana,Ashanti,Mamponteng Health Centre,Health Centre,MoH,6.83295,-1.47695,GPS,GHA,Health Centre,2.0,Tier2 health center
Ghana,Ashanti,Manfo Health Centre,Health Centre,MoH,6.94531,-2.23044,GPS,GHA,Health Centre,2.0,Tier2 health center
Ghana,Ashanti,Manhyia Government Hospital,Hospital,MoH,6.70396,-1.61191,GPS,GHA,Hospital,3.0,Tier3 provincial hospital
Ghana,Ashanti,Mankranso Hospital,Hospital,MoH,6.82076,-1.86278,GPS,GHA,Hospital,3.0,Tier3 provincial hospital
Ghana,Ashanti,Manso Abore Health Centre,Health Centre,MoH,6.44627,-1.97764,GPS,GHA,Health Centre,2.0,Tier2 health center
Ghana,Ashanti,Manso Edubia Health Centre,Health Centre,MoH,6.40256,-1.92957,GPS,GHA,Health Centre,2.0,Tier2 health center
Ghana,Ashanti,Manso Nkran Community-based Health Planning and Services,Community-based Health Planning and Services,MoH,6.463639,-1.825134,Other,GHA,Community Health Unit,1.0,Tier1 health post
Ghana,Ashanti,Manso Tontokrom Health Centre,Health Centre,MoH,6.24929,-1.99483,GPS,GHA,Health Centre,2.0,Tier2 health center
Ghana,Ashanti,Mansonso Health Centre,Health Centre,MoH,6.04547,-1.58955,GPS,GHA,Health Centre,2.0,Tier2 health center
Ghana,Ashanti,Maternal and Child Health Hospital,Hospital,MoH,6.69316,-1.62531,GPS,GHA,Hospital,3.0,Tier3 provincial hospital
Ghana,Ashanti,Methodist Cathederal Church Clinic,Clinic,FBO,6.714668,-1.627545,Other,GHA,Health Clinic,2.0,Tier2 health center
Ghana,Ashanti,Methodist Faith Healing District Hospital,District Hospital,FBO,6.84819,-1.54934,GPS,GHA,Hospital,3.0,Tier3 provincial hospital
Ghana,Ashanti,Mile 14 Community Clinic,Clinic,MoH,6.22126,-1.82139,GPS,GHA,Health Clinic,2.0,Tier2 health center
Ghana,Ashanti,Morso Clinic,Clinic,MoH,6.65518,-1.10681,GPS,GHA,Health Clinic,2.0,Tier2 health center
Ghana,Ashanti,Mother of God Clinic,Clinic,FBO,6.55942,-1.89046,GPS,GHA,Health Clinic,2.0,Tier2 health center
Ghana,Ashanti,Mpasaso Health Centre,Health Centre,MoH,6.80274,-2.13864,GPS,GHA,Health Centre,2.0,Tier2 health center
Ghana,Ashanti,Mpasatia Health Centre,Health Centre,MoH,6.662234,-1.844209,Other,GHA,Health Centre,2.0,Tier2 health center
Ghana,Ashanti,Mpraniase Community-based Health Planning and Services,Community-based Health Planning and Services,MoH,6.459385,-1.768633,Other,GHA,Community Health Unit,1.0,Tier1 health post
Ghana,Ashanti,Muranaim Health Centre,Health Centre,MoH,6.24703,-1.20566,GPS,GHA,Health Centre,2.0,Tier2 health center
Ghana,Ashanti,Nancy Powel's Clinic,Clinic,FBO,6.31788,-1.30804,GPS,GHA,Health Clinic,2.0,Tier2 health center
Ghana,Ashanti,Nerebehi Health Centre,Health Centre,MoH,6.699119,-1.807729,Other,GHA,Health Centre,2.0,Tier2 health center
Ghana,Ashanti,New Edubiase District Hospital,District Hospital,MoH,6.05456,-1.39281,GPS,GHA,Hospital,3.0,Tier3 provincial hospital
Ghana,Ashanti,New Life Clinic,Clinic,FBO,6.47284,-1.43677,GPS,GHA,Health Clinic,2.0,Tier2 health center
Ghana,Ashanti,Nipankyeremia Community-based Health Planning and Services,Community-based Health Planning and Services,MoH,6.37002,-2.15827,GPS,GHA,Community Health Unit,1.0,Tier1 health post
Ghana,Ashanti,Nkawie/Toase Hospital,Hospital,MoH,6.66632,-1.812262,Combination,GHA,Hospital,3.0,Tier3 provincial hospital
Ghana,Ashanti,Nkenkasu District Hospital,District Hospital,MoH,7.31957,-1.90289,GPS,GHA,Hospital,3.0,Tier3 provincial hospital
Ghana,Ashanti,Nkwanta Community Clinic,Clinic,MoH,7.51378,-1.34725,GPS,GHA,Health Clinic,2.0,Tier2 health center
Ghana,Ashanti,Nnadieso Health Centre,Health Centre,MoH,6.59956,-1.092061,GPS,GHA,Health Centre,2.0,Tier2 health center
Ghana,Ashanti,Nobewam SDA Clinic,Clinic,FBO,6.62289,-1.23985,GPS,GHA,Health Clinic,2.0,Tier2 health center
Ghana,Ashanti,Nsutaman Health Centre,Health Centre,MoH,7.00861,-1.38146,GPS,GHA,Health Centre,2.0,Tier2 health center
Ghana,Ashanti,Ntobroso Health Centre,Health Centre,MoH,6.53571,-2.04245,GPS,GHA,Health Centre,2.0,Tier2 health center
Ghana,Ashanti,Numereso Health Centre,Health Centre,MoH,6.07568,-1.85459,GPS,GHA,Health Centre,2.0,Tier2 health center
Ghana,Ashanti,Nweneso III Health Centre,Health Centre,MoH,6.567016,-1.778963,Combination,GHA,Health Centre,2.0,Tier2 health center
Ghana,Ashanti,Nyameani Methodist Clinic,Clinic,FBO,6.56458,-1.43022,GPS,GHA,Health Clinic,2.0,Tier2 health center
Ghana,Ashanti,Nyinahin Government District Hospital,District Hospital,MoH,6.60115,-2.10999,GPS,GHA,Hospital,3.0,Tier3 provincial hospital
Ghana,Ashanti,Obogu Health Centre,Health Centre,MoH,6.51484,-1.11586,GPS,GHA,Health Centre,2.0,Tier2 health center
Ghana,Ashanti,Obonsu Clinic,Clinic,MoH,5.95324,-1.35225,GPS,GHA,Health Clinic,2.0,Tier2 health center
Ghana,Ashanti,Obuasi Government Hospital,Hospital,MoH,6.203494,-1.684858,Google Earth,GHA,Hospital,3.0,Tier3 provincial hospital
Ghana,Ashanti,Offinso Health Centre,Health Centre,MoH,6.93782,-1.67504,GPS,GHA,Health Centre,2.0,Tier2 health center
Ghana,Ashanti,Ofoase Health Centre,Health Centre,MoH,6.37813,-1.26746,GPS,GHA,Health Centre,2.0,Tier2 health center
Ghana,Ashanti,Okaikrom Health Centre,Health Centre,MoH,6.82612,-1.30866,GPS,GHA,Health Centre,2.0,Tier2 health center
Ghana,Ashanti,Oku Catholic Clinic,Clinic,FBO,7.34796,-1.00318,GPS,GHA,Health Clinic,2.0,Tier2 health center
Ghana,Ashanti,Onwe SDA Hospital,Hospital,FBO,6.68001,-1.54161,GPS,GHA,Hospital,3.0,Tier3 provincial hospital
Ghana,Ashanti,Piase Community-based Health Planning and Services,Community-based Health Planning and Services,MoH,6.59099,-1.45151,GPS,GHA,Community Health Unit,1.0,Tier1 health post
Ghana,Ashanti,Pokukrom Health Centre,Health Centre,MoH,7.00378,-1.95239,GPS,GHA,Health Centre,2.0,Tier2 health center
Ghana,Ashanti,Pra River Apostolic Clinic,Clinic,FBO,6.599444,-0.955859,Other,GHA,Health Clinic,2.0,Tier2 health center
Ghana,Ashanti,Praaso Health Centre,Health Centre,MoH,6.51556,-1.26672,GPS,GHA,Health Centre,2.0,Tier2 health center
Ghana,Ashanti,Saakrom Health Centre,Health Centre,MoH,6.75871,-2.02993,GPS,GHA,Health Centre,2.0,Tier2 health center
Ghana,Ashanti,Sabronum  Health Centre,Health Centre,MoH,7.08809,-1.89095,GPS,GHA,Health Centre,2.0,Tier2 health center
Ghana,Ashanti,Salvation Army Clinic,Clinic,FBO,7.05213,-1.52521,GPS,GHA,Health Clinic,2.0,Tier2 health center
Ghana,Ashanti,Sekyedumase Health Centre,Health Centre,MoH,7.31352,-1.57912,GPS,GHA,Health Centre,2.0,Tier2 health center
Ghana,Ashanti,Sekyere Health Centre,Health Centre,MoH,6.92692,-1.37465,GPS,GHA,Health Centre,2.0,Tier2 health center
Ghana,Ashanti,Sekyere Methodist Clinic,Clinic,FBO,6.92646,-1.37494,GPS,GHA,Health Clinic,2.0,Tier2 health center
Ghana,Ashanti,Senchie Methodist Clinic,Clinic,FBO,6.80818,-1.32507,GPS,GHA,Health Clinic,2.0,Tier2 health center
Ghana,Ashanti,Sepe-Buokrom Community Clinic,Clinic,MoH,6.72118,-1.59593,GPS,GHA,Health Clinic,2.0,Tier2 health center
Ghana,Ashanti,Shalom Clinic,Clinic,FBO,6.25351,-1.91797,GPS,GHA,Health Clinic,2.0,Tier2 health center
Ghana,Ashanti,Shalom Methodist Clinic,Clinic,FBO,6.36494,-1.36645,GPS,GHA,Health Clinic,2.0,Tier2 health center
Ghana,Ashanti,Sikaman Health Centre,Health Centre,MoH,6.11499,-1.58045,GPS,GHA,Health Centre,2.0,Tier2 health center
Ghana,Ashanti,Sreso Tinpom Health Centre,Health Centre,MoH,6.62201,-2.30317,GPS,GHA,Health Centre,2.0,Tier2 health center
Ghana,Ashanti,St Luke Clinic,Clinic,FBO,6.79774,-1.32026,GPS,GHA,Health Clinic,2.0,Tier2 health center
Ghana,Ashanti,St. Edwards Clinic,Clinic,FBO,6.88014,-1.87428,GPS,GHA,Health Clinic,2.0,Tier2 health center
Ghana,Ashanti,St. Johns Clinic,Clinic,FBO,6.87183,-2.05678,GPS,GHA,Health Clinic,2.0,Tier2 health center
Ghana,Ashanti,St. Joseph's Clinic,Clinic,FBO,6.77928,-1.49126,GPS,GHA,Health Clinic,2.0,Tier2 health center
Ghana,Ashanti,St. Luke Hospital Kasei,Hospital,FBO,7.53953,-1.34637,GPS,GHA,Hospital,3.0,Tier3 provincial hospital
Ghana,Ashanti,St. Martin's  Hospital,Hospital,FBO,6.41337,-1.88154,GPS,GHA,Hospital,3.0,Tier3 provincial hospital
Ghana,Ashanti,St. Martin's Catholic Clinic,Clinic,FBO,6.31346,-2.10902,GPS,GHA,Health Clinic,2.0,Tier2 health center
Ghana,Ashanti,St. Marys Anglican Clinic,Clinic,FBO,6.54056,-1.54346,GPS,GHA,Health Clinic,2.0,Tier2 health center
Ghana,Ashanti,St. Mary's Clinic,Clinic,FBO,6.45121,-1.36836,GPS,GHA,Health Clinic,2.0,Tier2 health center
Ghana,Ashanti,St. Micheal Hospital,Hospital,FBO,6.55872,-1.51247,GPS,GHA,Hospital,3.0,Tier3 provincial hospital
Ghana,Ashanti,St. Patricks Hospital,Hospital,FBO,6.93135,-1.68167,GPS,GHA,Hospital,3.0,Tier3 provincial hospital
Ghana,Ashanti,St. Peters Clinic,Clinic,FBO,6.53511,-2.04218,GPS,GHA,Health Clinic,2.0,Tier2 health center
Ghana,Ashanti,St. Peters' Hospital,Hospital,FBO,6.34331,-1.66669,GPS,GHA,Hospital,3.0,Tier3 provincial hospital
Ghana,Ashanti,St. Vincent Clinic,Clinic,FBO,7.00714,-1.12747,GPS,GHA,Health Clinic,2.0,Tier2 health center
Ghana,Ashanti,Subriso Health Centre,Health Centre,MoH,7.003504,-2.168056,Combination,GHA,Health Centre,2.0,Tier2 health center
Ghana,Ashanti,Suntreso Government Hospital,Hospital,MoH,6.70243,-1.64223,GPS,GHA,Hospital,3.0,Tier3 provincial hospital
Ghana,Ashanti,Tafo Government Hospital,Hospital,MoH,6.72554,-1.61317,GPS,GHA,Hospital,3.0,Tier3 provincial hospital
Ghana,Ashanti,Tano-Odumasi Health Centre,Health Centre,FBO,6.49705,-2.39662,GPS,GHA,Health Centre,2.0,Tier2 health center
Ghana,Ashanti,Tepa District Hospital,District Hospital,MoH,6.99966,-2.16102,GPS,GHA,Hospital,3.0,Tier3 provincial hospital
Ghana,Ashanti,Tetrefu Health Centre,Health Centre,MoH,6.62487,-1.53468,GPS,GHA,Health Centre,2.0,Tier2 health center
Ghana,Ashanti,Tetrem Health Centre,Health Centre,MoH,7.03743,-1.63735,GPS,GHA,Health Centre,2.0,Tier2 health center
Ghana,Ashanti,Tikrom Clinic,Clinic,MoH,6.73154,-1.51337,GPS,GHA,Health Clinic,2.0,Tier2 health center
Ghana,Ashanti,Trabuom Health Centre,Health Centre,MoH,6.61142,-1.76252,GPS,GHA,Health Centre,2.0,Tier2 health center
Ghana,Ashanti,Trede Health Centre,Health Centre,MoH,6.57803,-1.66859,GPS,GHA,Health Centre,2.0,Tier2 health center
Ghana,Ashanti,Tweapease Clinic,Clinic,MoH,6.14328,-1.741327,Other,GHA,Health Clinic,2.0,Tier2 health center
Ghana,Ashanti,Wamase Health Centre,Health Centre,MoH,6.653061,-1.649353,Google Earth,GHA,Health Centre,2.0,Tier2 health center
Ghana,Ashanti,Watreso Methodist Shalom Clinic,Clinic,FBO,6.247992,-1.916131,Other,GHA,Health Clinic,2.0,Tier2 health center
Ghana,Ashanti,Wesley Cathederal Clinic,Clinic,FBO,6.69362,-1.62325,GPS,GHA,Health Clinic,2.0,Tier2 health center
Ghana,Ashanti,Wiamoase SDA Hospital,Hospital,FBO,6.90258,-1.43311,GPS,GHA,Hospital,3.0,Tier3 provincial hospital
Ghana,Ashanti,Wioso Health Centre,Health Centre,MoH,6.28179,-1.66127,GPS,GHA,Health Centre,2.0,Tier2 health center
Ghana,Ashanti,Wioso Health Centre,Health Centre,MoH,6.904109,-2.02978,Other,GHA,Health Centre,2.0,Tier2 health center
Ghana,Ashanti,Wioso Methodist Clinic,Clinic,FBO,6.95583,-2.00654,GPS,GHA,Health Clinic,2.0,Tier2 health center
Ghana,Ashanti,Wonoo Health Centre,Health Centre,MoH,6.79751,-1.50148,GPS,GHA,Health Centre,2.0,Tier2 health center
Ghana,Ashanti,Woraso Health Centre,Health Centre,MoH,6.87636,-1.27658,GPS,GHA,Health Centre,2.0,Tier2 health center
Ghana,Ashanti,Yapesa St.Mary Clinic,Clinic,FBO,6.449216,-1.369295,Other,GHA,Health Clinic,2.0,Tier2 health center
Ghana,Ashanti,Yonso Community-based Health Planning and Services,Community-based Health Planning and Services,MoH,6.946359,-1.423209,Other,GHA,Community Health Unit,1.0,Tier1 health post
Ghana,Ashanti,Zambrama Community Clinic,Clinic,MoH,7.52022,-1.42013,GPS,GHA,Health Clinic,2.0,Tier2 health center
Ghana,Brong Ahafo,1000 Acre Community-based Health Planning and Services,Community-based Health Planning and Services,MoH,,,,GHA,Community Health Unit,1.0,Tier1 health post
Ghana,Brong Ahafo,Abease Health Centre,Health Centre,MoH,7.95847,-1.18246,GPS,GHA,Health Centre,2.0,Tier2 health center
Ghana,Brong Ahafo,Abesim Rural Clinic,Clinic,MoH,7.2885,-2.27099,GPS,GHA,Health Clinic,2.0,Tier2 health center
Ghana,Brong Ahafo,Abirikasu Health Centre,Health Centre,MoH,7.49369,-2.82997,GPS,GHA,Health Centre,2.0,Tier2 health center
Ghana,Brong Ahafo,Aboabo Presby Clinic,Clinic,FBO,7.20647,-2.81057,GPS,GHA,Health Clinic,2.0,Tier2 health center
Ghana,Brong Ahafo,Abuokrom Community-based Health Planning and Services,Community-based Health Planning and Services,MoH,7.634634,-2.717587,Other,GHA,Community Health Unit,1.0,Tier1 health post
Ghana,Brong Ahafo,Abuom Rural Clinic,Clinic,MoH,6.61944,-2.70631,GPS,GHA,Health Clinic,2.0,Tier2 health center
Ghana,Brong Ahafo,Acherensua Health Centre,Health Centre,MoH,6.98211,-2.3219,Combination,GHA,Health Centre,2.0,Tier2 health center
Ghana,Brong Ahafo,Adadiem Rural Clinic,Clinic,MoH,8.025481,-2.552555,Other,GHA,Health Clinic,2.0,Tier2 health center
Ghana,Brong Ahafo,Adamsu Health Centre,Health Centre,MoH,7.7533,-2.80712,GPS,GHA,Health Centre,2.0,Tier2 health center
Ghana,Brong Ahafo,Adrobaa Rural Clinic,Clinic,MoH,7.2628,-2.13179,GPS,GHA,Health Clinic,2.0,Tier2 health center
Ghana,Brong Ahafo,Ahmadiyya Muslim Hospital,Hospital,FBO,6.902987,-2.567168,Other,GHA,Hospital,3.0,Tier3 provincial hospital
Ghana,Brong Ahafo,Ahyiayem Rural Clinic,Clinic,MoH,7.4672,-1.51826,GPS,GHA,Health Clinic,2.0,Tier2 health center
Ghana,Brong Ahafo,Akokoa Health Centre,Health Centre,MoH,7.58462,-1.15377,GPS,GHA,Health Centre,2.0,Tier2 health center
Ghana,Brong Ahafo,Akomade Clinic,Clinic,MoH,7.749821,-0.988031,Combination,GHA,Health Clinic,2.0,Tier2 health center
Ghana,Brong Ahafo,Akontanim Rural Clinic,Clinic,MoH,7.30811,-2.71819,GPS,GHA,Health Clinic,2.0,Tier2 health center
Ghana,Brong Ahafo,Akrodie Health Centre,Health Centre,MoH,6.69505,-2.5569,GPS,GHA,Health Centre,2.0,Tier2 health center
Ghana,Brong Ahafo,Akuma Rural Clinic,Clinic,MoH,7.48654,-1.71839,GPS,GHA,Health Clinic,2.0,Tier2 health center
Ghana,Brong Ahafo,Amanfoso Community-based Health Planning and Services,Community-based Health Planning and Services,MoH,7.439444,-2.511944,Geonames,GHA,Community Health Unit,1.0,Tier1 health post
Ghana,Brong Ahafo,Amanteng Health Centre,Health Centre,MoH,7.53828,-1.20795,GPS,GHA,Health Centre,2.0,Tier2 health center
Ghana,Brong Ahafo,Amasu Rural Clinic,Clinic,MoH,7.22802,-2.95807,GPS,GHA,Health Clinic,2.0,Tier2 health center
Ghana,Brong Ahafo,Amoma Rural Clinic,Clinic,MoH,7.78398,-1.87129,GPS,GHA,Health Clinic,2.0,Tier2 health center
Ghana,Brong Ahafo,Amomaso Rural Clinic,Clinic,MoH,7.37385,-2.65996,GPS,GHA,Health Clinic,2.0,Tier2 health center
Ghana,Brong Ahafo,Ampaabeng Kyeremeh Clinic,Clinic,MoH,7.73557,-2.1087,GPS,GHA,Health Clinic,2.0,Tier2 health center
Ghana,Brong Ahafo,Ampenkro Health Centre,Health Centre,MoH,6.94356,-2.76328,GPS,GHA,Health Centre,2.0,Tier2 health center
Ghana,Brong Ahafo,Annor Asare Clinic,Clinic,MoH,8.05586,-1.73341,GPS,GHA,Health Clinic,2.0,Tier2 health center
Ghana,Brong Ahafo,Antwikrom Rural Clinic,Clinic,MoH,7.22028,-2.39009,GPS,GHA,Health Clinic,2.0,Tier2 health center
Ghana,Brong Ahafo,Anyekrom Health Centre,Health Centre,MoH,,,,GHA,Health Centre,2.0,Tier2 health center
Ghana,Brong Ahafo,Anyima Rural Clinic,Clinic,MoH,7.8932,-1.87403,GPS,GHA,Health Clinic,2.0,Tier2 health center
Ghana,Brong Ahafo,Anyinasu Community-based Health Planning and Services,Community-based Health Planning and Services,MoH,7.432404,-2.562747,Combination,GHA,Community Health Unit,1.0,Tier1 health post
Ghana,Brong Ahafo,Anyinasu Rural Health Clinic,Clinic,MoH,7.431276,-2.566265,Combination,GHA,Health Clinic,2.0,Tier2 health center
Ghana,Brong Ahafo,Apenemadi Community-based Health Planning and Services,Community-based Health Planning and Services,MoH,6.931105,-2.356573,Other,GHA,Community Health Unit,1.0,Tier1 health post
Ghana,Brong Ahafo,Asantaso Rural Clinic,Clinic,FBO,7.54566,-1.8655,GPS,GHA,Health Clinic,2.0,Tier2 health center
Ghana,Brong Ahafo,Asare Rural Clinic,Clinic,MoH,7.76307,-2.76607,GPS,GHA,Health Clinic,2.0,Tier2 health center
Ghana,Brong Ahafo,Asarekrom Rural Clinic,Clinic,MoH,6.57574,-2.63918,GPS,GHA,Health Clinic,2.0,Tier2 health center
Ghana,Brong Ahafo,Asempanaye Community-based Health Planning and Services,Community-based Health Planning and Services,MoH,7.507142,-2.81812,Combination,GHA,Community Health Unit,1.0,Tier1 health post
Ghana,Brong Ahafo,Asikasu Rural Clinic,Clinic,MoH,7.1893,-2.89066,GPS,GHA,Health Clinic,2.0,Tier2 health center
Ghana,Brong Ahafo,Asiri Rural Clinic,Clinic,MoH,7.80156,-2.70684,GPS,GHA,Health Clinic,2.0,Tier2 health center
Ghana,Brong Ahafo,Asumura Rural Clinic,Clinic,MoH,6.69184,-2.56169,GPS,GHA,Health Clinic,2.0,Tier2 health center
Ghana,Brong Ahafo,Asuokor Rural Clinic,Clinic,MoH,7.73363,-2.61549,GPS,GHA,Health Clinic,2.0,Tier2 health center
Ghana,Brong Ahafo,Atebubu Government District Hospital,District Hospital,MoH,7.74807,-0.98197,GPS,GHA,Hospital,3.0,Tier3 provincial hospital
Ghana,Brong Ahafo,Atuahenekrom Community Clinic,Clinic,MoH,7.11161,-2.37727,GPS,GHA,Health Clinic,2.0,Tier2 health center
Ghana,Brong Ahafo,Atuna Community-based Health Planning and Services,Community-based Health Planning and Services,MoH,7.501256,-2.907468,Other,GHA,Community Health Unit,1.0,Tier1 health post
Ghana,Brong Ahafo,Aworowa Health Centre,Health Centre,MoH,7.61979,-2.01215,GPS,GHA,Health Centre,2.0,Tier2 health center
Ghana,Brong Ahafo,Ayerede Rural Clinic,Clinic,MoH,7.48594,-1.64877,GPS,GHA,Health Clinic,2.0,Tier2 health center
Ghana,Brong Ahafo,Ayomso Rural Clinic,Clinic,MoH,6.76364,-2.58248,GPS,GHA,Health Clinic,2.0,Tier2 health center
Ghana,Brong Ahafo,Baano Rural Clinic,Clinic,MoH,7.60977,-2.90541,GPS,GHA,Health Clinic,2.0,Tier2 health center
Ghana,Brong Ahafo,Badu Health Centre,Health Centre,MoH,7.70032,-2.23032,GPS,GHA,Health Centre,2.0,Tier2 health center
Ghana,Brong Ahafo,Banda Ahenkro Rural Clinic,Clinic,MoH,8.1636,-2.3575,GPS,GHA,Health Clinic,2.0,Tier2 health center
Ghana,Brong Ahafo,Bantama Community-based Health Planning and Services,Community-based Health Planning and Services,MoH,7.71152,-0.75332,GPS,GHA,Community Health Unit,1.0,Tier1 health post
Ghana,Brong Ahafo,Bassa Health Centre,Health Centre,MoH,7.79016,-0.40995,GPS,GHA,Health Centre,2.0,Tier2 health center
Ghana,Brong Ahafo,Bechem Government District Hospital,District Hospital,MoH,7.08831,-2.02947,GPS,GHA,Hospital,3.0,Tier3 provincial hospital
Ghana,Brong Ahafo,Biaso Community-based Health Planning and Services,Community-based Health Planning and Services,MoH,7.096107,-2.71849,GPS,GHA,Community Health Unit,1.0,Tier1 health post
Ghana,Brong Ahafo,Biaso Rural Clinic,Clinic,MoH,7.096112,-2.71854,Combination,GHA,Health Clinic,2.0,Tier2 health center
Ghana,Brong Ahafo,Bishop Mathew Gyamfi's Clinic,Clinic,FBO,7.26224,-2.71568,GPS,GHA,Health Clinic,2.0,Tier2 health center
Ghana,Brong Ahafo,Bitre Community-based Health Planning and Services,Community-based Health Planning and Services,MoH,6.98751,-2.743079,Combination,GHA,Community Health Unit,1.0,Tier1 health post
Ghana,Brong Ahafo,Bodaa Rural Clinic,Clinic,MoH,7.78135,-2.82046,GPS,GHA,Health Clinic,2.0,Tier2 health center
Ghana,Brong Ahafo,Bofourkrom Health Centre,Health Centre,MoH,7.54614,-2.27834,GPS,GHA,Health Centre,2.0,Tier2 health center
Ghana,Brong Ahafo,Bomaa Health Centre,Health Centre,MoH,7.08675,-2.16797,GPS,GHA,Health Centre,2.0,Tier2 health center
Ghana,Brong Ahafo,Bonsu Rural Clinic,Clinic,MoH,7.55219,-1.78035,GPS,GHA,Health Clinic,2.0,Tier2 health center
Ghana,Brong Ahafo,Botokrom Rural Clinic,Clinic,MoH,7.5228,-2.72249,GPS,GHA,Health Clinic,2.0,Tier2 health center
Ghana,Brong Ahafo,Bre Nye Kwa Hospital,Hospital,MoH,7.44372,-2.59325,GPS,GHA,Hospital,3.0,Tier3 provincial hospital
Ghana,Brong Ahafo,Brohani Community-based Health Planning and Services,Community-based Health Planning and Services,MoH,7.97551,-2.4203,GPS,GHA,Community Health Unit,1.0,Tier1 health post
Ghana,Brong Ahafo,Bui Rural Clinic,Clinic,MoH,8.25048,-2.26765,GPS,GHA,Health Clinic,2.0,Tier2 health center
Ghana,Brong Ahafo,Buni Community Clinic,Clinic,MoH,7.80201,-2.6424,GPS,GHA,Health Clinic,2.0,Tier2 health center
Ghana,Brong Ahafo,Buoyem Health Centre,Health Centre,MoH,7.66606,-1.96107,GPS,GHA,Health Centre,2.0,Tier2 health center
Ghana,Brong Ahafo,Busuama Rural Clinic,Clinic,MoH,8.23236,-1.85531,GPS,GHA,Health Clinic,2.0,Tier2 health center
Ghana,Brong Ahafo,Busunyaa Rural Clinic,Clinic,MoH,7.68463,-1.65773,GPS,GHA,Health Clinic,2.0,Tier2 health center
Ghana,Brong Ahafo,Chiraa Health Centre,Health Centre,MoH,7.2412,-2.10578,GPS,GHA,Health Centre,2.0,Tier2 health center
Ghana,Brong Ahafo,Church of Pentecost Clinic,Clinic,FBO,6.94076,-2.81154,GPS,GHA,Health Clinic,2.0,Tier2 health center
Ghana,Brong Ahafo,Dadiesoaba Health Centre,Health Centre,MoH,6.77932,-2.41997,GPS,GHA,Health Centre,2.0,Tier2 health center
Ghana,Brong Ahafo,Danyami Rural Clinic,Clinic,MoH,7.34172,-2.8792,GPS,GHA,Health Clinic,2.0,Tier2 health center
Ghana,Brong Ahafo,Dawadawa Health Centre,Health Centre,MoH,8.35529,-1.56645,GPS,GHA,Health Centre,2.0,Tier2 health center
Ghana,Brong Ahafo,Debibi Health Centre,Health Centre,MoH,7.8959,-2.53924,GPS,GHA,Health Centre,2.0,Tier2 health center
Ghana,Brong Ahafo,Derma Health Centre,Health Centre,MoH,7.20855,-1.94901,GPS,GHA,Health Centre,2.0,Tier2 health center
Ghana,Brong Ahafo,Donkro-Nkwanta Rural Clinic,Clinic,MoH,7.43477,-1.65995,GPS,GHA,Health Clinic,2.0,Tier2 health center
Ghana,Brong Ahafo,Dormaa Akwamu Health Centre,Health Centre,MoH,7.31711,-2.73729,GPS,GHA,Health Centre,2.0,Tier2 health center
Ghana,Brong Ahafo,Dormaa PHC Project Clinic,Clinic,MoH,7.27434,-2.86719,GPS,GHA,Health Clinic,2.0,Tier2 health center
Ghana,Brong Ahafo,Dormaa Presby District Hospital,District Hospital,MoH,7.27537,-2.86803,GPS,GHA,Hospital,3.0,Tier3 provincial hospital
Ghana,Brong Ahafo,Droboso Clinic,Clinic,MoH,7.698782,-2.107685,Other,GHA,Health Clinic,2.0,Tier2 health center
Ghana,Brong Ahafo,Dromankese Health Centre,Health Centre,MoH,7.70912,-1.56124,GPS,GHA,Health Centre,2.0,Tier2 health center
Ghana,Brong Ahafo,Duadaso Rural Clinic,Clinic,MoH,7.901663,-2.622947,Other,GHA,Health Clinic,2.0,Tier2 health center
Ghana,Brong Ahafo,Dwenem Rural Clinic,Clinic,MoH,7.68138,-2.78094,GPS,GHA,Health Clinic,2.0,Tier2 health center
Ghana,Brong Ahafo,Dwomokrom Rural Clinic,Clinic,MoH,7.29054,-2.90378,GPS,GHA,Health Clinic,2.0,Tier2 health center
Ghana,Brong Ahafo,Emil Memorial Hospital,Hospital,MoH,7.73964,-2.09488,GPS,GHA,Hospital,3.0,Tier3 provincial hospital
Ghana,Brong Ahafo,Fiapre Rural Clinic,Clinic,MoH,7.3629,-0.3467,GPS,GHA,Health Clinic,2.0,Tier2 health center
Ghana,Brong Ahafo,Fiaso Community-based Health Planning and Services,Community-based Health Planning and Services,MoH,7.57912,-1.81848,GPS,GHA,Community Health Unit,1.0,Tier1 health post
Ghana,Brong Ahafo,Forikrom Rural Clinic,Clinic,MoH,7.59382,-1.86387,GPS,GHA,Health Clinic,2.0,Tier2 health center
Ghana,Brong Ahafo,Gambia No1 Rural Clinic,Clinic,MoH,7.0378,-2.6357,GPS,GHA,Health Clinic,2.0,Tier2 health center
Ghana,Brong Ahafo,Garadima Community-based Health Planning and Services,Community-based Health Planning and Services,MoH,7.706182,-0.810225,Other,GHA,Community Health Unit,1.0,Tier1 health post
Ghana,Brong Ahafo,Goamu Koforidua Community-based Health Planning and Services,Community-based Health Planning and Services,MoH,7.062506,-2.504669,Other,GHA,Community Health Unit,1.0,Tier1 health post
Ghana,Brong Ahafo,Goaso District Hospital,District Hospital,MoH,6.8062,-2.52186,Combination,GHA,Hospital,3.0,Tier3 provincial hospital
Ghana,Brong Ahafo,Goka Health Centre,Health Centre,MoH,7.75868,-2.65616,GPS,GHA,Health Centre,2.0,Tier2 health center
Ghana,Brong Ahafo,Gonasua Health Centre,Health Centre,MoH,7.58836,-2.82208,GPS,GHA,Health Centre,2.0,Tier2 health center
Ghana,Brong Ahafo,Gonokrom Community-based Health Planning and Services,Community-based Health Planning and Services,MoH,7.248862,-2.954866,Other,GHA,Community Health Unit,1.0,Tier1 health post
Ghana,Brong Ahafo,Green Hill Clinic,Clinic,MoH,7.31655,-2.30336,GPS,GHA,Health Clinic,2.0,Tier2 health center
Ghana,Brong Ahafo,Gyasikrom Community-based Health Planning and Services,Community-based Health Planning and Services,MoH,6.808832,-2.710873,Other,GHA,Community Health Unit,1.0,Tier1 health post
Ghana,Brong Ahafo,Gyedu Health Centre,Health Centre,MoH,7.06875,-2.3248,GPS,GHA,Health Centre,2.0,Tier2 health center
Ghana,Brong Ahafo,Hani Community-based Health Planning and Services,Community-based Health Planning and Services,MoH,7.8485,-2.47551,GPS,GHA,Community Health Unit,1.0,Tier1 health post
Ghana,Brong Ahafo,Holy Daniel's Clinic,Clinic,MoH,7.95075,-2.69753,GPS,GHA,Health Clinic,2.0,Tier2 health center
Ghana,Brong Ahafo,Holy Family Hospital,Hospital,FBO,7.59193,-1.93944,GPS,GHA,Hospital,3.0,Tier3 provincial hospital
Ghana,Brong Ahafo,ISOS Clinic,Clinic,MoH,6.98316947540358,-2.38527774810791,Google Earth,GHA,Health Clinic,2.0,Tier2 health center
Ghana,Brong Ahafo,Jato Zongo Rural Clinic,Clinic,MoH,7.65363,-1.06465,GPS,GHA,Health Clinic,2.0,Tier2 health center
Ghana,Brong Ahafo,Jejemirija Presby Clinic,Clinic,MoH,7.63384,-2.72654,GPS,GHA,Health Clinic,2.0,Tier2 health center
Ghana,Brong Ahafo,Jema Health Centre,Health Centre,MoH,7.8905,-1.77307,GPS,GHA,Health Centre,2.0,Tier2 health center
Ghana,Brong Ahafo,Jinijini Health Centre,Health Centre,MoH,7.44656,-2.64642,GPS,GHA,Health Centre,2.0,Tier2 health center
Ghana,Brong Ahafo,Kenyasi Health Centre,Health Centre,MoH,6.97538,-2.3862,Combination,GHA,Health Centre,2.0,Tier2 health center
Ghana,Brong Ahafo,Kintampo District Hospital,District Hospital,MoH,8.05098,-1.7312,GPS,GHA,Hospital,3.0,Tier3 provincial hospital
Ghana,Brong Ahafo,Kofibadukrom Port Health Centre,Health Centre,MoH,7.28896,-2.97238,GPS,GHA,Health Centre,2.0,Tier2 health center
Ghana,Brong Ahafo,Kofiboukrom Community-based Health Planning and Services,Community-based Health Planning and Services,MoH,,,,GHA,Community Health Unit,1.0,Tier1 health post
Ghana,Brong Ahafo,Kojokrom Health Centre,Health Centre,MoH,7.77873,-0.17077,GPS,GHA,Health Centre,2.0,Tier2 health center
Ghana,Brong Ahafo,Kojokumikrom Rural Clinic,Clinic,MoH,7.29063,-2.91397,GPS,GHA,Health Clinic,2.0,Tier2 health center
Ghana,Brong Ahafo,Kokoa Rural Clinic,Clinic,MoH,7.850556,-2.648333,Google Earth,GHA,Health Clinic,2.0,Tier2 health center
Ghana,Brong Ahafo,Kokooso  Rural Clinic,Clinic,MoH,6.64344,-2.58633,GPS,GHA,Health Clinic,2.0,Tier2 health center
Ghana,Brong Ahafo,Kokosua Rural Clinic,Clinic,MoH,7.860762,-2.756185,Other,GHA,Health Clinic,2.0,Tier2 health center
Ghana,Brong Ahafo,Koraso Rural Clinic,Clinic,MoH,7.48248,-2.02694,GPS,GHA,Health Clinic,2.0,Tier2 health center
Ghana,Brong Ahafo,Kranka Rural Clinic,Clinic,MoH,7.66729,-1.81142,GPS,GHA,Health Clinic,2.0,Tier2 health center
Ghana,Brong Ahafo,Kukuom Health Centre,Health Centre,MoH,6.69659,-2.43872,GPS,GHA,Health Centre,2.0,Tier2 health center
Ghana,Brong Ahafo,Kumfia Clinic,Clinic,MoH,7.780185,-1.23135,Other,GHA,Health Clinic,2.0,Tier2 health center
Ghana,Brong Ahafo,Kunsu Rural Clinic,Clinic,MoH,8.14683,-1.51239,GPS,GHA,Health Clinic,2.0,Tier2 health center
Ghana,Brong Ahafo,Kwakuanya Methodist Clinic,Clinic,FBO,6.988816,-2.975313,Other,GHA,Health Clinic,2.0,Tier2 health center
Ghana,Brong Ahafo,Kwame Danso Hospital,Hospital,MoH,7.728022,-0.677285,GPS,GHA,Hospital,3.0,Tier3 provincial hospital
Ghana,Brong Ahafo,Kwameasua Presby Clinic,Clinic,MoH,7.16715,-2.7701,GPS,GHA,Health Clinic,2.0,Tier2 health center
Ghana,Brong Ahafo,Kwapong Rural Clinic,Clinic,MoH,6.6227,-2.47506,GPS,GHA,Health Clinic,2.0,Tier2 health center
Ghana,Brong Ahafo,Kwatire Health Centre,Health Centre,MoH,7.3853,-2.30018,GPS,GHA,Health Centre,2.0,Tier2 health center
Ghana,Brong Ahafo,Kyeremasu Rural Clinic,Clinic,MoH,7.26312,-2.76114,GPS,GHA,Health Clinic,2.0,Tier2 health center
Ghana,Brong Ahafo,Lassi Community-based Health Planning and Services,Community-based Health Planning and Services,MoH,7.675456,-0.665584,Other,GHA,Community Health Unit,1.0,Tier1 health post
Ghana,Brong Ahafo,Mamase Rural Clinic,Clinic,MoH,7.90103,-2.48373,GPS,GHA,Health Clinic,2.0,Tier2 health center
Ghana,Brong Ahafo,Market Clinic,Clinic,MoH,7.580762,-1.936394,Combination,GHA,Health Clinic,2.0,Tier2 health center
Ghana,Brong Ahafo,Mathias Hospital,Hospital,MoH,8.2157,-0.6771,Combination,GHA,Hospital,3.0,Tier3 provincial hospital
Ghana,Brong Ahafo,Mayera Health Centre,Health Centre,MoH,7.85767,-2.680826,Other,GHA,Health Centre,2.0,Tier2 health center
Ghana,Brong Ahafo,Mayera Rural Clinic,Clinic,MoH,7.85772,-2.680831,Combination,GHA,Health Clinic,2.0,Tier2 health center
Ghana,Brong Ahafo,MEM Community-based Health Planning and Services,Community-based Health Planning and Services,MoH,7.748129,-0.989374,Combination,GHA,Community Health Unit,1.0,Tier1 health post
Ghana,Brong Ahafo,Menji Community Clinic,Clinic,MoH,7.92558,-2.38,GPS,GHA,Health Clinic,2.0,Tier2 health center
Ghana,Brong Ahafo,Mpatasei Rural Clinic,Clinic,MoH,7.457,-2.58338,GPS,GHA,Health Clinic,2.0,Tier2 health center
Ghana,Brong Ahafo,Namasua Community-based Health Planning and Services,Community-based Health Planning and Services,MoH,7.511889,-2.547627,Other,GHA,Community Health Unit,1.0,Tier1 health post
Ghana,Brong Ahafo,Nankete Community-based Health Planning and Services,Community-based Health Planning and Services,MoH,,,,GHA,Community Health Unit,1.0,Tier1 health post
Ghana,Brong Ahafo,Nchiraa Rural Clinic,Clinic,MoH,7.89522,-1.98159,GPS,GHA,Health Clinic,2.0,Tier2 health center
Ghana,Brong Ahafo,New Chiraa Community-based Health Planning and Services,Community-based Health Planning and Services,MoH,7.272827,-2.875183,Combination,GHA,Community Health Unit,1.0,Tier1 health post
Ghana,Brong Ahafo,New Longoro Health Centre,Health Centre,MoH,8.17255,-1.83829,GPS,GHA,Health Centre,2.0,Tier2 health center
Ghana,Brong Ahafo,New Saweresu Community-based Health Planning and Services,Community-based Health Planning and Services,MoH,,,,GHA,Community Health Unit,1.0,Tier1 health post
Ghana,Brong Ahafo,Nkaseim Community-based Health Planning and Services,Community-based Health Planning and Services,MoH,6.93111,-2.356578,Combination,GHA,Community Health Unit,1.0,Tier1 health post
Ghana,Brong Ahafo,Nkasiem Community Clinic,Clinic,MoH,6.86509,-2.44891,GPS,GHA,Health Clinic,2.0,Tier2 health center
Ghana,Brong Ahafo,Nkoranza Health Centre,Health Centre,MoH,7.56816,-1.71117,GPS,GHA,Health Centre,2.0,Tier2 health center
Ghana,Brong Ahafo,Nkrankwanta Health Centre,Health Centre,MoH,7.01987,-3.0862,GPS,GHA,Health Centre,2.0,Tier2 health center
Ghana,Brong Ahafo,Nkwabeng Rural Clinic,Clinic,MoH,7.49959,-1.7381,GPS,GHA,Health Clinic,2.0,Tier2 health center
Ghana,Brong Ahafo,Nkwaeso Clinic,Clinic,MoH,7.558877,-1.990551,Other,GHA,Health Clinic,2.0,Tier2 health center
Ghana,Brong Ahafo,Nkyekyemanu Rural Clinic,Clinic,MoH,7.478255,-2.789666,Other,GHA,Health Clinic,2.0,Tier2 health center
Ghana,Brong Ahafo,Noberkaw Community-based Health Planning and Services,Community-based Health Planning and Services,MoH,6.65595454081174,-2.42458820343017,Google Earth,GHA,Community Health Unit,1.0,Tier1 health post
Ghana,Brong Ahafo,Nsawkaw Health Centre,Health Centre,MoH,7.87659,-2.31514,GPS,GHA,Health Centre,2.0,Tier2 health center
Ghana,Brong Ahafo,Nsoatre Health Centre,Health Centre,MoH,7.39914,-2.46312,GPS,GHA,Health Centre,2.0,Tier2 health center
Ghana,Brong Ahafo,Nsuta Health Centre,Health Centre,FBO,7.52836,-2.07377,GPS,GHA,Health Centre,2.0,Tier2 health center
Ghana,Brong Ahafo,Nyankontre Community-based Health Planning and Services,Community-based Health Planning and Services,MoH,7.7925,-0.34233,GPS,GHA,Community Health Unit,1.0,Tier1 health post
Ghana,Brong Ahafo,Nyomoase Community-based Health Planning and Services,Community-based Health Planning and Services,MoH,7.900208,-0.937119,Other,GHA,Community Health Unit,1.0,Tier1 health post
Ghana,Brong Ahafo,Offuman Health Centre,Health Centre,MoH,7.78352,-1.96996,GPS,GHA,Health Centre,2.0,Tier2 health center
Ghana,Brong Ahafo,Ohene Adu Clinic,Clinic,MoH,7.35717,-2.32426,GPS,GHA,Health Clinic,2.0,Tier2 health center
Ghana,Brong Ahafo,Opoku Agyeman Hospital,Hospital,MoH,7.56288,-1.93692,GPS,GHA,Hospital,3.0,Tier3 provincial hospital
Ghana,Brong Ahafo,Opoku Clinic,Clinic,MoH,7.3439,-2.32856,GPS,GHA,Health Clinic,2.0,Tier2 health center
Ghana,Brong Ahafo,Parambo Health Centre,Health Centre,MoH,8.1252,-0.79412,GPS,GHA,Health Centre,2.0,Tier2 health center
Ghana,Brong Ahafo,Police Clinic,Clinic,MoH,7.34635,-2.33026,GPS,GHA,Health Clinic,2.0,Tier2 health center
Ghana,Brong Ahafo,Prang Health Centre,Health Centre,MoH,7.99465,-0.88928,GPS,GHA,Health Centre,2.0,Tier2 health center
Ghana,Brong Ahafo,Sabiye Health Centre,Health Centre,MoH,8.07308,-2.35153,GPS,GHA,Health Centre,2.0,Tier2 health center
Ghana,Brong Ahafo,Sampa District Hospital,District Hospital,MoH,7.95085,-2.695,GPS,GHA,Hospital,3.0,Tier3 provincial hospital
Ghana,Brong Ahafo,Sankore Health Centre,Health Centre,MoH,6.50285,-2.5017,GPS,GHA,Health Centre,2.0,Tier2 health center
Ghana,Brong Ahafo,Seikwa Health Centre,Health Centre,MoH,7.72836,-2.51792,GPS,GHA,Health Centre,2.0,Tier2 health center
Ghana,Brong Ahafo,Seketia Rural Clinic,Clinic,MoH,7.8156,-2.74399,GPS,GHA,Health Clinic,2.0,Tier2 health center
Ghana,Brong Ahafo,Sene District Hospital,District Hospital,MoH,7.73115,-0.68588,GPS,GHA,Hospital,3.0,Tier3 provincial hospital
Ghana,Brong Ahafo,Sienkyemu Rural Clinic,Clinic,MoH,6.70723,-2.39529,GPS,GHA,Health Clinic,2.0,Tier2 health center
Ghana,Brong Ahafo,St. Elizabeth Hospital,Hospital,FBO,6.93279,-2.35805,GPS,GHA,Hospital,3.0,Tier3 provincial hospital
Ghana,Brong Ahafo,St. James Secondary Clinic,Clinic,MoH,7.29371,-2.29166,GPS,GHA,Health Clinic,2.0,Tier2 health center
Ghana,Brong Ahafo,St. John of God Hospital,Hospital,MoH,7.17559,-2.0967,GPS,GHA,Hospital,3.0,Tier3 provincial hospital
Ghana,Brong Ahafo,Station Clinic,Clinic,MoH,7.58451,-1.93631,GPS,GHA,Health Clinic,2.0,Tier2 health center
Ghana,Brong Ahafo,Subinso Health Centre,Health Centre,MoH,7.94251,-2.05399,GPS,GHA,Health Centre,2.0,Tier2 health center
Ghana,Brong Ahafo,Suma Community Clinic,Clinic,MoH,7.916541,-2.7158,Google Earth,GHA,Health Clinic,2.0,Tier2 health center
Ghana,Brong Ahafo,Suma Presby Clinic,Clinic,FBO,7.91843,-2.71607,GPS,GHA,Health Clinic,2.0,Tier2 health center
Ghana,Brong Ahafo,Sunyani Municipal Hospital,Municipal Hospital,MoH,7.33817,-2.32858,GPS,GHA,Hospital,3.0,Tier3 provincial hospital
Ghana,Brong Ahafo,Sunyani Regional Hospital,Regional Hospital,MoH,7.3446,-2.3142,GPS,GHA,Hospital,3.0,Tier3 provincial hospital
Ghana,Brong Ahafo,Sunyani SDA Hospital,Hospital,FBO,7.333948,-2.347842,Combination,GHA,Hospital,3.0,Tier3 provincial hospital
Ghana,Brong Ahafo,Susec Clinic,Clinic,MoH,7.337636,-2.330508,Other,GHA,Health Clinic,2.0,Tier2 health center
Ghana,Brong Ahafo,Tanoso Health Centre,Health Centre,MoH,7.47145,-1.97852,GPS,GHA,Health Centre,2.0,Tier2 health center
Ghana,Brong Ahafo,Tanoso Rural Clinic,Clinic,MoH,7.2683,-2.236,GPS,GHA,Health Clinic,2.0,Tier2 health center
Ghana,Brong Ahafo,Techiman Sub District Clinic,Clinic,FBO,7.58998,-1.94437,GPS,GHA,Health Clinic,2.0,Tier2 health center
Ghana,Brong Ahafo,Techimantia Health Centre,Health Centre,MoH,7.18142,-2.02874,GPS,GHA,Health Centre,2.0,Tier2 health center
Ghana,Brong Ahafo,Tekese Community-based Health Planning and Services,Community-based Health Planning and Services,MoH,7.722008,-2.666138,Other,GHA,Community Health Unit,1.0,Tier1 health post
Ghana,Brong Ahafo,Tewbabi Community-based Health Planning and Services,Community-based Health Planning and Services,MoH,7.4833,-2.6,Other,GHA,Community Health Unit,1.0,Tier1 health post
Ghana,Brong Ahafo,Tuobodom Health Centre,Health Centre,MoH,7.63484,-1.91209,GPS,GHA,Health Centre,2.0,Tier2 health center
Ghana,Brong Ahafo,Twumkrom Community-based Health Planning and Services,Community-based Health Planning and Services,MoH,7.346025,-2.798342,Other,GHA,Community Health Unit,1.0,Tier1 health post
Ghana,Brong Ahafo,WAM Community-based Health Planning and Services,Community-based Health Planning and Services,MoH,6.89461,-2.773292,Other,GHA,Community Health Unit,1.0,Tier1 health post
Ghana,Brong Ahafo,Wamfie Health Centre,Health Centre,MoH,7.30582,-2.73729,GPS,GHA,Health Centre,2.0,Tier2 health center
Ghana,Brong Ahafo,Wencgi Methodist Hospital,Hospital,FBO,7.73854,-2.111,GPS,GHA,Hospital,3.0,Tier3 provincial hospital
Ghana,Brong Ahafo,Yamfo Health Centre,Health Centre,MoH,7.22567,-2.2411,GPS,GHA,Health Centre,2.0,Tier2 health center
Ghana,Brong Ahafo,Yefri Health Centre,Health Centre,MoH,7.69133,-1.74787,GPS,GHA,Health Centre,2.0,Tier2 health center
Ghana,Brong Ahafo,Zabrama Health Centre,Health Centre,MoH,7.987841,-1.392844,Other,GHA,Health Centre,2.0,Tier2 health center
Ghana,Central,Abaasa Health Centre,Health Centre,MoH,5.369468,-0.944405,Combination,GHA,Health Centre,2.0,Tier2 health center
Ghana,Central,Abakrampa Health Centre,Health Centre,MoH,5.24361,-1.23408,GPS,GHA,Health Centre,2.0,Tier2 health center
Ghana,Central,Abasa Community-based Health Planning and Services,Community-based Health Planning and Services,MoH,5.46185,-0.672666,Other,GHA,Community Health Unit,1.0,Tier1 health post
Ghana,Central,Abeyee Community-based Health Planning and Services,Community-based Health Planning and Services,MoH,5.099895,-1.347493,Combination,GHA,Community Health Unit,1.0,Tier1 health post
Ghana,Central,Abigyakwa Community-based Health Planning and Services,Community-based Health Planning and Services,MoH,5.535467,-0.69487,Combination,GHA,Community Health Unit,1.0,Tier1 health post
Ghana,Central,Aboabo Community-based Health Planning and Services,Community-based Health Planning and Services,MoH,5.653145,-1.620797,Other,GHA,Community Health Unit,1.0,Tier1 health post
Ghana,Central,Abodom Health Centre,Health Centre,MoH,5.53296,-0.82329,GPS,GHA,Health Centre,2.0,Tier2 health center
Ghana,Central,Abrem Agona Health Centre,Health Centre,MoH,5.18951,-1.43017,GPS,GHA,Health Centre,2.0,Tier2 health center
Ghana,Central,Abura Dunkwa District Hospital,District Hospital,MoH,5.34485,-1.17108,GPS,GHA,Hospital,3.0,Tier3 provincial hospital
Ghana,Central,Aburansa Community-based Health Planning and Services,Community-based Health Planning and Services,MoH,5.0785,-1.54259,GPS,GHA,Community Health Unit,1.0,Tier1 health post
Ghana,Central,Adade Kofi Community-based Health Planning and Services,Community-based Health Planning and Services,MoH,,,,GHA,Community Health Unit,1.0,Tier1 health post
Ghana,Central,Adawukwa Community-based Health Planning and Services,Community-based Health Planning and Services,MoH,5.666563,-0.517863,Other,GHA,Community Health Unit,1.0,Tier1 health post
Ghana,Central,Adisadel Urban Health Centre,Health Centre,MoH,5.11936,-1.26784,GPS,GHA,Health Centre,2.0,Tier2 health center
Ghana,Central,Aged Clinic,Clinic,MoH,5.1061,-1.23863,Combination,GHA,Health Clinic,2.0,Tier2 health center
Ghana,Central,Agona Nsaba Health Centre,Health Centre,MoH,5.65241,-0.75572,GPS,GHA,Health Centre,2.0,Tier2 health center
Ghana,Central,Agona Swedru Govermnt District Hospital,District Hospital,MoH,5.53532,-0.6926,GPS,GHA,Hospital,3.0,Tier3 provincial hospital
Ghana,Central,Agyempomah Community-based Health Planning and Services,Community-based Health Planning and Services,MoH,5.7166,-1.7833,Other,GHA,Community Health Unit,1.0,Tier1 health post
Ghana,Central,Ahentia Community-based Health Planning and Services,Community-based Health Planning and Services,MoH,5.6166,-0.5666,Other,GHA,Community Health Unit,1.0,Tier1 health post
Ghana,Central,Ahmadiyya Muslim Hospital,Hospital,FBO,5.53852,-0.69956,GPS,GHA,Hospital,3.0,Tier3 provincial hospital
Ghana,Central,Ahomakormbua Community-based Health Planning and Services,Community-based Health Planning and Services,MoH,5.454,-1.06,Encarta,GHA,Community Health Unit,1.0,Tier1 health post
Ghana,Central,Ajumako District Hospital,District Hospital,MoH,5.4237,-0.95484,GPS,GHA,Hospital,3.0,Tier3 provincial hospital
Ghana,Central,Akoti Health Centre,Health Centre,MoH,5.77371,-1.24504,GPS,GHA,Health Centre,2.0,Tier2 health center
Ghana,Central,Akrabon Community-based Health Planning and Services,Community-based Health Planning and Services,MoH,5.61691,-0.56952,GPS,GHA,Community Health Unit,1.0,Tier1 health post
Ghana,Central,Akropong Odumase Community-based Health Planning and Services,Community-based Health Planning and Services,MoH,5.769364,-1.240632,Other,GHA,Community Health Unit,1.0,Tier1 health post
Ghana,Central,Amanfopong CHPS Clinic,Clinic,MoH,5.73664,-1.0124,GPS,GHA,Health Clinic,2.0,Tier2 health center
Ghana,Central,Amoabeng Community-based Health Planning and Services,Community-based Health Planning and Services,MoH,5.4333,-1.2333,Other,GHA,Community Health Unit,1.0,Tier1 health post
Ghana,Central,Amoaman Community-based Health Planning and Services,Community-based Health Planning and Services,MoH,6.269112,-2.069339,Other,GHA,Community Health Unit,1.0,Tier1 health post
Ghana,Central,Amosima Community-based Health Planning and Services,Community-based Health Planning and Services,MoH,5.167089,-1.233698,Google Earth,GHA,Community Health Unit,1.0,Tier1 health post
Ghana,Central,Anaisiwa Memorial Clinic,Clinic,FBO,5.11036,-1.25054,GPS,GHA,Health Clinic,2.0,Tier2 health center
Ghana,Central,Andrew Browning Clinic,Clinic,FBO,5.43145,-0.47701,GPS,GHA,Health Clinic,2.0,Tier2 health center
Ghana,Central,Anhwiam Community-based Health Planning and Services,Community-based Health Planning and Services,MoH,5.64501,-1.14176,GPS,GHA,Community Health Unit,1.0,Tier1 health post
Ghana,Central,Anhwiawia Community-based Health Planning and Services,Community-based Health Planning and Services,MoH,6.050758,-2.002973,Geonames,GHA,Community Health Unit,1.0,Tier1 health post
Ghana,Central,Anomabo Health Centre,Health Centre,MoH,5.17713,-1.12847,GPS,GHA,Health Centre,2.0,Tier2 health center
Ghana,Central,Ansaful Health Centre,Health Centre,MoH,5.338642,-0.62669,Combination,GHA,Health Centre,2.0,Tier2 health center
Ghana,Central,Antseamboa Community-based Health Planning and Services,Community-based Health Planning and Services,MoH,,,,GHA,Community Health Unit,1.0,Tier1 health post
Ghana,Central,Apam Catholic Hospital,Hospital,FBO,5.28142,-0.73909,GPS,GHA,Hospital,3.0,Tier3 provincial hospital
Ghana,Central,Asafo Health Centre,Health Centre,MoH,5.5525,-0.66225,GPS,GHA,Health Centre,2.0,Tier2 health center
Ghana,Central,Asebu Community-based Health Planning and Services,Community-based Health Planning and Services,MoH,5.212311,-1.208774,Other,GHA,Community Health Unit,1.0,Tier1 health post
Ghana,Central,Asikumah Community-based Health Planning and Services,Community-based Health Planning and Services,MoH,5.900556,-1.834167,Geonames,GHA,Community Health Unit,1.0,Tier1 health post
Ghana,Central,Asmah Camp Community-based Health Planning and Services,Community-based Health Planning and Services,MoH,,,,GHA,Community Health Unit,1.0,Tier1 health post
Ghana,Central,Asomdwee Community-based Health Planning and Services,Community-based Health Planning and Services,MoH,5.33715,-1.28221,GPS,GHA,Community Health Unit,1.0,Tier1 health post
Ghana,Central,Assin Community-based Health Planning and Services,Community-based Health Planning and Services,MoH,5.336213,-0.800215,Other,GHA,Community Health Unit,1.0,Tier1 health post
Ghana,Central,Assin Manso Health Centre,Health Centre,MoH,5.52409,-1.16766,GPS,GHA,Health Centre,2.0,Tier2 health center
Ghana,Central,Assin Praso Health Centre,Health Centre,FBO,5.92382,-1.35979,GPS,GHA,Health Centre,2.0,Tier2 health center
Ghana,Central,Asuansi Community-based Health Planning and Services,Community-based Health Planning and Services,MoH,5.299645,-1.236246,Other,GHA,Community Health Unit,1.0,Tier1 health post
Ghana,Central,Asuansi Rural Clinic,Clinic,MoH,5.30528,-1.25554,GPS,GHA,Health Clinic,2.0,Tier2 health center
Ghana,Central,Atonkwa Community-based Health Planning and Services,Community-based Health Planning and Services,MoH,5.11335,-1.32509,GPS,GHA,Community Health Unit,1.0,Tier1 health post
Ghana,Central,Awisem Community-based Health Planning and Services,Community-based Health Planning and Services,MoH,5.8666,-1.55,Other,GHA,Community Health Unit,1.0,Tier1 health post
Ghana,Central,Awutu Health Centre,Health Centre,MoH,5.51293,-0.51456,GPS,GHA,Health Centre,2.0,Tier2 health center
Ghana,Central,Ayeldu Community-based Health Planning and Services,Community-based Health Planning and Services,MoH,5.33784,-1.12736,GPS,GHA,Community Health Unit,1.0,Tier1 health post
Ghana,Central,Ayinasu Community-based Health Planning and Services,Community-based Health Planning and Services,MoH,5.424972,-1.043687,Geonames,GHA,Community Health Unit,1.0,Tier1 health post
Ghana,Central,Ayipey Community-based Health Planning and Services,Community-based Health Planning and Services,MoH,5.56,-0.946389,Geonames,GHA,Community Health Unit,1.0,Tier1 health post
Ghana,Central,Baa Salvation Army Clinic,Clinic,MoH,5.47564,-0.9336,GPS,GHA,Health Clinic,2.0,Tier2 health center
Ghana,Central,Baptist Hospital,Hospital,FBO,5.335586,-0.621467,Other,GHA,Hospital,3.0,Tier3 provincial hospital
Ghana,Central,Bawjiase Health Centre,Health Centre,MoH,5.68429,-0.55172,GPS,GHA,Health Centre,2.0,Tier2 health center
Ghana,Central,Bediadua Health Centre,Health Centre,MoH,5.77557,-1.49475,GPS,GHA,Health Centre,2.0,Tier2 health center
Ghana,Central,Bedum CHPS Clinic,Clinic,MoH,5.52583,-1.00691,GPS,GHA,Health Clinic,2.0,Tier2 health center
Ghana,Central,Benyadze Community-based Health Planning and Services,Community-based Health Planning and Services,MoH,5.1171,-1.44572,GPS,GHA,Community Health Unit,1.0,Tier1 health post
Ghana,Central,Berase Community-based Health Planning and Services,Community-based Health Planning and Services,MoH,5.187778,-1.392778,Geonames,GHA,Community Health Unit,1.0,Tier1 health post
Ghana,Central,Bereku Health Centre,Health Centre,MoH,5.86629,-1.33988,GPS,GHA,Health Centre,2.0,Tier2 health center
Ghana,Central,Bethel Heamopatic Community-based Health Planning and Services,Community-based Health Planning and Services,MoH,,,,GHA,Community Health Unit,1.0,Tier1 health post
Ghana,Central,Biriwa Community Clinic,Clinic,MoH,5.16601,-1.14999,GPS,GHA,Health Clinic,2.0,Tier2 health center
Ghana,Central,Bisease Health Centre,Health Centre,MoH,5.46482,-0.98895,GPS,GHA,Health Centre,2.0,Tier2 health center
Ghana,Central,Bobikuma Health Centre,Health Centre,MoH,5.55017,-0.85691,GPS,GHA,Health Centre,2.0,Tier2 health center
Ghana,Central,Bontrase Health Centre,Health Centre,MoH,5.60814,-0.55929,GPS,GHA,Health Centre,2.0,Tier2 health center
Ghana,Central,Brakwa Health Centre,Health Centre,MoH,5.69912,-0.98457,GPS,GHA,Health Centre,2.0,Tier2 health center
Ghana,Central,Brimsu Community-based Health Planning and Services,Community-based Health Planning and Services,MoH,5.187002,-1.301572,Other,GHA,Community Health Unit,1.0,Tier1 health post
Ghana,Central,Brofo Community-based Health Planning and Services,Community-based Health Planning and Services,MoH,5.491927,-0.690494,Other,GHA,Community Health Unit,1.0,Tier1 health post
Ghana,Central,Brofoyedu Community-based Health Planning and Services,Community-based Health Planning and Services,MoH,5.318032,-0.79995,Other,GHA,Community Health Unit,1.0,Tier1 health post
Ghana,Central,Buabin Community-based Health Planning and Services,Community-based Health Planning and Services,MoH,5.88297,-1.75841,GPS,GHA,Community Health Unit,1.0,Tier1 health post
Ghana,Central,Buduatta Health Centre,Health Centre,MoH,5.49698,-0.57723,GPS,GHA,Health Centre,2.0,Tier2 health center
Ghana,Central,Buduburam Clinic,Clinic,FBO,5.523917,-0.475167,GPS,GHA,Health Clinic,2.0,Tier2 health center
Ghana,Central,Cape Coast Metropolitan Hospital,Municipal Hospital,MoH,5.10247,-1.25902,GPS,GHA,Hospital,3.0,Tier3 provincial hospital
Ghana,Central,Central Regional Hospital,Regional Hospital,MoH,5.1332,-1.26603,GPS,GHA,Hospital,3.0,Tier3 provincial hospital
Ghana,Central,Dago Health Centre,Health Centre,MoH,5.226582,-0.794024,Other,GHA,Health Centre,2.0,Tier2 health center
Ghana,Central,Dasum Community-based Health Planning and Services,Community-based Health Planning and Services,MoH,5.569338,-0.57933,Other,GHA,Community Health Unit,1.0,Tier1 health post
Ghana,Central,Denkyira Obuasi Community-based Health Planning and Services,Community-based Health Planning and Services,MoH,6.1,-2.05,Other,GHA,Community Health Unit,1.0,Tier1 health post
Ghana,Central,Diaso Health Centre,Health Centre,MoH,6.1527,-2.15153,GPS,GHA,Health Centre,2.0,Tier2 health center
Ghana,Central,Dominase Health Centre,Health Centre,MoH,5.35117,-1.09433,GPS,GHA,Health Centre,2.0,Tier2 health center
Ghana,Central,Dominasi S.D.A. Clinic,Clinic,FBO,6.04646,-1.96497,GPS,GHA,Health Clinic,2.0,Tier2 health center
Ghana,Central,Dunkwa District Hospital,District Hospital,MoH,5.96243,-1.77927,GPS,GHA,Hospital,3.0,Tier3 provincial hospital
Ghana,Central,Ebuakwa Community Clinic,Clinic,MoH,5.299,-0.951,Encarta,GHA,Health Clinic,2.0,Tier2 health center
Ghana,Central,Edumafa Community-based Health Planning and Services,Community-based Health Planning and Services,MoH,5.201952,-0.961816,Other,GHA,Community Health Unit,1.0,Tier1 health post
Ghana,Central,Efutu Rural Clinic,Clinic,MoH,5.21052,-1.32217,GPS,GHA,Health Clinic,2.0,Tier2 health center
Ghana,Central,Ekon Community-based Health Planning and Services,Community-based Health Planning and Services,MoH,5.12117,-1.2709,GPS,GHA,Community Health Unit,1.0,Tier1 health post
Ghana,Central,Ekrawfol Community-based Health Planning and Services,Community-based Health Planning and Services,MoH,5.342,-0.908,Encarta,GHA,Community Health Unit,1.0,Tier1 health post
Ghana,Central,Ekukrom CHPS Clinic,Clinic,MoH,5.4114,-1.05676,GPS,GHA,Health Clinic,2.0,Tier2 health center
Ghana,Central,Ekumpoano Community-based Health Planning and Services,Community-based Health Planning and Services,MoH,5.20354,-0.894177,Other,GHA,Community Health Unit,1.0,Tier1 health post
Ghana,Central,Ekwamase Community-based Health Planning and Services,Community-based Health Planning and Services,MoH,5.414488,-1.087201,Combination,GHA,Community Health Unit,1.0,Tier1 health post
Ghana,Central,Ekwemkrom Community-based Health Planning and Services,Community-based Health Planning and Services,MoH,5.496,-0.707,Encarta,GHA,Community Health Unit,1.0,Tier1 health post
Ghana,Central,Elmina Urban Health Centre,Health Centre,MoH,5.09873,-1.3483,GPS,GHA,Health Centre,2.0,Tier2 health center
Ghana,Central,Endwa Community-based Health Planning and Services,Community-based Health Planning and Services,MoH,5.8,-1.3,Other,GHA,Community Health Unit,1.0,Tier1 health post
Ghana,Central,Enyan Abaasa Health Centre,Health Centre,MoH,5.35401,-0.95244,GPS,GHA,Health Centre,2.0,Tier2 health center
Ghana,Central,Enyan-Maim Community Clinic,Clinic,MoH,5.31384,-1.01756,GPS,GHA,Health Clinic,2.0,Tier2 health center
Ghana,Central,Eshiem Community-based Health Planning and Services,Community-based Health Planning and Services,MoH,5.493073,-0.848364,Other,GHA,Community Health Unit,1.0,Tier1 health post
Ghana,Central,Essuehyia Health Centre,Health Centre,MoH,5.3059,-0.88998,GPS,GHA,Health Centre,2.0,Tier2 health center
Ghana,Central,Ewim Urban Health Centre,Health Centre,MoH,5.11533,-1.24487,GPS,GHA,Health Centre,2.0,Tier2 health center
Ghana,Central,Eyisam Community-based Health Planning and Services,Community-based Health Planning and Services,MoH,5.281699,-0.940453,Other,GHA,Community Health Unit,1.0,Tier1 health post
Ghana,Central,Fetteh Community-based Health Planning and Services,Community-based Health Planning and Services,MoH,5.494357,-0.574629,Other,GHA,Community Health Unit,1.0,Tier1 health post
Ghana,Central,Fomena Community-based Health Planning and Services,Community-based Health Planning and Services,MoH,5.502016,-0.805576,Other,GHA,Community Health Unit,1.0,Tier1 health post
Ghana,Central,Frami Community Clinic,Clinic,MoH,5.30889,-1.3712,GPS,GHA,Health Clinic,2.0,Tier2 health center
Ghana,Central,Gyabankrom Community-based Health Planning and Services,Community-based Health Planning and Services,MoH,5.2788,-1.11699,GPS,GHA,Community Health Unit,1.0,Tier1 health post
Ghana,Central,Gyangyanadze Community-based Health Planning and Services,Community-based Health Planning and Services,MoH,5.397153,-0.574395,Other,GHA,Community Health Unit,1.0,Tier1 health post
Ghana,Central,Imbraim Community-based Health Planning and Services,Community-based Health Planning and Services,MoH,5.81374,-1.77019,GPS,GHA,Community Health Unit,1.0,Tier1 health post
Ghana,Central,Jakai Health Centre,Health Centre,MoH,5.40352,-1.20084,GPS,GHA,Health Centre,2.0,Tier2 health center
Ghana,Central,Jamra Community-based Health Planning and Services,Community-based Health Planning and Services,MoH,5.644444,-1.012222,Geonames,GHA,Community Health Unit,1.0,Tier1 health post
Ghana,Central,Jukwa Health Centre,Health Centre,MoH,5.25963,-1.33296,GPS,GHA,Health Centre,2.0,Tier2 health center
Ghana,Central,Kasoa Health Centre,Health Centre,MoH,5.53382,-0.42641,GPS,GHA,Health Centre,2.0,Tier2 health center
Ghana,Central,Kayeriku Community-based Health Planning and Services,Community-based Health Planning and Services,MoH,,,,GHA,Community Health Unit,1.0,Tier1 health post
Ghana,Central,Kenyako Community-based Health Planning and Services,Community-based Health Planning and Services,MoH,5.598361,-0.633041,Google Earth,GHA,Community Health Unit,1.0,Tier1 health post
Ghana,Central,Kissi Health Centre,Health Centre,MoH,5.08749,-1.50592,GPS,GHA,Health Centre,2.0,Tier2 health center
Ghana,Central,Komenda Health Centre,Health Centre,MoH,5.05282,-1.49313,GPS,GHA,Health Centre,2.0,Tier2 health center
Ghana,Central,Kormantse Clinic,Clinic,MoH,5.188472,-1.10369,Other,GHA,Health Clinic,2.0,Tier2 health center
Ghana,Central,Kotokye Community-based Health Planning and Services,Community-based Health Planning and Services,MoH,,,,GHA,Community Health Unit,1.0,Tier1 health post
Ghana,Central,Kromaim Community-based Health Planning and Services,Community-based Health Planning and Services,MoH,5.3833,-0.95,Other,GHA,Community Health Unit,1.0,Tier1 health post
Ghana,Central,Kushea Health Centre,Health Centre,MoH,5.87468,-1.44857,GPS,GHA,Health Centre,2.0,Tier2 health center
Ghana,Central,Kwamankese Community-based Health Planning and Services,Community-based Health Planning and Services,MoH,5.29021,-1.09563,GPS,GHA,Community Health Unit,1.0,Tier1 health post
Ghana,Central,Kwanyako Community Clinic,Clinic,MoH,5.45035,-0.87345,GPS,GHA,Health Clinic,2.0,Tier2 health center
Ghana,Central,Kwanyako Health Centre,Health Centre,MoH,5.59022,-0.6374,GPS,GHA,Health Centre,2.0,Tier2 health center
Ghana,Central,Kyekyewere Health Centre,Health Centre,MoH,5.91653,-1.67979,GPS,GHA,Health Centre,2.0,Tier2 health center
Ghana,Central,Mando Community-based Health Planning and Services,Community-based Health Planning and Services,MoH,5.382907,-0.930498,Google Earth,GHA,Community Health Unit,1.0,Tier1 health post
Ghana,Central,Mankoadze Clinic,Clinic,MoH,5.31811,-0.68595,GPS,GHA,Health Clinic,2.0,Tier2 health center
Ghana,Central,Mankrong Health Centre,Health Centre,MoH,5.67169,-0.62054,GPS,GHA,Health Centre,2.0,Tier2 health center
Ghana,Central,Mayenda Community-based Health Planning and Services,Community-based Health Planning and Services,MoH,5.6833,-0.6,Other,GHA,Community Health Unit,1.0,Tier1 health post
Ghana,Central,Mensakrom Clinic,Clinic,MoH,5.383333,-1.066667,Geonames,GHA,Health Clinic,2.0,Tier2 health center
Ghana,Central,Micro Clinic,Clinic,MoH,5.106044,-1.238627,GPS,GHA,Health Clinic,2.0,Tier2 health center
Ghana,Central,Mokwa Health Centre,Health Centre,MoH,5.70259,-1.60488,GPS,GHA,Health Centre,2.0,Tier2 health center
Ghana,Central,Moree Health Centre,Health Centre,MoH,5.13668,-1.19932,GPS,GHA,Health Centre,2.0,Tier2 health center
Ghana,Central,Nanabeng Community-based Health Planning and Services,Community-based Health Planning and Services,MoH,5.24604,-0.94823,GPS,GHA,Community Health Unit,1.0,Tier1 health post
Ghana,Central,Nankese Community-based Health Planning and Services,Community-based Health Planning and Services,MoH,5.675031,-0.880253,Other,GHA,Community Health Unit,1.0,Tier1 health post
Ghana,Central,Narkwa Community-based Health Planning and Services,Community-based Health Planning and Services,MoH,5.2049,-0.928346,Other,GHA,Community Health Unit,1.0,Tier1 health post
Ghana,Central,Ngyiresi Community-based Health Planning and Services,Community-based Health Planning and Services,MoH,5.35125,-0.84368,GPS,GHA,Community Health Unit,1.0,Tier1 health post
Ghana,Central,Nkanfoa Community-based Health Planning and Services,Community-based Health Planning and Services,MoH,5.239215,-1.336132,Other,GHA,Community Health Unit,1.0,Tier1 health post
Ghana,Central,Nkodwo Nkojo Community-based Health Planning and Services,Community-based Health Planning and Services,MoH,5.3557,-0.97178,GPS,GHA,Community Health Unit,1.0,Tier1 health post
Ghana,Central,Nkum Health Centre,Health Centre,MoH,5.6306,-0.83284,GPS,GHA,Health Centre,2.0,Tier2 health center
Ghana,Central,Nkwantanan Community-based Health Planning and Services,Community-based Health Planning and Services,MoH,5.28076,-1.28954,GPS,GHA,Community Health Unit,1.0,Tier1 health post
Ghana,Central,Nkwantanum Health Centre,Health Centre,MoH,5.41199,-0.97646,GPS,GHA,Health Centre,2.0,Tier2 health center
Ghana,Central,Nkwatanan Community-based Health Planning and Services,Community-based Health Planning and Services,MoH,5.8833,-1.6333,Other,GHA,Community Health Unit,1.0,Tier1 health post
Ghana,Central,Noguchi Clinic,Clinic,MoH,5.35998,-0.70778,GPS,GHA,Health Clinic,2.0,Tier2 health center
Ghana,Central,Nsanfo Community-based Health Planning and Services,Community-based Health Planning and Services,MoH,5.218,-1.167,Encarta,GHA,Community Health Unit,1.0,Tier1 health post
Ghana,Central,Nsuasa Community-based Health Planning and Services,Community-based Health Planning and Services,MoH,5.71898,-0.863348,Other,GHA,Community Health Unit,1.0,Tier1 health post
Ghana,Central,Nsuta Presby Clinic,Clinic,FBO,5.62802,-1.23251,GPS,GHA,Health Clinic,2.0,Tier2 health center
Ghana,Central,Ntom Community-based Health Planning and Services,Community-based Health Planning and Services,MoH,6.20034,-2.11999,GPS,GHA,Community Health Unit,1.0,Tier1 health post
Ghana,Central,Nuamakrom Community-based Health Planning and Services,Community-based Health Planning and Services,MoH,,,,GHA,Community Health Unit,1.0,Tier1 health post
Ghana,Central,Nyakrom Health Centre,Health Centre,MoH,5.60867,-0.79676,GPS,GHA,Health Centre,2.0,Tier2 health center
Ghana,Central,Nyamendam Community-based Health Planning and Services,Community-based Health Planning and Services,MoH,5.572338,-0.695814,Other,GHA,Community Health Unit,1.0,Tier1 health post
Ghana,Central,Nyanfeku Community-based Health Planning and Services,Community-based Health Planning and Services,MoH,5.259793,-1.194107,Combination,GHA,Community Health Unit,1.0,Tier1 health post
Ghana,Central,Nyanyano Clinic,Clinic,MoH,5.47036,-0.41798,GPS,GHA,Health Clinic,2.0,Tier2 health center
Ghana,Central,Obohen Community-based Health Planning and Services,Community-based Health Planning and Services,MoH,5.30269,-1.13868,GPS,GHA,Community Health Unit,1.0,Tier1 health post
Ghana,Central,Obontsir Community-based Health Planning and Services,Community-based Health Planning and Services,MoH,5.3166,-0.95,Other,GHA,Community Health Unit,1.0,Tier1 health post
Ghana,Central,Obuasi Clinic,Clinic,MoH,5.50399,-0.7547,GPS,GHA,Health Clinic,2.0,Tier2 health center
Ghana,Central,Ochiso Community-based Health Planning and Services,Community-based Health Planning and Services,MoH,5.501,-0.919,Encarta,GHA,Community Health Unit,1.0,Tier1 health post
Ghana,Central,Odoben Health Centre,Health Centre,MoH,5.63314,-0.88531,GPS,GHA,Health Centre,2.0,Tier2 health center
Ghana,Central,Ofaakor Community-based Health Planning and Services,Community-based Health Planning and Services,MoH,5.607319,-0.505182,Other,GHA,Community Health Unit,1.0,Tier1 health post
Ghana,Central,Ofadaa Community-based Health Planning and Services,Community-based Health Planning and Services,MoH,5.729485,-0.542025,Geonames,GHA,Community Health Unit,1.0,Tier1 health post
Ghana,Central,Ofoase Community-based Health Planning and Services,Community-based Health Planning and Services,MoH,5.666614,-0.633241,Combination,GHA,Community Health Unit,1.0,Tier1 health post
Ghana,Central,Oguaa Health Centre,Health Centre,MoH,5.42001,-0.81471,GPS,GHA,Health Centre,2.0,Tier2 health center
Ghana,Central,Ojobi Community Clinic,Clinic,MoH,5.48019,-0.53142,GPS,GHA,Health Clinic,2.0,Tier2 health center
Ghana,Central,Okwampa Community-based Health Planning and Services,Community-based Health Planning and Services,MoH,5.717532,-0.578301,Geonames,GHA,Community Health Unit,1.0,Tier1 health post
Ghana,Central,Okyerko Clinic,Clinic,MoH,5.41768,-0.6032,GPS,GHA,Health Clinic,2.0,Tier2 health center
Ghana,Central,Ongwa Health Centre,Health Centre,MoH,5.68002,-1.39811,GPS,GHA,Health Centre,2.0,Tier2 health center
Ghana,Central,Opeikuma Community-based Health Planning and Services,Community-based Health Planning and Services,MoH,5.537707,-0.514611,Other,GHA,Community Health Unit,1.0,Tier1 health post
Ghana,Central,Oponso Health Centre,Health Centre,MoH,5.935321,-1.820594,Combination,GHA,Health Centre,2.0,Tier2 health center
Ghana,Central,Osedze Health Centre,Health Centre,MoH,5.450396,-0.923465,Other,GHA,Health Centre,2.0,Tier2 health center
Ghana,Central,Otsenkorang Community-based Health Planning and Services,Community-based Health Planning and Services,MoH,5.71952,-0.82965,GPS,GHA,Community Health Unit,1.0,Tier1 health post
Ghana,Central,Otuam Health Centre,Health Centre,MoH,5.21913,-0.81071,GPS,GHA,Health Centre,2.0,Tier2 health center
Ghana,Central,Otwekwa Community-based Health Planning and Services,Community-based Health Planning and Services,MoH,5.544924,-0.600151,Combination,GHA,Community Health Unit,1.0,Tier1 health post
Ghana,Central,Our Lady of Grace Hospital,Hospital,FBO,5.58063,-0.99655,GPS,GHA,Hospital,3.0,Tier3 provincial hospital
Ghana,Central,Papaase Community-based Health Planning and Services,Community-based Health Planning and Services,MoH,5.6166,-0.4666,Other,GHA,Community Health Unit,1.0,Tier1 health post
Ghana,Central,Pentecost Community Clinic,Clinic,FBO,5.7457,-1.60402,GPS,GHA,Health Clinic,2.0,Tier2 health center
Ghana,Central,Potsin Clinic,Clinic,MoH,5.45544,-0.59253,GPS,GHA,Health Clinic,2.0,Tier2 health center
Ghana,Central,Praso District Hospital,District Hospital,MoH,5.61089,-1.54928,GPS,GHA,Hospital,3.0,Tier3 provincial hospital
Ghana,Central,Putubiw Community-based Health Planning and Services,Community-based Health Planning and Services,MoH,5.20157,-1.26566,GPS,GHA,Community Health Unit,1.0,Tier1 health post
Ghana,Central,Saltpond Government District Hospital,District Hospital,MoH,5.2045,-1.05614,GPS,GHA,Hospital,3.0,Tier3 provincial hospital
Ghana,Central,Salvation Army Clinic,Clinic,FBO,5.63113,-0.72601,GPS,GHA,Health Clinic,2.0,Tier2 health center
Ghana,Central,Sampa Community-based Health Planning and Services,Community-based Health Planning and Services,MoH,5.377476,-0.85841,Other,GHA,Community Health Unit,1.0,Tier1 health post
Ghana,Central,Senya Bereku Health Centre,Health Centre,MoH,5.39045,-0.49727,GPS,GHA,Health Centre,2.0,Tier2 health center
Ghana,Central,Shed Community-based Health Planning and Services,Community-based Health Planning and Services,MoH,5.42343,-1.5393,GPS,GHA,Community Health Unit,1.0,Tier1 health post
Ghana,Central,Sowotuom Community-based Health Planning and Services,Community-based Health Planning and Services,MoH,5.59193,-1.136829,Other,GHA,Community Health Unit,1.0,Tier1 health post
Ghana,Central,St. Francis Xavier District Hospital,District Hospital,FBO,5.6996,-1.28136,GPS,GHA,Hospital,3.0,Tier3 provincial hospital
Ghana,Central,Subin Health Centre,Health Centre,MoH,5.9125,-1.673056,Geonames,GHA,Health Centre,2.0,Tier2 health center
Ghana,Central,Sunkwa Community Clinic,Clinic,MoH,5.35854,-1.05088,GPS,GHA,Health Clinic,2.0,Tier2 health center
Ghana,Central,Taido Community-based Health Planning and Services,Community-based Health Planning and Services,MoH,5.173452,-1.318468,Other,GHA,Community Health Unit,1.0,Tier1 health post
Ghana,Central,Tarkwa Community-based Health Planning and Services,Community-based Health Planning and Services,MoH,5.471092,-0.842141,Other,GHA,Community Health Unit,1.0,Tier1 health post
Ghana,Central,Tawiakwa Community-based Health Planning and Services,Community-based Health Planning and Services,MoH,5.284,-1.183,Encarta,GHA,Community Health Unit,1.0,Tier1 health post
Ghana,Central,Tawora Community-based Health Planning and Services,Community-based Health Planning and Services,MoH,5.591735,-0.665923,Combination,GHA,Community Health Unit,1.0,Tier1 health post
Ghana,Central,Thinking Clinic,Clinic,MoH,5.38765,-0.498115,Combination,GHA,Health Clinic,2.0,Tier2 health center
Ghana,Central,Treposo Community-based Health Planning and Services,Community-based Health Planning and Services,MoH,6.070158,-2.007757,Other,GHA,Community Health Unit,1.0,Tier1 health post
Ghana,Central,Twifo Hemang Health Centre,Health Centre,MoH,5.49061,-1.53278,GPS,GHA,Health Centre,2.0,Tier2 health center
Ghana,Central,University of Cape Coast Hospital,Hospital,MoH,5.10537,-1.28298,GPS,GHA,Hospital,3.0,Tier3 provincial hospital
Ghana,Central,Wamaso Community-based Health Planning and Services,Community-based Health Planning and Services,MoH,5.69832,-1.64432,GPS,GHA,Community Health Unit,1.0,Tier1 health post
Ghana,Central,Wansima Memorial Community-based Health Planning and Services,Community-based Health Planning and Services,MoH,5.316289,-0.685029,Combination,GHA,Community Health Unit,1.0,Tier1 health post
Ghana,Central,Winneba Government District Hospital,District Hospital,MoH,5.34374,-0.6229,GPS,GHA,Hospital,3.0,Tier3 provincial hospital
Ghana,Central,Winniba Health Centre,Health Centre,MoH,5.336583,-0.623874,Combination,GHA,Health Centre,2.0,Tier2 health center
Ghana,Central,Yeboah Community-based Health Planning and Services,Community-based Health Planning and Services,MoH,,,,GHA,Community Health Unit,1.0,Tier1 health post
Ghana,Eastern,Abenase Community-based Health Planning and Services,Community-based Health Planning and Services,MoH,6.002876,-1.036201,Other,GHA,Community Health Unit,1.0,Tier1 health post
Ghana,Eastern,Abenaso Community-based Health Planning and Services,Community-based Health Planning and Services,MoH,6.21437,-0.745892,Other,GHA,Community Health Unit,1.0,Tier1 health post
Ghana,Eastern,Abetifi Presby Health Centre,Health Centre,FBO,6.67727,-0.74484,GPS,GHA,Health Centre,2.0,Tier2 health center
Ghana,Eastern,Abiriw Clinic,Clinic,MoH,5.979867,-0.089267,GPS,GHA,Health Clinic,2.0,Tier2 health center
Ghana,Eastern,Abomosu Health Centre,Health Centre,MoH,6.30049,-0.73393,GPS,GHA,Health Centre,2.0,Tier2 health center
Ghana,Eastern,Abompe Community-based Health Planning and Services,Community-based Health Planning and Services,MoH,6.196256,-0.879633,Other,GHA,Community Health Unit,1.0,Tier1 health post
Ghana,Eastern,Abotanso Community-based Health Planning and Services,Community-based Health Planning and Services,MoH,6.053497,-0.275395,Other,GHA,Community Health Unit,1.0,Tier1 health post
Ghana,Eastern,Achiase Health Centre,Health Centre,MoH,5.844417,-1.000667,GPS,GHA,Health Centre,2.0,Tier2 health center
Ghana,Eastern,Adausena Community-based Health Planning and Services,Community-based Health Planning and Services,MoH,6.34855,-1.0531,GPS,GHA,Community Health Unit,1.0,Tier1 health post
Ghana,Eastern,Adawso Health Centre,Health Centre,MoH,5.94825,-0.21067,GPS,GHA,Health Centre,2.0,Tier2 health center
Ghana,Eastern,Adeiso Health Centre,Health Centre,MoH,5.79986,-0.49067,GPS,GHA,Health Centre,2.0,Tier2 health center
Ghana,Eastern,Adjena Health Centre,Health Centre,MoH,6.289262,0.054042,Combination,GHA,Health Centre,2.0,Tier2 health center
Ghana,Eastern,Adjobue Community-based Health Planning and Services,Community-based Health Planning and Services,MoH,5.95915,-1.077867,GPS,GHA,Community Health Unit,1.0,Tier1 health post
Ghana,Eastern,Adoagire Hospital,Hospital,FBO,5.82287,-0.36002,GPS,GHA,Hospital,3.0,Tier3 provincial hospital
Ghana,Eastern,Adubease Community-based Health Planning and Services,Community-based Health Planning and Services,MoH,6.053033,-1.1652,GPS,GHA,Community Health Unit,1.0,Tier1 health post
Ghana,Eastern,Adukrom Health Centre,Health Centre,MoH,6.00807,-0.08046,GPS,GHA,Health Centre,2.0,Tier2 health center
Ghana,Eastern,Adwafo Community-based Health Planning and Services,Community-based Health Planning and Services,MoH,6.19017,-1.05225,GPS,GHA,Community Health Unit,1.0,Tier1 health post
Ghana,Eastern,Agavenya Community-based Health Planning and Services,Community-based Health Planning and Services,MoH,6.06654,-0.22389,GPS,GHA,Community Health Unit,1.0,Tier1 health post
Ghana,Eastern,Agogo Health Centre,Health Centre,MoH,6.25118,-0.22204,GPS,GHA,Health Centre,2.0,Tier2 health center
Ghana,Eastern,Ahinkwa Community-based Health Planning and Services,Community-based Health Planning and Services,MoH,6.323034,-0.334022,Other,GHA,Community Health Unit,1.0,Tier1 health post
Ghana,Eastern,Akenkenso Community Clinic,Clinic,MoH,5.82455,-1.13002,GPS,GHA,Health Clinic,2.0,Tier2 health center
Ghana,Eastern,Akim Bremang Community-based Health Planning and Services,Community-based Health Planning and Services,MoH,5.77284,-0.60866,GPS,GHA,Community Health Unit,1.0,Tier1 health post
Ghana,Eastern,Akim Oda District Hospital,District Hospital,MoH,5.92785,-0.98527,GPS,GHA,Hospital,3.0,Tier3 provincial hospital
Ghana,Eastern,Akote Community-based Health Planning and Services,Community-based Health Planning and Services,MoH,,,,GHA,Community Health Unit,1.0,Tier1 health post
Ghana,Eastern,Akotekrom Community-based Health Planning and Services,Community-based Health Planning and Services,MoH,5.86641,-1.15476,GPS,GHA,Community Health Unit,1.0,Tier1 health post
Ghana,Eastern,Akpamu Community-based Health Planning and Services,Community-based Health Planning and Services,MoH,6.176183,-0.235628,Google Earth,GHA,Community Health Unit,1.0,Tier1 health post
Ghana,Eastern,Akropong Health Centre,Health Centre,MoH,5.98148,-0.0779,GPS,GHA,Health Centre,2.0,Tier2 health center
Ghana,Eastern,Akroso Health Centre,Health Centre,MoH,5.7654,-0.76977,GPS,GHA,Health Centre,2.0,Tier2 health center
Ghana,Eastern,Akuse Government Hospital,Hospital,MoH,6.09765,0.125167,GPS,GHA,Hospital,3.0,Tier3 provincial hospital
Ghana,Eastern,Akwamufie Health Centre,Health Centre,MoH,6.279214,0.076916,Combination,GHA,Health Centre,2.0,Tier2 health center
Ghana,Eastern,Amanfrom Community-based Health Planning and Services,Community-based Health Planning and Services,MoH,6.10567,-0.51909,GPS,GHA,Community Health Unit,1.0,Tier1 health post
Ghana,Eastern,Amoana Paroso Community Clinic,Clinic,MoH,6.51096,-0.9788,GPS,GHA,Health Clinic,2.0,Tier2 health center
Ghana,Eastern,Anweam Community-based Health Planning and Services,Community-based Health Planning and Services,MoH,6.227953,-0.94669,Other,GHA,Community Health Unit,1.0,Tier1 health post
Ghana,Eastern,Anyinam Health Centre,Health Centre,MoH,6.27449,-0.54686,GPS,GHA,Health Centre,2.0,Tier2 health center
Ghana,Eastern,Anyinase Health Centre,Health Centre,MoH,5.994167,-1.052133,GPS,GHA,Health Centre,2.0,Tier2 health center
Ghana,Eastern,Apapam Community-based Health Planning and Services,Community-based Health Planning and Services,MoH,6.148033,-0.596017,GPS,GHA,Community Health Unit,1.0,Tier1 health post
Ghana,Eastern,Apedwa Health Centre,Health Centre,MoH,6.135767,-0.4941,GPS,GHA,Health Centre,2.0,Tier2 health center
Ghana,Eastern,Apoli Community-based Health Planning and Services,Community-based Health Planning and Services,MoH,5.94472,-1.15134,GPS,GHA,Community Health Unit,1.0,Tier1 health post
Ghana,Eastern,Aponoapono Community-based Health Planning and Services,Community-based Health Planning and Services,MoH,6.055266,-0.499934,Other,GHA,Community Health Unit,1.0,Tier1 health post
Ghana,Eastern,Aprade Health Centre,Health Centre,MoH,5.79261,-1.09415,GPS,GHA,Health Centre,2.0,Tier2 health center
Ghana,Eastern,Asafo Health Centre,Health Centre,MoH,6.1095,-0.47282,GPS,GHA,Health Centre,2.0,Tier2 health center
Ghana,Eastern,Asamankese Government District Hospital,District Hospital,MoH,5.85455,-0.67891,GPS,GHA,Hospital,3.0,Tier3 provincial hospital
Ghana,Eastern,Asesewa Hospital,Hospital,MoH,6.40154,-0.14682,GPS,GHA,Hospital,3.0,Tier3 provincial hospital
Ghana,Eastern,Asiakwa Health Centre,Health Centre,MoH,6.26179,-0.50206,GPS,GHA,Health Centre,2.0,Tier2 health center
Ghana,Eastern,Asikasu Community-based Health Planning and Services,Community-based Health Planning and Services,MoH,5.775805,-0.561974,Other,GHA,Community Health Unit,1.0,Tier1 health post
Ghana,Eastern,Asikasu Community-based Health Planning and Services,Community-based Health Planning and Services,MoH,5.77744,-0.56414,GPS,GHA,Community Health Unit,1.0,Tier1 health post
Ghana,Eastern,Asuboi Health Centre,Health Centre,MoH,5.9509,-0.41545,GPS,GHA,Health Centre,2.0,Tier2 health center
Ghana,Eastern,Asuom Health Centre,Health Centre,MoH,6.277,-0.86879,GPS,GHA,Health Centre,2.0,Tier2 health center
Ghana,Eastern,Atekyem Community-based Health Planning and Services,Community-based Health Planning and Services,MoH,,,,GHA,Community Health Unit,1.0,Tier1 health post
Ghana,Eastern,Atibie Government District Hospital,District Hospital,MoH,6.58119,-0.73417,GPS,GHA,Hospital,3.0,Tier3 provincial hospital
Ghana,Eastern,Atua Government District Hospital,District Hospital,MoH,6.119267,-0.00193,GPS,GHA,Hospital,3.0,Tier3 provincial hospital
Ghana,Eastern,Atuobikrom Community-based Health Planning and Services,Community-based Health Planning and Services,MoH,6.65979,-0.87424,GPS,GHA,Community Health Unit,1.0,Tier1 health post
Ghana,Eastern,Awueregya Community-based Health Planning and Services,Community-based Health Planning and Services,MoH,6.273417,-0.993,GPS,GHA,Community Health Unit,1.0,Tier1 health post
Ghana,Eastern,Ayensu Community-based Health Planning and Services,Community-based Health Planning and Services,MoH,6.3333,0.1166,Other,GHA,Community Health Unit,1.0,Tier1 health post
Ghana,Eastern,Ayirebi Health Centre,Health Centre,MoH,6.08511,-1.12085,GPS,GHA,Health Centre,2.0,Tier2 health center
Ghana,Eastern,Begoro District Hospital,District Hospital,MoH,6.39813,-0.36885,GPS,GHA,Hospital,3.0,Tier3 provincial hospital
Ghana,Eastern,Bepoase Community-based Health Planning and Services,Community-based Health Planning and Services,MoH,6.315802,-0.30335,Other,GHA,Community Health Unit,1.0,Tier1 health post
Ghana,Eastern,Bepong Community Clinic,Clinic,MoH,6.59166,-0.49836,GPS,GHA,Health Clinic,2.0,Tier2 health center
Ghana,Eastern,Bepong Community Clinic,Clinic,MoH,6.59934,-0.70924,GPS,GHA,Health Clinic,2.0,Tier2 health center
Ghana,Eastern,Betom Community-based Health Planning and Services,Community-based Health Planning and Services,MoH,,,,GHA,Community Health Unit,1.0,Tier1 health post
Ghana,Eastern,Bishop Evangelical Community Clinic,Clinic,FBO,6.1204,-0.16421,GPS,GHA,Health Clinic,2.0,Tier2 health center
Ghana,Eastern,Boadua Community-based Health Planning and Services,Community-based Health Planning and Services,MoH,6.0531,-0.79554,GPS,GHA,Community Health Unit,1.0,Tier1 health post
Ghana,Eastern,Bomponso Community-based Health Planning and Services,Community-based Health Planning and Services,MoH,6.165933,-0.392917,GPS,GHA,Community Health Unit,1.0,Tier1 health post
Ghana,Eastern,Bonsu Health Centre,Health Centre,MoH,6.2827,-0.46385,GPS,GHA,Health Centre,2.0,Tier2 health center
Ghana,Eastern,Boso Health Centre,Health Centre,MoH,6.50077,0.13783,GPS,GHA,Health Centre,2.0,Tier2 health center
Ghana,Eastern,Bosuso Health Centre,Health Centre,MoH,6.29669,-0.40757,GPS,GHA,Health Centre,2.0,Tier2 health center
Ghana,Eastern,Brekumanso Health Centre,Health Centre,MoH,5.91129,-0.62467,GPS,GHA,Health Centre,2.0,Tier2 health center
Ghana,Eastern,Brenase Health Centre,Health Centre,MoH,6.18449,-1.14121,GPS,GHA,Health Centre,2.0,Tier2 health center
Ghana,Eastern,Bruben Community-based Health Planning and Services,Community-based Health Planning and Services,MoH,,,,GHA,Community Health Unit,1.0,Tier1 health post
Ghana,Eastern,Bukunor Comm Clinic,Clinic,MoH,6.22961,-0.10651,GPS,GHA,Health Clinic,2.0,Tier2 health center
Ghana,Eastern,Debrakrom Community-based Health Planning and Services,Community-based Health Planning and Services,MoH,,,,GHA,Community Health Unit,1.0,Tier1 health post
Ghana,Eastern,Densuoano Clinic,Clinic,MoH,6.07298,-0.28757,GPS,GHA,Health Clinic,2.0,Tier2 health center
Ghana,Eastern,Dodi ASantékrom Community-based Health Planning and Services,Community-based Health Planning and Services,MoH,6.5515,0.1562,Combination,GHA,Community Health Unit,1.0,Tier1 health post
Ghana,Eastern,Dokrochiwa Health Centre,Health Centre,MoH,5.92898,-0.51504,GPS,GHA,Health Centre,2.0,Tier2 health center
Ghana,Eastern,Donkorkrom Presby District Hospital,District Hospital,FBO,7.04888,-0.07725,GPS,GHA,Hospital,3.0,Tier3 provincial hospital
Ghana,Eastern,Doudukrom Community-based Health Planning and Services,Community-based Health Planning and Services,MoH,,,,GHA,Community Health Unit,1.0,Tier1 health post
Ghana,Eastern,Dwenease Community-based Health Planning and Services,Community-based Health Planning and Services,MoH,6.36889,-0.46974,GPS,GHA,Community Health Unit,1.0,Tier1 health post
Ghana,Eastern,Ehiamenkyene Community-based Health Planning and Services,Community-based Health Planning and Services,MoH,6.32685,-0.32031,GPS,GHA,Community Health Unit,1.0,Tier1 health post
Ghana,Eastern,Ekye Health Centre,Health Centre,MoH,6.75602,-0.50408,GPS,GHA,Health Centre,2.0,Tier2 health center
Ghana,Eastern,Ekye Island Community-based Health Planning and Services,Community-based Health Planning and Services,MoH,7.123207,0.134355,Combination,GHA,Community Health Unit,1.0,Tier1 health post
Ghana,Eastern,Enyiresi District Hospital,District Hospital,MoH,6.43727,-0.58676,GPS,GHA,Hospital,3.0,Tier3 provincial hospital
Ghana,Eastern,Essam Community-based Health Planning and Services,Community-based Health Planning and Services,MoH,6.017517,-0.977433,GPS,GHA,Community Health Unit,1.0,Tier1 health post
Ghana,Eastern,Fofori Community Clinic,Clinic,MoH,6.83016,-0.15398,GPS,GHA,Health Clinic,2.0,Tier2 health center
Ghana,Eastern,Godziase Community-based Health Planning and Services,Community-based Health Planning and Services,MoH,,,,GHA,Community Health Unit,1.0,Tier1 health post
Ghana,Eastern,Gyaha Community Clinic,Clinic,MoH,6.058217,-0.973683,GPS,GHA,Health Clinic,2.0,Tier2 health center
Ghana,Eastern,Holy Family District Hospital,District Hospital,FBO,6.47555,-0.77237,GPS,GHA,Hospital,3.0,Tier3 provincial hospital
Ghana,Eastern,Island Community-based Health Planning and Services,Community-based Health Planning and Services,MoH,7.108824,0.127056,Combination,GHA,Community Health Unit,1.0,Tier1 health post
Ghana,Eastern,James Town Community-based Health Planning and Services,Community-based Health Planning and Services,MoH,6.264429,-0.996762,Other,GHA,Community Health Unit,1.0,Tier1 health post
Ghana,Eastern,Jumapo Health Centre,Health Centre,MoH,6.159,-0.29751,GPS,GHA,Health Centre,2.0,Tier2 health center
Ghana,Eastern,Kade District Hospital,District Hospital,MoH,6.27345,-0.992983,GPS,GHA,Hospital,3.0,Tier3 provincial hospital
Ghana,Eastern,Kentenkye Community-based Health Planning and Services,Community-based Health Planning and Services,MoH,,,,GHA,Community Health Unit,1.0,Tier1 health post
Ghana,Eastern,Kodikofe Community-based Health Planning and Services,Community-based Health Planning and Services,MoH,6.4368,0.0739,Combination,GHA,Community Health Unit,1.0,Tier1 health post
Ghana,Eastern,Koforidua Regional Hospital,Regional Hospital,MoH,6.09664,-0.25719,GPS,GHA,Hospital,3.0,Tier3 provincial hospital
Ghana,Eastern,Koforidua SDA Clinic,Clinic,FBO,6.097286,-0.264636,Combination,GHA,Health Clinic,2.0,Tier2 health center
Ghana,Eastern,Kom Clinic,Clinic,FBO,5.88058,-0.17076,GPS,GHA,Health Clinic,2.0,Tier2 health center
Ghana,Eastern,Koransang Community-based Health Planning and Services,Community-based Health Planning and Services,MoH,6.015598,-0.315817,Other,GHA,Community Health Unit,1.0,Tier1 health post
Ghana,Eastern,Kukua Community-based Health Planning and Services,Community-based Health Planning and Services,MoH,5.994817,-0.328475,Other,GHA,Community Health Unit,1.0,Tier1 health post
Ghana,Eastern,Kusi Community-based Health Planning and Services,Community-based Health Planning and Services,MoH,6.031381,-0.87361,Other,GHA,Community Health Unit,1.0,Tier1 health post
Ghana,Eastern,Kwae Community-based Health Planning and Services,Community-based Health Planning and Services,MoH,6.119831,-0.926817,Combination,GHA,Community Health Unit,1.0,Tier1 health post
Ghana,Eastern,Kwahu Jejeti Community Clinic,Clinic,MoH,6.46937,-0.66913,GPS,GHA,Health Clinic,2.0,Tier2 health center
Ghana,Eastern,Kwahu Praso Presby Health Centre,Health Centre,FBO,6.618357,-0.912191,Other,GHA,Health Centre,2.0,Tier2 health center
Ghana,Eastern,Kwamang Community-based Health Planning and Services,Community-based Health Planning and Services,MoH,,,,GHA,Community Health Unit,1.0,Tier1 health post
Ghana,Eastern,Kwasi Fante Health Centre,Health Centre,FBO,7.03088,-0.48919,GPS,GHA,Health Centre,2.0,Tier2 health center
Ghana,Eastern,Kwasi Komfo Community-based Health Planning and Services,Community-based Health Planning and Services,MoH,6.066933,-0.550117,GPS,GHA,Community Health Unit,1.0,Tier1 health post
Ghana,Eastern,Kwatanang Community-based Health Planning and Services,Community-based Health Planning and Services,MoH,6.168101,-0.875204,Google Earth,GHA,Community Health Unit,1.0,Tier1 health post
Ghana,Eastern,Kyebi Government District Hospital,District Hospital,MoH,6.16775,-0.55446,GPS,GHA,Hospital,3.0,Tier3 provincial hospital
Ghana,Eastern,Larbikrom Community-based Health Planning and Services,Community-based Health Planning and Services,MoH,6.354933,-0.95565,GPS,GHA,Community Health Unit,1.0,Tier1 health post
Ghana,Eastern,Larteh Health Centre,Health Centre,MoH,5.93509,-0.07314,GPS,GHA,Health Centre,2.0,Tier2 health center
Ghana,Eastern,Maame Krobo Community-based Health Planning and Services,Community-based Health Planning and Services,MoH,6.95264,-0.43709,GPS,GHA,Community Health Unit,1.0,Tier1 health post
Ghana,Eastern,Magazine Community-based Health Planning and Services,Community-based Health Planning and Services,MoH,6.1153,-0.242817,GPS,GHA,Community Health Unit,1.0,Tier1 health post
Ghana,Eastern,Mangoase Health Centre,Health Centre,MoH,5.9524,-0.28489,GPS,GHA,Health Centre,2.0,Tier2 health center
Ghana,Eastern,Manso Community-based Health Planning and Services,Community-based Health Planning and Services,MoH,5.86613,-0.87171,GPS,GHA,Community Health Unit,1.0,Tier1 health post
Ghana,Eastern,Memchemfre Community-based Health Planning and Services,Community-based Health Planning and Services,MoH,6.933,-0.02507,GPS,GHA,Community Health Unit,1.0,Tier1 health post
Ghana,Eastern,Mfranta Community-based Health Planning and Services,Community-based Health Planning and Services,MoH,5.993673,-0.525819,Other,GHA,Community Health Unit,1.0,Tier1 health post
Ghana,Eastern,Mukyia Community-based Health Planning and Services,Community-based Health Planning and Services,MoH,6.06813,-1.05244,GPS,GHA,Community Health Unit,1.0,Tier1 health post
Ghana,Eastern,Nanabanyin Community-based Health Planning and Services,Community-based Health Planning and Services,MoH,6.06602,-0.19906,GPS,GHA,Community Health Unit,1.0,Tier1 health post
Ghana,Eastern,New Abirem District Hospital,District Hospital,MoH,6.33577,-0.99725,GPS,GHA,Hospital,3.0,Tier3 provincial hospital
Ghana,Eastern,New Dodi Community-based Health Planning and Services,Community-based Health Planning and Services,MoH,6.5229,0.1534,Combination,GHA,Community Health Unit,1.0,Tier1 health post
Ghana,Eastern,New Zongo Community Clinic,Clinic,MoH,6.1081,-0.25595,GPS,GHA,Health Clinic,2.0,Tier2 health center
Ghana,Eastern,Nkankama Community-based Health Planning and Services,Community-based Health Planning and Services,MoH,6.42889,-0.28631,GPS,GHA,Community Health Unit,1.0,Tier1 health post
Ghana,Eastern,Nkawkaw PHC Clinic,Clinic,FBO,6.54751,-0.77313,GPS,GHA,Health Clinic,2.0,Tier2 health center
Ghana,Eastern,Nkwateng Community-based Health Planning and Services,Community-based Health Planning and Services,MoH,6.26602,-1.07232,GPS,GHA,Community Health Unit,1.0,Tier1 health post
Ghana,Eastern,Nkwatia Health Centre,Health Centre,MoH,6.62742,-0.73549,GPS,GHA,Health Centre,2.0,Tier2 health center
Ghana,Eastern,Nkyenekyene Health Centre,Health Centre,MoH,6.70309,-0.55157,GPS,GHA,Health Centre,2.0,Tier2 health center
Ghana,Eastern,No.4 Community-based Health Planning and Services,Community-based Health Planning and Services,MoH,,,,GHA,Community Health Unit,1.0,Tier1 health post
Ghana,Eastern,Notre Dame Clinic,Clinic,FBO,5.818083,-0.359267,GPS,GHA,Health Clinic,2.0,Tier2 health center
Ghana,Eastern,Nsawam District Hospital,District Hospital,MoH,5.81045,-0.33749,GPS,GHA,Hospital,3.0,Tier3 provincial hospital
Ghana,Eastern,Nsutapong Community-based Health Planning and Services,Community-based Health Planning and Services,MoH,6.27706,-0.27617,GPS,GHA,Community Health Unit,1.0,Tier1 health post
Ghana,Eastern,Ntonaboma Community-based Health Planning and Services,Community-based Health Planning and Services,MoH,,,,GHA,Community Health Unit,1.0,Tier1 health post
Ghana,Eastern,Ntronang St. Michael's Clinic,Clinic,FBO,6.34166,-1.0784,GPS,GHA,Health Clinic,2.0,Tier2 health center
Ghana,Eastern,Nyamekrom Community-based Health Planning and Services,Community-based Health Planning and Services,MoH,6.085033,-0.296251,Google Earth,GHA,Community Health Unit,1.0,Tier1 health post
Ghana,Eastern,Obenyemi Community-based Health Planning and Services,Community-based Health Planning and Services,MoH,6.150171,-0.071316,Other,GHA,Community Health Unit,1.0,Tier1 health post
Ghana,Eastern,Obo Health Centre,Health Centre,MoH,6.60224,-0.77052,GPS,GHA,Health Centre,2.0,Tier2 health center
Ghana,Eastern,Obomeng Community Clinic,Clinic,MoH,6.59396,-0.75476,GPS,GHA,Health Clinic,2.0,Tier2 health center
Ghana,Eastern,Obomofodensua Community-based Health Planning and Services,Community-based Health Planning and Services,MoH,6.10274,-0.41246,GPS,GHA,Community Health Unit,1.0,Tier1 health post
Ghana,Eastern,Obopa Clinic,Clinic,MoH,6.17388,-0.03981,GPS,GHA,Health Clinic,2.0,Tier2 health center
Ghana,Eastern,Obothebire Community-based Health Planning and Services,Community-based Health Planning and Services,MoH,5.85856,-0.2819,GPS,GHA,Community Health Unit,1.0,Tier1 health post
Ghana,Eastern,Obretema Community-based Health Planning and Services,Community-based Health Planning and Services,MoH,6.067968,-0.492037,Other,GHA,Community Health Unit,1.0,Tier1 health post
Ghana,Eastern,Oda Nkwanta Community-based Health Planning and Services,Community-based Health Planning and Services,MoH,5.98137,-1.0152,GPS,GHA,Community Health Unit,1.0,Tier1 health post
Ghana,Eastern,Odumase Clinic,Clinic,MoH,6.137883,0.006167,GPS,GHA,Health Clinic,2.0,Tier2 health center
Ghana,Eastern,Ofoase St. John's Clinic,Clinic,FBO,6.17015,-1.1395,GPS,GHA,Health Clinic,2.0,Tier2 health center
Ghana,Eastern,Ohema Park Community-based Health Planning and Services,Community-based Health Planning and Services,MoH,6.087166,-0.263884,Combination,GHA,Community Health Unit,1.0,Tier1 health post
Ghana,Eastern,Okaikrom Community Clinic,Clinic,MoH,6.27356,-0.99296,GPS,GHA,Health Clinic,2.0,Tier2 health center
Ghana,Eastern,Okrakwadwo Health Centre,Health Centre,MoH,6.10866,-0.10573,GPS,GHA,Health Centre,2.0,Tier2 health center
Ghana,Eastern,Okumaning Community-based Health Planning and Services,Community-based Health Planning and Services,MoH,6.12206,-0.91024,GPS,GHA,Community Health Unit,1.0,Tier1 health post
Ghana,Eastern,Okyenso Community-based Health Planning and Services,Community-based Health Planning and Services,MoH,6.21626,-0.78878,GPS,GHA,Community Health Unit,1.0,Tier1 health post
Ghana,Eastern,Old Akrade Community-based Health Planning and Services,Community-based Health Planning and Services,MoH,6.2464,0.1048,Combination,GHA,Community Health Unit,1.0,Tier1 health post
Ghana,Eastern,Onyemso Community-based Health Planning and Services,Community-based Health Planning and Services,MoH,6.273433,-0.992933,GPS,GHA,Community Health Unit,1.0,Tier1 health post
Ghana,Eastern,Opersika Community-based Health Planning and Services,Community-based Health Planning and Services,MoH,6.21998,-0.24578,GPS,GHA,Community Health Unit,1.0,Tier1 health post
Ghana,Eastern,Osenase Health Centre,Health Centre,MoH,5.960167,-0.75765,GPS,GHA,Health Centre,2.0,Tier2 health center
Ghana,Eastern,Osiabura Community-based Health Planning and Services,Community-based Health Planning and Services,MoH,6.374734,0.188292,Other,GHA,Community Health Unit,1.0,Tier1 health post
Ghana,Eastern,Osino Health Centre,Health Centre,MoH,6.3425,-0.48124,GPS,GHA,Health Centre,2.0,Tier2 health center
Ghana,Eastern,Otoase  Community-based Health Planning and Services,Community-based Health Planning and Services,MoH,5.853889,-0.416667,Geonames,GHA,Community Health Unit,1.0,Tier1 health post
Ghana,Eastern,Oyoko Health Centre,Health Centre,MoH,6.13825,-0.29131,GPS,GHA,Health Centre,2.0,Tier2 health center
Ghana,Eastern,Pakro Health Centre,Health Centre,MoH,5.905683,-0.319083,GPS,GHA,Health Centre,2.0,Tier2 health center
Ghana,Eastern,Pankese Community-based Health Planning and Services,Community-based Health Planning and Services,MoH,6.50822,-0.84364,GPS,GHA,Community Health Unit,1.0,Tier1 health post
Ghana,Eastern,Pepease Health Centre,Health Centre,MoH,6.69176,-0.74266,GPS,GHA,Health Centre,2.0,Tier2 health center
Ghana,Eastern,Ponponya Community-based Health Planning and Services,Community-based Health Planning and Services,MoH,6.293182,-0.04868,Other,GHA,Community Health Unit,1.0,Tier1 health post
Ghana,Eastern,Pramkese Health Centre,Health Centre,MoH,6.13266,-0.76533,GPS,GHA,Health Centre,2.0,Tier2 health center
Ghana,Eastern,Praso Health Centre,Health Centre,MoH,6.61469,-0.85921,GPS,GHA,Health Centre,2.0,Tier2 health center
Ghana,Eastern,Sacred Heart Clinic,Clinic,FBO,6.190667,-0.3679,GPS,GHA,Health Clinic,2.0,Tier2 health center
Ghana,Eastern,Salvation Army Clinic,Clinic,FBO,5.99456,-0.92261,GPS,GHA,Health Clinic,2.0,Tier2 health center
Ghana,Eastern,Salvation Army Clinic,Clinic,FBO,6.4913,0.156833,GPS,GHA,Health Clinic,2.0,Tier2 health center
Ghana,Eastern,Samanhyia Community-based Health Planning and Services,Community-based Health Planning and Services,MoH,6.99057,-0.16728,GPS,GHA,Community Health Unit,1.0,Tier1 health post
Ghana,Eastern,Sappor Community-based Health Planning and Services,Community-based Health Planning and Services,MoH,6.25,0.0166,Other,GHA,Community Health Unit,1.0,Tier1 health post
Ghana,Eastern,Sedom Community-based Health Planning and Services,Community-based Health Planning and Services,MoH,6.333,0.016,Encarta,GHA,Community Health Unit,1.0,Tier1 health post
Ghana,Eastern,Sekesua Clinic,Clinic,MoH,6.31435,-0.1001,GPS,GHA,Health Clinic,2.0,Tier2 health center
Ghana,Eastern,Sekyere St. Monica Clinic,Clinic,MoH,6.44415,-0.61629,GPS,GHA,Health Clinic,2.0,Tier2 health center
Ghana,Eastern,Sisiamang Yiti Community-based Health Planning and Services,Community-based Health Planning and Services,MoH,6.435306,-0.182103,Other,GHA,Community Health Unit,1.0,Tier1 health post
Ghana,Eastern,Soabe Community-based Health Planning and Services,Community-based Health Planning and Services,MoH,5.978,-0.904,Encarta,GHA,Community Health Unit,1.0,Tier1 health post
Ghana,Eastern,Somanya Clinic,Clinic,MoH,6.130349,-0.01518,GPS,GHA,Health Clinic,2.0,Tier2 health center
Ghana,Eastern,St Johns Clinic,Clinic,FBO,6.164951,-1.141245,Combination,GHA,Health Clinic,2.0,Tier2 health center
Ghana,Eastern,St Josephs Hospital,Hospital,FBO,6.11547,-0.24288,GPS,GHA,Hospital,3.0,Tier3 provincial hospital
Ghana,Eastern,St Martins Hospital,Hospital,FBO,6.14498,-0.01469,GPS,GHA,Hospital,3.0,Tier3 provincial hospital
Ghana,Eastern,St. Dominic Hospital,Hospital,FBO,6.04714,-0.79787,GPS,GHA,Hospital,3.0,Tier3 provincial hospital
Ghana,Eastern,St. Lukes Clinic,Clinic,FBO,6.54857,-0.86622,GPS,GHA,Health Clinic,2.0,Tier2 health center
Ghana,Eastern,St. Theresa Clinic,Clinic,FBO,5.76757,-0.77067,GPS,GHA,Health Clinic,2.0,Tier2 health center
Ghana,Eastern,Subimann Clinic,Clinic,MoH,6.12898,-0.85506,GPS,GHA,Health Clinic,2.0,Tier2 health center
Ghana,Eastern,Suhum Government District Hospital,District Hospital,MoH,6.0373,-0.44543,GPS,GHA,Hospital,3.0,Tier3 provincial hospital
Ghana,Eastern,Tadankro Community-based Health Planning and Services,Community-based Health Planning and Services,MoH,5.91265,-0.19193,GPS,GHA,Community Health Unit,1.0,Tier1 health post
Ghana,Eastern,Tafo Governmentt Hospital,Hospital,MoH,6.23163,-0.3662,GPS,GHA,Hospital,3.0,Tier3 provincial hospital
Ghana,Eastern,Takrowase Health Centre,Health Centre,MoH,6.02534,-0.88505,GPS,GHA,Health Centre,2.0,Tier2 health center
Ghana,Eastern,Teachermante Community-based Health Planning and Services,Community-based Health Planning and Services,MoH,5.9,-0.4,Other,GHA,Community Health Unit,1.0,Tier1 health post
Ghana,Eastern,Tease Health Centre,Health Centre,FBO,6.93586,-0.25254,GPS,GHA,Health Centre,2.0,Tier2 health center
Ghana,Eastern,Tetteh Quarshie Memorial District Hospital,District Hospital,MoH,5.92163,-0.13319,GPS,GHA,Hospital,3.0,Tier3 provincial hospital
Ghana,Eastern,Topremang Community-based Health Planning and Services,Community-based Health Planning and Services,MoH,6.05531,-0.76602,GPS,GHA,Community Health Unit,1.0,Tier1 health post
Ghana,Eastern,Tortibo Community-based Health Planning and Services,Community-based Health Planning and Services,MoH,6.264697,0.024282,Other,GHA,Community Health Unit,1.0,Tier1 health post
Ghana,Eastern,Twum Guaso Community-based Health Planning and Services,Community-based Health Planning and Services,MoH,6.04426,-0.16591,GPS,GHA,Community Health Unit,1.0,Tier1 health post
Ghana,Eastern,Wurapong Community-based Health Planning and Services,Community-based Health Planning and Services,MoH,6.233604,-0.276566,Other,GHA,Community Health Unit,1.0,Tier1 health post
Ghana,Greater Accra,Abokobi Health Centre,Health Centre,MoH,5.735,-0.20301,Combination,GHA,Health Centre,2.0,Tier2 health center
Ghana,Greater Accra,Achimota Hospital,Hospital,MoH,5.609531,-0.228106,Other,GHA,Hospital,3.0,Tier3 provincial hospital
Ghana,Greater Accra,Achimota Hospital,Hospital,MoH,5.62922,-0.21476,GPS,GHA,Hospital,3.0,Tier3 provincial hospital
Ghana,Greater Accra,Ada Health Centre,Health Centre,MoH,5.779,0.625,Combination,GHA,Health Centre,2.0,Tier2 health center
Ghana,Greater Accra,Adabraka Polyclinic,Polyclinic,MoH,5.56129,-0.20477,GPS,GHA,Polyclinic,4.0,Tier4 central hospital
Ghana,Greater Accra,Agomeda Community Clinic,Clinic,MoH,5.98033,0.0099,GPS,GHA,Health Clinic,2.0,Tier2 health center
Ghana,Greater Accra,Alpha Medical Centre,Health Centre,FBO,5.66423,-0.15746,GPS,GHA,Health Centre,2.0,Tier2 health center
Ghana,Greater Accra,Amasaman Health Centre,Health Centre,MoH,5.70185,-0.29998,GPS,GHA,Health Centre,2.0,Tier2 health center
Ghana,Greater Accra,Ananda Marga Primary Health Clinic,Clinic,FBO,5.6222,-0.3971,Combination,GHA,Health Clinic,2.0,Tier2 health center
Ghana,Greater Accra,Anyamam Clinic,Clinic,MoH,5.79134,0.36983,GPS,GHA,Health Clinic,2.0,Tier2 health center
Ghana,Greater Accra,Ashaiman Health Centre,Health Centre,MoH,5.68576,-0.03945,GPS,GHA,Health Centre,2.0,Tier2 health center
Ghana,Greater Accra,Beach Community Clinic (Ga Mantse Community Clinic),Clinic,MoH,5.53312,-0.21164,GPS,GHA,Health Clinic,2.0,Tier2 health center
Ghana,Greater Accra,Bornikope Health Centre,Health Centre,MoH,5.84672,0.40386,GPS,GHA,Health Centre,2.0,Tier2 health center
Ghana,Greater Accra,CDH Weija Clinic,Clinic,MoH,5.5656,-0.28957,GPS,GHA,Health Clinic,2.0,Tier2 health center
Ghana,Greater Accra,Christian Medical Centre,Hospital,FBO,5.60656,-0.07769,GPS,GHA,Hospital,3.0,Tier3 provincial hospital
Ghana,Greater Accra,Civil Service Clinic,Clinic,MoH,5.554243,-0.178901,Combination,GHA,Health Clinic,2.0,Tier2 health center
Ghana,Greater Accra,Danfa Health Centre,Health Centre,MoH,5.78942,-0.15948,GPS,GHA,Health Centre,2.0,Tier2 health center
Ghana,Greater Accra,Dangme East District Hospital,District Hospital,MoH,5.88888,0.56949,GPS,GHA,Hospital,3.0,Tier3 provincial hospital
Ghana,Greater Accra,Dansoman Health Centre,Health Centre,MoH,5.56125,-0.26,GPS,GHA,Health Centre,2.0,Tier2 health center
Ghana,Greater Accra,Dawhenya  Clinic,Clinic,MoH,5.76708,0.05434,GPS,GHA,Health Clinic,2.0,Tier2 health center
Ghana,Greater Accra,Dodowa Health Centre,Health Centre,MoH,5.88556,-0.09225,GPS,GHA,Health Centre,2.0,Tier2 health center
Ghana,Greater Accra,Dome Sampah-mang Community-based Health Planning and Services,Community-based Health Planning and Services,MoH,5.71916,-0.36576,GPS,GHA,Community Health Unit,1.0,Tier1 health post
Ghana,Greater Accra,Fahd Al-Marzouq Clinic,Clinic,FBO,5.58522,-0.19976,GPS,GHA,Health Clinic,2.0,Tier2 health center
Ghana,Greater Accra,Hajj Abdulai Yaro's Memorial Clinic,Clinic,FBO,5.58254,-0.19682,GPS,GHA,Health Clinic,2.0,Tier2 health center
Ghana,Greater Accra,Iran Clinic,Clinic,FBO,5.568,-0.21248,GPS,GHA,Health Clinic,2.0,Tier2 health center
Ghana,Greater Accra,Kaneshie Polyclinic,Polyclinic,MoH,5.57446,-0.23074,GPS,GHA,Polyclinic,4.0,Tier4 central hospital
Ghana,Greater Accra,Kasseh Health Centre,Health Centre,MoH,5.89665,0.52294,GPS,GHA,Health Centre,2.0,Tier2 health center
Ghana,Greater Accra,Kokrobite Community Clinic,Clinic,MoH,5.50179,-0.37017,GPS,GHA,Health Clinic,2.0,Tier2 health center
Ghana,Greater Accra,Kokrobite Community-based Health Planning and Services,Community-based Health Planning and Services,MoH,5.50209,-0.37027,GPS,GHA,Community Health Unit,1.0,Tier1 health post
Ghana,Greater Accra,Korle-Bu Polyclinic,Teaching Hospital,MoH,5.535355,-0.22929,Combination,GHA,Hospital,3.0,Tier3 provincial hospital
Ghana,Greater Accra,Korle-Gonno Polyclinic,Polyclinic,MoH,5.53736,-0.22312,GPS,GHA,Polyclinic,4.0,Tier4 central hospital
Ghana,Greater Accra,Kpone Health Centre,Health Centre,MoH,5.69206,0.05842,GPS,GHA,Health Centre,2.0,Tier2 health center
Ghana,Greater Accra,La General Hospital,General Hospital,MoH,5.5554,-0.1666,Combination,GHA,Hospital,4.0,Tier4 central hospital
Ghana,Greater Accra,Maamobi Polyclinic,Polyclinic,MoH,5.59184,-0.19929,GPS,GHA,Polyclinic,4.0,Tier4 central hospital
Ghana,Greater Accra,Madina Health Centre,Health Centre,MoH,5.6833,-0.1666,Other,GHA,Health Centre,2.0,Tier2 health center
Ghana,Greater Accra,Makola Government Clinic,Clinic,MoH,5.54857,-0.20599,GPS,GHA,Health Clinic,2.0,Tier2 health center
Ghana,Greater Accra,Mallam Atta Market Clinic,Clinic,MoH,5.57872,-0.20832,GPS,GHA,Health Clinic,2.0,Tier2 health center
Ghana,Greater Accra,Mallam Demonstration Clinic,Clinic,MoH,5.57781,-0.29942,GPS,GHA,Health Clinic,2.0,Tier2 health center
Ghana,Greater Accra,Mamprobi Polyclinic,Polyclinic,MoH,5.53807,-0.24556,GPS,GHA,Polyclinic,4.0,Tier4 central hospital
Ghana,Greater Accra,Manna Mission Hospital,Hospital,FBO,5.60706,-0.10872,GPS,GHA,Hospital,3.0,Tier3 provincial hospital
Ghana,Greater Accra,Ngleshie Amanfro Community Health Centre,Health Centre,MoH,5.5391,-0.4011,Combination,GHA,Health Centre,2.0,Tier2 health center
Ghana,Greater Accra,Nima Government Clinic,Clinic,MoH,5.57771,-0.20008,GPS,GHA,Health Clinic,2.0,Tier2 health center
Ghana,Greater Accra,Nsakina Community-based Health Planning and Services,Community-based Health Planning and Services,MoH,5.65177,-0.32388,GPS,GHA,Community Health Unit,1.0,Tier1 health post
Ghana,Greater Accra,Nungua Community Clinic,Clinic,MoH,5.5974,-0.07896,GPS,GHA,Health Clinic,2.0,Tier2 health center
Ghana,Greater Accra,Nyigbenya Clinic,Clinic,MoH,5.83471,0.21885,GPS,GHA,Health Clinic,2.0,Tier2 health center
Ghana,Greater Accra,Obom Health Centre,Health Centre,MoH,5.7357,-0.43974,GPS,GHA,Health Centre,2.0,Tier2 health center
Ghana,Greater Accra,Oduman Health Centre,Health Centre,MoH,5.64171,-0.33028,GPS,GHA,Health Centre,2.0,Tier2 health center
Ghana,Greater Accra,Old Ningo Health Centre (New site),Health Centre,MoH,5.744298,0.185606,Other,GHA,Health Centre,2.0,Tier2 health center
Ghana,Greater Accra,Old Ningo Health Centre (Old site),Health Centre,MoH,5.75161,0.18647,GPS,GHA,Health Centre,2.0,Tier2 health center
Ghana,Greater Accra,Opec Clinic (Teshie Health Centre),Health Centre,MoH,5.6021,-0.11996,GPS,GHA,Health Centre,2.0,Tier2 health center
Ghana,Greater Accra,Osudoku Health Centre,Health Centre,MoH,6.07519,0.19468,GPS,GHA,Health Centre,2.0,Tier2 health center
Ghana,Greater Accra,Osuwem Community Based Clinic (New site),Clinic,MoH,6.03171,0.17526,GPS,GHA,Health Clinic,2.0,Tier2 health center
Ghana,Greater Accra,Osuwem Community Based Clinic (Old site),Clinic,MoH,6.03666,0.17579,GPS,GHA,Health Clinic,2.0,Tier2 health center
Ghana,Greater Accra,Pantang Hospital,Hospital,MoH,5.71511,-0.18802,GPS,GHA,Hospital,3.0,Tier3 provincial hospital
Ghana,Greater Accra,Pediator Kope Health Centre,Health Centre,MoH,5.8217,0.6216,Combination,GHA,Health Centre,2.0,Tier2 health center
Ghana,Greater Accra,Port Health Clinic,Clinic,MoH,5.63433,0.00461,GPS,GHA,Health Clinic,2.0,Tier2 health center
Ghana,Greater Accra,Prampram Health Centre,Health Centre,MoH,5.71177,0.11002,GPS,GHA,Health Centre,2.0,Tier2 health center
Ghana,Greater Accra,Princess Marie Louis (PML) Hospital,Hospital,MoH,5.5446,-0.21302,GPS,GHA,Hospital,3.0,Tier3 provincial hospital
Ghana,Greater Accra,RCI Mission Clinic,Clinic,FBO,5.76845,-0.14182,GPS,GHA,Health Clinic,2.0,Tier2 health center
Ghana,Greater Accra,Redeemer's Mission Clinic,Clinic,FBO,5.68863,-0.28584,GPS,GHA,Health Clinic,2.0,Tier2 health center
Ghana,Greater Accra,Ridge Hospital,Hospital,MoH,5.56238,-0.1987,GPS,GHA,Hospital,3.0,Tier3 provincial hospital
Ghana,Greater Accra,Salvation Army Urban Aid Clinic,Clinic,FBO,5.5947,-0.19169,GPS,GHA,Health Clinic,2.0,Tier2 health center
Ghana,Greater Accra,Sege Health Centre,Health Centre,MoH,5.87531,0.36137,GPS,GHA,Health Centre,2.0,Tier2 health center
Ghana,Greater Accra,St Andrews Catholic Clinic,Clinic,FBO,5.92528,0.01798,GPS,GHA,Health Clinic,2.0,Tier2 health center
Ghana,Greater Accra,Stadium Clinic,Clinic,MoH,5.55119,-0.19382,GPS,GHA,Health Clinic,2.0,Tier2 health center
Ghana,Greater Accra,Taifa CHPS Clinic,Clinic,MoH,5.65984,-0.25144,GPS,GHA,Health Clinic,2.0,Tier2 health center
Ghana,Greater Accra,Taifa Community-based Health Planning and Services,Community-based Health Planning and Services,MoH,5.6582,-0.251966,Google Earth,GHA,Community Health Unit,1.0,Tier1 health post
Ghana,Greater Accra,Tema General Hospital,General Hospital,MoH,5.67387,-0.02496,GPS,GHA,Hospital,4.0,Tier4 central hospital
Ghana,Greater Accra,Tema Manhean Health Centre,Health Centre,MoH,5.64783,0.02428,GPS,GHA,Health Centre,2.0,Tier2 health center
Ghana,Greater Accra,Tema Polyclinic,Polyclinic,MoH,5.63556,-0.00667,GPS,GHA,Polyclinic,4.0,Tier4 central hospital
Ghana,Greater Accra,Teshie Community Clinic,Clinic,MoH,5.57696,-0.10644,GPS,GHA,Health Clinic,2.0,Tier2 health center
Ghana,Greater Accra,The Achimota Clinic,Clinic,MoH,5.6293,-0.24781,GPS,GHA,Health Clinic,2.0,Tier2 health center
Ghana,Greater Accra,Ussher Polyclinic,Polyclinic,MoH,5.54038,-0.21294,GPS,GHA,Polyclinic,4.0,Tier4 central hospital
Ghana,Northern,Abromase Health Centre,Health Centre,MoH,8.46421,-1.01615,GPS,GHA,Health Centre,2.0,Tier2 health center
Ghana,Northern,Achubunyo Community-based Health Planning and Services,Community-based Health Planning and Services,MoH,,,,GHA,Community Health Unit,1.0,Tier1 health post
Ghana,Northern,Adibo Health Centre,Health Centre,MoH,9.30712,-0.01635,GPS,GHA,Health Centre,2.0,Tier2 health center
Ghana,Northern,Bagabaga Clinic,Clinic,MoH,9.42176,-0.86864,GPS,GHA,Health Clinic,2.0,Tier2 health center
Ghana,Northern,Bamboi Health Centre,Health Centre,MoH,8.16514,-2.03238,GPS,GHA,Health Centre,2.0,Tier2 health center
Ghana,Northern,Banda-Nkwanta Community-based Health Planning and Services,Community-based Health Planning and Services,MoH,8.35314,-2.13659,GPS,GHA,Community Health Unit,1.0,Tier1 health post
Ghana,Northern,Baptist Medical Centre District Hospital,District Hospital,FBO,10.51973,-0.36573,GPS,GHA,Hospital,3.0,Tier3 provincial hospital
Ghana,Northern,Bawena  Community-based Health Planning and Services,Community-based Health Planning and Services,MoH,9.54411,-1.63627,GPS,GHA,Community Health Unit,1.0,Tier1 health post
Ghana,Northern,Bilpela Health Centre,Health Centre,MoH,9.38914,-0.84202,GPS,GHA,Health Centre,2.0,Tier2 health center
Ghana,Northern,Bimbagu Community-based Health Planning and Services,Community-based Health Planning and Services,MoH,10.584455,-0.101549,Google Earth,GHA,Community Health Unit,1.0,Tier1 health post
Ghana,Northern,Bimbilla  District Hospital,District Hospital,MoH,8.85756,-0.05562,GPS,GHA,Hospital,3.0,Tier3 provincial hospital
Ghana,Northern,Binchera  Health Centre,Health Centre,MoH,9.11334,-0.0012,GPS,GHA,Health Centre,2.0,Tier2 health center
Ghana,Northern,Binde  Rural  Hospital,Hospital,FBO,10.56562,-0.02876,GPS,GHA,Hospital,3.0,Tier3 provincial hospital
Ghana,Northern,Blajai Evangelical Presbyterian Health Centre,Health Centre,FBO,8.357,0.079,Combination,GHA,Health Centre,2.0,Tier2 health center
Ghana,Northern,Boachipe Community-based Health Planning and Services,Community-based Health Planning and Services,MoH,8.806355,-1.778042,Other,GHA,Community Health Unit,1.0,Tier1 health post
Ghana,Northern,Bole District Hospital,District Hospital,MoH,9.0276,-2.49736,GPS,GHA,Hospital,3.0,Tier3 provincial hospital
Ghana,Northern,Bontanga Health Centre,Health Centre,MoH,9.52716,-0.94687,GPS,GHA,Health Centre,2.0,Tier2 health center
Ghana,Northern,Buipe Health Centre,Health Centre,MoH,8.78374,-1.46939,GPS,GHA,Health Centre,2.0,Tier2 health center
Ghana,Northern,Buma Health Centre,Health Centre,MoH,8.29827,-0.85536,GPS,GHA,Health Centre,2.0,Tier2 health center
Ghana,Northern,Bunbon Health Centre,Health Centre,MoH,9.70079,-0.09859,GPS,GHA,Health Centre,2.0,Tier2 health center
Ghana,Northern,Bunburika Community-based Health Planning and Services,Community-based Health Planning and Services,MoH,10.40056,0.25425,GPS,GHA,Community Health Unit,1.0,Tier1 health post
Ghana,Northern,Bunjai Community-based Health Planning and Services,Community-based Health Planning and Services,MoH,8.73741,-0.50597,GPS,GHA,Community Health Unit,1.0,Tier1 health post
Ghana,Northern,Bunkpurugu  Health Centre,Health Centre,MoH,10.516667,0.1,Google Earth,GHA,Health Centre,2.0,Tier2 health center
Ghana,Northern,Busunu Health Centre,Health Centre,MoH,9.16482,-1.50966,GPS,GHA,Health Centre,2.0,Tier2 health center
Ghana,Northern,Carpenter Community-based Health Planning and Services,Community-based Health Planning and Services,MoH,8.357346,-2.135365,Combination,GHA,Community Health Unit,1.0,Tier1 health post
Ghana,Northern,Catholic PHC,Health Centre,FBO,9.03223,-2.48661,GPS,GHA,Health Centre,2.0,Tier2 health center
Ghana,Northern,Catholic PHC Clinic,Clinic,MoH,8.54888,-0.51912,GPS,GHA,Health Clinic,2.0,Tier2 health center
Ghana,Northern,Chamba  Health Centre,Health Centre,FBO,8.69374,-0.13959,GPS,GHA,Health Centre,2.0,Tier2 health center
Ghana,Northern,Chereponi Health Centre,Health Centre,MoH,10.13118,0.28735,GPS,GHA,Health Centre,2.0,Tier2 health center
Ghana,Northern,Cheshegu  Clinic,Clinic,MoH,9.45623,-0.955,GPS,GHA,Health Clinic,2.0,Tier2 health center
Ghana,Northern,Chibrinyo Community-based Health Planning and Services,Community-based Health Planning and Services,MoH,8.254624,-1.934118,Other,GHA,Community Health Unit,1.0,Tier1 health post
Ghana,Northern,Church of Christ Health Centre,Health Centre,FBO,9.46296,-0.00881,GPS,GHA,Health Centre,2.0,Tier2 health center
Ghana,Northern,Dabogni Health Centre,Health Centre,MoH,9.20765,-0.18334,GPS,GHA,Health Centre,2.0,Tier2 health center
Ghana,Northern,Daboya   Health Centre,Health Centre,MoH,9.52878,-1.38151,GPS,GHA,Health Centre,2.0,Tier2 health center
Ghana,Northern,Dalon Health Centre,Health Centre,MoH,9.63016,-1.00931,GPS,GHA,Health Centre,2.0,Tier2 health center
Ghana,Northern,Damakung Clinic,Clinic,MoH,,,,GHA,Health Clinic,2.0,Tier2 health center
Ghana,Northern,Damongo District Hospital,District Hospital,FBO,9.06302,-1.79872,GPS,GHA,Hospital,3.0,Tier3 provincial hospital
Ghana,Northern,Demon Community-based Health Planning and Services,Community-based Health Planning and Services,MoH,9.495954,0.205502,Other,GHA,Community Health Unit,1.0,Tier1 health post
Ghana,Northern,Diare Health Centre,Health Centre,MoH,9.87457,-0.87583,GPS,GHA,Health Centre,2.0,Tier2 health center
Ghana,Northern,Dipali Community-based Health Planning and Services,Community-based Health Planning and Services,MoH,9.870293,-0.873054,Google Earth,GHA,Community Health Unit,1.0,Tier1 health post
Ghana,Northern,Donald Richard Clinic,Clinic,MoH,9.378618,-2.454924,Other,GHA,Health Clinic,2.0,Tier2 health center
Ghana,Northern,Fame Health Centre,Health Centre,MoH,8.46489,-0.20386,GPS,GHA,Health Centre,2.0,Tier2 health center
Ghana,Northern,Fellowship of Medical Evangelists (FAME)-Loagri Clinic,Clinic,FBO,10.27744,-0.82818,GPS,GHA,Health Clinic,2.0,Tier2 health center
Ghana,Northern,Fellowship of Medical Evangelists (FAME)-Yizesi Clinic,Clinic,FBO,10.28389,-1.43655,GPS,GHA,Health Clinic,2.0,Tier2 health center
Ghana,Northern,Fooshegu Community-based Health Planning and Services,Community-based Health Planning and Services,MoH,9.3166,-0.9,Other,GHA,Community Health Unit,1.0,Tier1 health post
Ghana,Northern,Galwei Health Centre,Health Centre,MoH,9.6214,-0.43895,GPS,GHA,Health Centre,2.0,Tier2 health center
Ghana,Northern,Gambaga Health Centre,Health Centre,MoH,10.528,-0.44041,GPS,GHA,Health Centre,2.0,Tier2 health center
Ghana,Northern,Garinkuka Community-based Health Planning and Services,Community-based Health Planning and Services,MoH,9.74152,0.13433,GPS,GHA,Community Health Unit,1.0,Tier1 health post
Ghana,Northern,Gariziegu Clinic,Clinic,MoH,9.39845,-0.83087,GPS,GHA,Health Clinic,2.0,Tier2 health center
Ghana,Northern,Gbangbanpong Community-based Health Planning and Services,Community-based Health Planning and Services,MoH,9.85065,0.30435,GPS,GHA,Community Health Unit,1.0,Tier1 health post
Ghana,Northern,Gbangu Community-based Health Planning and Services,Community-based Health Planning and Services,MoH,10.493709,-0.502518,Other,GHA,Community Health Unit,1.0,Tier1 health post
Ghana,Northern,Gbenfu Community-based Health Planning and Services,Community-based Health Planning and Services,MoH,8.929444,-2.531667,Geonames,GHA,Community Health Unit,1.0,Tier1 health post
Ghana,Northern,Gbeo Community-based Health Planning and Services,Community-based Health Planning and Services,MoH,10.37035,-0.80314,GPS,GHA,Community Health Unit,1.0,Tier1 health post
Ghana,Northern,Gbingbani Health Centre,Health Centre,MoH,10.38706,-0.18374,GPS,GHA,Health Centre,2.0,Tier2 health center
Ghana,Northern,Gbintiri Health Centre,Health Centre,MoH,10.28123,-0.11996,GPS,GHA,Health Centre,2.0,Tier2 health center
Ghana,Northern,Gbulun Health Centre,Health Centre,MoH,9.48951,-1.01225,GPS,GHA,Health Centre,2.0,Tier2 health center
Ghana,Northern,Gindabuo Health Centre,Health Centre,MoH,9.62936,-2.45984,GPS,GHA,Health Centre,2.0,Tier2 health center
Ghana,Northern,Gulbi  Quarters Health Centre,Health Centre,MoH,8.25975,-0.23938,GPS,GHA,Health Centre,2.0,Tier2 health center
Ghana,Northern,Gurupe Community-based Health Planning and Services,Community-based Health Planning and Services,MoH,9.228959,-2.220528,Other,GHA,Community Health Unit,1.0,Tier1 health post
Ghana,Northern,Gushegu  District Hospital,District Hospital,MoH,9.92814,-0.21489,GPS,GHA,Hospital,3.0,Tier3 provincial hospital
Ghana,Northern,Gushegu Hospital,Hospital,MoH,9.921227,-0.217964,Other,GHA,Hospital,3.0,Tier3 provincial hospital
Ghana,Northern,Haj Adams Health Centre,Health Centre,MoH,9.40179,-0.84597,GPS,GHA,Health Centre,2.0,Tier2 health center
Ghana,Northern,Industrial Area Health Centre,Health Centre,MoH,9.39219,-0.86101,GPS,GHA,Health Centre,2.0,Tier2 health center
Ghana,Northern,Jama Health Centre,Health Centre,MoH,8.29998,-2.18507,GPS,GHA,Health Centre,2.0,Tier2 health center
Ghana,Northern,Janga Health Centre,Health Centre,MoH,10.02833,-0.97536,GPS,GHA,Health Centre,2.0,Tier2 health center
Ghana,Northern,Jantong Community-based Health Planning and Services,Community-based Health Planning and Services,MoH,9.23357,-0.40115,GPS,GHA,Community Health Unit,1.0,Tier1 health post
Ghana,Northern,Jawani Community-based Health Planning and Services,Community-based Health Planning and Services,MoH,10.382262,-0.36786,Other,GHA,Community Health Unit,1.0,Tier1 health post
Ghana,Northern,Jimbale Health Centre,Health Centre,MoH,10.45524,-0.01124,GPS,GHA,Health Centre,2.0,Tier2 health center
Ghana,Northern,Jimle Health Centre,Health Centre,MoH,9.40029,-0.4828,GPS,GHA,Health Centre,2.0,Tier2 health center
Ghana,Northern,Jonjori Health Centre,Health Centre,MoH,9.65274,-0.6936,GPS,GHA,Health Centre,2.0,Tier2 health center
Ghana,Northern,Juanayili Community-based Health Planning and Services,Community-based Health Planning and Services,MoH,8.954624,-0.150709,Other,GHA,Community Health Unit,1.0,Tier1 health post
Ghana,Northern,Jubilee Community-based Health Planning and Services,Community-based Health Planning and Services,MoH,9.280319,0.256603,Combination,GHA,Community Health Unit,1.0,Tier1 health post
Ghana,Northern,Juo Community-based Health Planning and Services,Community-based Health Planning and Services,MoH,9.02161,-0.07641,GPS,GHA,Community Health Unit,1.0,Tier1 health post
Ghana,Northern,Kafaba Community-based Health Planning and Services,Community-based Health Planning and Services,MoH,8.466,-0.736,Combination,GHA,Community Health Unit,1.0,Tier1 health post
Ghana,Northern,Kakiasi Community-based Health Planning and Services,Community-based Health Planning and Services,MoH,,,,GHA,Community Health Unit,1.0,Tier1 health post
Ghana,Northern,Kalba  Health Centre,Health Centre,FBO,9.54879,-2.66509,GPS,GHA,Health Centre,2.0,Tier2 health center
Ghana,Northern,Kalpohini Health Centre,Health Centre,MoH,9.42159,-0.82481,GPS,GHA,Health Centre,2.0,Tier2 health center
Ghana,Northern,Kambagu Community-based Health Planning and Services,Community-based Health Planning and Services,MoH,10.559167,0.053611,Google Earth,GHA,Community Health Unit,1.0,Tier1 health post
Ghana,Northern,Kambatiak Community-based Health Planning and Services,Community-based Health Planning and Services,MoH,10.592019,0.023304,Other,GHA,Community Health Unit,1.0,Tier1 health post
Ghana,Northern,Kandin Health Centre,Health Centre,MoH,9.1998,0.45278,GPS,GHA,Health Centre,2.0,Tier2 health center
Ghana,Northern,Karaga Health Centre,Health Centre,MoH,9.91563,-0.43159,GPS,GHA,Health Centre,2.0,Tier2 health center
Ghana,Northern,Katani Community-based Health Planning and Services,Community-based Health Planning and Services,MoH,10.162,-0.08459,GPS,GHA,Community Health Unit,1.0,Tier1 health post
Ghana,Northern,Kings Medical Centre,Health Centre,FBO,9.533805,-0.948916,Combination,GHA,Health Centre,2.0,Tier2 health center
Ghana,Northern,Kitare  Health Centre,Health Centre,MoH,8.26244,-0.18055,GPS,GHA,Health Centre,2.0,Tier2 health center
Ghana,Northern,Konlinvai Community-based Health Planning and Services,Community-based Health Planning and Services,MoH,10.399765,-0.300019,Google Earth,GHA,Community Health Unit,1.0,Tier1 health post
Ghana,Northern,Kotingli  Community-based Health Planning and Services,Community-based Health Planning and Services,MoH,9.34043,-0.79244,GPS,GHA,Community Health Unit,1.0,Tier1 health post
Ghana,Northern,Kotito Community-based Health Planning and Services,Community-based Health Planning and Services,MoH,8.955985,-1.797987,Other,GHA,Community Health Unit,1.0,Tier1 health post
Ghana,Northern,Kpabia Community-based Health Planning and Services,Community-based Health Planning and Services,MoH,9.260663,-0.239024,Other,GHA,Community Health Unit,1.0,Tier1 health post
Ghana,Northern,Kpalba Evangelical Presbyterian Health Centre,Health Centre,FBO,9.5358,0.22578,GPS,GHA,Health Centre,2.0,Tier2 health center
Ghana,Northern,Kpalbe Health Centre,Health Centre,MoH,9.11986,-0.55531,GPS,GHA,Health Centre,2.0,Tier2 health center
Ghana,Northern,Kpalbutabu Health Centre,Health Centre,MoH,9.40616,0.42942,GPS,GHA,Health Centre,2.0,Tier2 health center
Ghana,Northern,Kpandai Health Centre,Health Centre,MoH,8.46327,0.00606,GPS,GHA,Health Centre,2.0,Tier2 health center
Ghana,Northern,Kpanvo Health Centre,Health Centre,MoH,9.37119,-0.82784,GPS,GHA,Health Centre,2.0,Tier2 health center
Ghana,Northern,Kpasenkpe  Health Centre,Health Centre,MoH,10.44709,-1.04688,GPS,GHA,Health Centre,2.0,Tier2 health center
Ghana,Northern,Kpatinga Health Centre,Health Centre,MoH,9.76705,-0.26769,GPS,GHA,Health Centre,2.0,Tier2 health center
Ghana,Northern,Kpembu Health Centre,Health Centre,MoH,8.5621,-0.7547,Combination,GHA,Health Centre,2.0,Tier2 health center
Ghana,Northern,Kpendua Community-based Health Planning and Services,Community-based Health Planning and Services,MoH,9.73252,-1.06362,GPS,GHA,Community Health Unit,1.0,Tier1 health post
Ghana,Northern,Kpiliyin Health Centre,Health Centre,MoH,9.5418,-0.88683,GPS,GHA,Health Centre,2.0,Tier2 health center
Ghana,Northern,Kubori  Health Centre,Health Centre,MoH,10.14663,-1.29627,GPS,GHA,Health Centre,2.0,Tier2 health center
Ghana,Northern,Kucha Community-based Health Planning and Services,Community-based Health Planning and Services,MoH,,,,GHA,Community Health Unit,1.0,Tier1 health post
Ghana,Northern,Kujoni Community-based Health Planning and Services,Community-based Health Planning and Services,MoH,,,,GHA,Community Health Unit,1.0,Tier1 health post
Ghana,Northern,Kukpalgu Health Centre,Health Centre,MoH,9.18128,0.31606,GPS,GHA,Health Centre,2.0,Tier2 health center
Ghana,Northern,Kukuo Community-based Health Planning and Services,Community-based Health Planning and Services,MoH,8.84772,0.15747,GPS,GHA,Community Health Unit,1.0,Tier1 health post
Ghana,Northern,Kukuo Community-based Health Planning and Services,Community-based Health Planning and Services,MoH,8.851764,0.158292,Combination,GHA,Community Health Unit,1.0,Tier1 health post
Ghana,Northern,Kulmasa Community-based Health Planning and Services,Community-based Health Planning and Services,MoH,9.69186,-2.48805,GPS,GHA,Community Health Unit,1.0,Tier1 health post
Ghana,Northern,Kunbungu Health Centre,Health Centre,MoH,9.54916,-0.94233,GPS,GHA,Health Centre,2.0,Tier2 health center
Ghana,Northern,Kuni Community-based Health Planning and Services,Community-based Health Planning and Services,MoH,9.24587,-0.16672,GPS,GHA,Community Health Unit,1.0,Tier1 health post
Ghana,Northern,Kusawgu Health Centre,Health Centre,FBO,9.19881,-1.05046,GPS,GHA,Health Centre,2.0,Tier2 health center
Ghana,Northern,Kwame Kwesi Community-based Health Planning and Services,Community-based Health Planning and Services,MoH,8.47397,-2.178771,Other,GHA,Community Health Unit,1.0,Tier1 health post
Ghana,Northern,Lahagu Health Centre,Health Centre,MoH,9.32957,-0.72924,GPS,GHA,Health Centre,2.0,Tier2 health center
Ghana,Northern,Langbinsi Presby Health Centre,Health Centre,FBO,10.40747,-0.56017,GPS,GHA,Health Centre,2.0,Tier2 health center
Ghana,Northern,Lanja  Health Centre,Health Centre,MoH,9.17736,-0.01795,GPS,GHA,Health Centre,2.0,Tier2 health center
Ghana,Northern,Lingbinsi  Community  Clinic,Clinic,MoH,9.57138,-1.40698,GPS,GHA,Health Clinic,2.0,Tier2 health center
Ghana,Northern,Lingbinsi Community-based Health Planning and Services,Community-based Health Planning and Services,MoH,9.572161,-1.408548,Combination,GHA,Community Health Unit,1.0,Tier1 health post
Ghana,Northern,Lingbunga Community-based Health Planning and Services,Community-based Health Planning and Services,MoH,9.64364,-1.20984,GPS,GHA,Community Health Unit,1.0,Tier1 health post
Ghana,Northern,Loloto Health Centre,Health Centre,FBO,8.36555,-0.40301,GPS,GHA,Health Centre,2.0,Tier2 health center
Ghana,Northern,Lonto Health Centre,Health Centre,MoH,8.2114,-0.4296,Combination,GHA,Health Centre,2.0,Tier2 health center
Ghana,Northern,Lungni Health Centre,Health Centre,MoH,8.55814,-0.00315,GPS,GHA,Health Centre,2.0,Tier2 health center
Ghana,Northern,Makango Health Centre,Health Centre,FBO,8.32421,-0.61921,GPS,GHA,Health Centre,2.0,Tier2 health center
Ghana,Northern,Makayili  Health Centre,Health Centre,MoH,9.00093,-0.01717,GPS,GHA,Health Centre,2.0,Tier2 health center
Ghana,Northern,Malshegu Community-based Health Planning and Services,Community-based Health Planning and Services,MoH,9.471,-0.906,Encarta,GHA,Community Health Unit,1.0,Tier1 health post
Ghana,Northern,Maluwe Community-based Health Planning and Services,Community-based Health Planning and Services,MoH,8.674234,-2.291646,Other,GHA,Community Health Unit,1.0,Tier1 health post
Ghana,Northern,Mandari Health Centre,Health Centre,MoH,9.02344,-2.57767,GPS,GHA,Health Centre,2.0,Tier2 health center
Ghana,Northern,Mankarigu Health Centre,Health Centre,MoH,10.02667,-1.27923,GPS,GHA,Health Centre,2.0,Tier2 health center
Ghana,Northern,Mankuma Health Centre,Health Centre,MoH,9.171949,-2.484106,Other,GHA,Health Centre,2.0,Tier2 health center
Ghana,Northern,Mempeasem Community-based Health Planning and Services,Community-based Health Planning and Services,MoH,,,,GHA,Community Health Unit,1.0,Tier1 health post
Ghana,Northern,Mogla Health Centre,Health Centre,MoH,9.5934,-0.87316,GPS,GHA,Health Centre,2.0,Tier2 health center
Ghana,Northern,Mole Game Health Centre,Health Centre,MoH,9.25197,-1.85014,GPS,GHA,Health Centre,2.0,Tier2 health center
Ghana,Northern,Mozio Community-based Health Planning and Services,Community-based Health Planning and Services,MoH,10.443195,-0.013401,Other,GHA,Community Health Unit,1.0,Tier1 health post
Ghana,Northern,Mpaha Health Centre,Health Centre,MoH,8.74581,-1.11387,GPS,GHA,Health Centre,2.0,Tier2 health center
Ghana,Northern,Nabuli Health Centre,Health Centre,MoH,9.925767,-0.061177,Other,GHA,Health Centre,2.0,Tier2 health center
Ghana,Northern,Nahuyili Community-based Health Planning and Services,Community-based Health Planning and Services,MoH,9.390142,0.367022,Other,GHA,Community Health Unit,1.0,Tier1 health post
Ghana,Northern,Nakpale Health Centre,Health Centre,MoH,8.97945,0.32212,GPS,GHA,Health Centre,2.0,Tier2 health center
Ghana,Northern,Nakpanduri  Health Centre,Health Centre,FBO,10.63501,-0.17942,GPS,GHA,Health Centre,2.0,Tier2 health center
Ghana,Northern,Nakpayili Community-based Health Planning and Services,Community-based Health Planning and Services,MoH,8.76046,0.05359,GPS,GHA,Community Health Unit,1.0,Tier1 health post
Ghana,Northern,Nansoni Community-based Health Planning and Services,Community-based Health Planning and Services,MoH,10.19213,0.218132,Other,GHA,Community Health Unit,1.0,Tier1 health post
Ghana,Northern,Nanton Health Centre,Health Centre,MoH,9.54552,-0.73422,GPS,GHA,Health Centre,2.0,Tier2 health center
Ghana,Northern,Nasia  Community-based Health Planning and Services,Community-based Health Planning and Services,MoH,10.15817,-0.80475,GPS,GHA,Community Health Unit,1.0,Tier1 health post
Ghana,Northern,Nasuan  Health Centre,Health Centre,MoH,10.51322,-0.16578,GPS,GHA,Health Centre,2.0,Tier2 health center
Ghana,Northern,Nyani Health Centre,Health Centre,MoH,9.35578,-0.19746,GPS,GHA,Health Centre,2.0,Tier2 health center
Ghana,Northern,Nyankpala Health Centre,Health Centre,MoH,9.40372,-0.98557,GPS,GHA,Health Centre,2.0,Tier2 health center
Ghana,Northern,Nyohini  Clinic,Clinic,MoH,9.40097,-0.86769,GPS,GHA,Health Clinic,2.0,Tier2 health center
Ghana,Northern,Nyong Community-based Health Planning and Services,Community-based Health Planning and Services,MoH,9.8832,-0.62553,GPS,GHA,Community Health Unit,1.0,Tier1 health post
Ghana,Northern,Oti River Hospital,Hospital,MoH,8.4505,-0.07582,GPS,GHA,Hospital,3.0,Tier3 provincial hospital
Ghana,Northern,Our  Lady Of Rocio  Health Centre,Health Centre,FBO,10.35992,-0.79743,GPS,GHA,Health Centre,2.0,Tier2 health center
Ghana,Northern,Pigu Community-based Health Planning and Services,Community-based Health Planning and Services,MoH,9.97998,-0.82363,GPS,GHA,Community Health Unit,1.0,Tier1 health post
Ghana,Northern,Pishegu Health Centre,Health Centre,MoH,9.96682,-0.64704,GPS,GHA,Health Centre,2.0,Tier2 health center
Ghana,Northern,Pong Tamale Health Centre,Health Centre,MoH,9.68228,-0.83354,GPS,GHA,Health Centre,2.0,Tier2 health center
Ghana,Northern,Public Health Unit BMC Clinic,Clinic,FBO,10.524054,-0.372563,Combination,GHA,Health Clinic,2.0,Tier2 health center
Ghana,Northern,Pudua Health Centre,Health Centre,MoH,8.86983,0.27477,GPS,GHA,Health Centre,2.0,Tier2 health center
Ghana,Northern,Sabare Community-based Health Planning and Services,Community-based Health Planning and Services,MoH,9.2782,0.26256,GPS,GHA,Community Health Unit,1.0,Tier1 health post
Ghana,Northern,Saboba Medical Centre,Hospital,FBO,9.70965,0.31924,GPS,GHA,Hospital,3.0,Tier3 provincial hospital
Ghana,Northern,Sabojida Health Centre,Health Centre,MoH,8.31204,-0.30621,GPS,GHA,Health Centre,2.0,Tier2 health center
Ghana,Northern,Sabonjida Community-based Health Planning and Services,Community-based Health Planning and Services,MoH,8.307592,-0.303223,Other,GHA,Community Health Unit,1.0,Tier1 health post
Ghana,Northern,Sakogu Health Centre,Health Centre,MoH,10.5758,-0.27809,GPS,GHA,Health Centre,2.0,Tier2 health center
Ghana,Northern,Salaga  District Hospital,District Hospital,MoH,8.55733,-0.51437,GPS,GHA,Hospital,3.0,Tier3 provincial hospital
Ghana,Northern,Sambuli Health Centre,Health Centre,FBO,9.59873,0.27661,GPS,GHA,Health Centre,2.0,Tier2 health center
Ghana,Northern,Samini Community-based Health Planning and Services,Community-based Health Planning and Services,MoH,10.470362,-0.6209,Geonames,GHA,Community Health Unit,1.0,Tier1 health post
Ghana,Northern,Sandua Community-based Health Planning and Services,Community-based Health Planning and Services,MoH,10.194002,-0.294054,Other,GHA,Community Health Unit,1.0,Tier1 health post
Ghana,Northern,Sang Health Centre,Health Centre,MoH,9.41863,-0.27738,GPS,GHA,Health Centre,2.0,Tier2 health center
Ghana,Northern,Sangul Community-based Health Planning and Services,Community-based Health Planning and Services,MoH,9.812998,0.303081,Other,GHA,Community Health Unit,1.0,Tier1 health post
Ghana,Northern,Sankpala Community-based Health Planning and Services,Community-based Health Planning and Services,MoH,9.26426,-1.00502,GPS,GHA,Community Health Unit,1.0,Tier1 health post
Ghana,Northern,Savelugu  District Hospital,District Hospital,MoH,9.61862,-0.82929,GPS,GHA,Hospital,3.0,Tier3 provincial hospital
Ghana,Northern,Savelugu  Hospital,Hospital,MoH,9.624722,-0.827778,Google Earth,GHA,Hospital,3.0,Tier3 provincial hospital
Ghana,Northern,Sawla Health Centre,Health Centre,MoH,9.2676,-2.4061,GPS,GHA,Health Centre,2.0,Tier2 health center
Ghana,Northern,Sawla Health Centre,Health Centre,MoH,9.2676,-2.40624,GPS,GHA,Health Centre,2.0,Tier2 health center
Ghana,Northern,Shekina Health Centre,Health Centre,MoH,9.45545,-0.87108,GPS,GHA,Health Centre,2.0,Tier2 health center
Ghana,Northern,Singa  Community-based Health Planning and Services,Community-based Health Planning and Services,MoH,9.73055,-1.06267,GPS,GHA,Community Health Unit,1.0,Tier1 health post
Ghana,Northern,Soma Community-based Health Planning and Services,Community-based Health Planning and Services,MoH,9.46424,-2.3176,GPS,GHA,Community Health Unit,1.0,Tier1 health post
Ghana,Northern,Sunsong Community-based Health Planning and Services,Community-based Health Planning and Services,MoH,9.5974,-0.01523,GPS,GHA,Community Health Unit,1.0,Tier1 health post
Ghana,Northern,Taha Community-based Health Planning and Services,Community-based Health Planning and Services,MoH,9.432682,-0.786029,Other,GHA,Community Health Unit,1.0,Tier1 health post
Ghana,Northern,Tamale Central  Hospital,Teaching Hospital,MoH,9.24188,-0.50141,GPS,GHA,Hospital,3.0,Tier3 provincial hospital
Ghana,Northern,Tamale SDA Hospital,Hospital,FBO,9.39974,-0.8318,GPS,GHA,Hospital,3.0,Tier3 provincial hospital
Ghana,Northern,Tamale West District Hospital,District Hospital,MoH,9.40046,-0.8503,GPS,GHA,Hospital,3.0,Tier3 provincial hospital
Ghana,Northern,Tampion Health Centre,Health Centre,MoH,9.83497,-0.77994,GPS,GHA,Health Centre,2.0,Tier2 health center
Ghana,Northern,Tantala Community-based Health Planning and Services,Community-based Health Planning and Services,MoH,10.199675,-1.537222,Other,GHA,Community Health Unit,1.0,Tier1 health post
Ghana,Northern,Tatale Health Centre,Health Centre,FBO,9.36439,0.52957,GPS,GHA,Health Centre,2.0,Tier2 health center
Ghana,Northern,Tatindo Community-based Health Planning and Services,Community-based Health Planning and Services,FBO,9.436,0.484,Other,GHA,Community Health Unit,1.0,Tier1 health post
Ghana,Northern,Temaa Community-based Health Planning and Services,Community-based Health Planning and Services,MoH,10.473629,-0.138914,Other,GHA,Community Health Unit,1.0,Tier1 health post
Ghana,Northern,Tinga Health Centre,Health Centre,MoH,8.58131,-2.22444,GPS,GHA,Health Centre,2.0,Tier2 health center
Ghana,Northern,Tolon Health Centre,Health Centre,MoH,9.42688,-1.05236,GPS,GHA,Health Centre,2.0,Tier2 health center
Ghana,Northern,Tuluwe Health Centre,Health Centre,MoH,8.71256,-0.93153,GPS,GHA,Health Centre,2.0,Tier2 health center
Ghana,Northern,Tumbo Community-based Health Planning and Services,Community-based Health Planning and Services,MoH,10.050556,0.320556,Geonames,GHA,Community Health Unit,1.0,Tier1 health post
Ghana,Northern,Tuna Health Centre,Health Centre,FBO,9.49246,-2.41875,GPS,GHA,Health Centre,2.0,Tier2 health center
Ghana,Northern,Tuni Community-based Health Planning and Services,Community-based Health Planning and Services,MoH,10.166667,-0.416667,Geonames,GHA,Community Health Unit,1.0,Tier1 health post
Ghana,Northern,Walewale  District Hospital,District Hospital,MoH,10.34633,-0.80854,GPS,GHA,Hospital,3.0,Tier3 provincial hospital
Ghana,Northern,Wanjoga Community-based Health Planning and Services,Community-based Health Planning and Services,MoH,10.21564,0.33012,GPS,GHA,Community Health Unit,1.0,Tier1 health post
Ghana,Northern,Wantugu Health Centre,Health Centre,MoH,9.51441,-1.14721,GPS,GHA,Health Centre,2.0,Tier2 health center
Ghana,Northern,Wapuli Evangelical Presbyterian Health Centre,Health Centre,FBO,9.73956,0.10464,GPS,GHA,Health Centre,2.0,Tier2 health center
Ghana,Northern,Wec Health Centre,Health Centre,MoH,8.45768,0.01228,GPS,GHA,Health Centre,2.0,Tier2 health center
Ghana,Northern,Wenchiki Health Centre,Health Centre,MoH,10.2732,0.20774,GPS,GHA,Health Centre,2.0,Tier2 health center
Ghana,Northern,Woriborgu Community-based Health Planning and Services,Community-based Health Planning and Services,MoH,9.0532,0.25317,GPS,GHA,Community Health Unit,1.0,Tier1 health post
Ghana,Northern,Wulensi Health Centre,Health Centre,MoH,8.65643,0.00349,Combination,GHA,Health Centre,2.0,Tier2 health center
Ghana,Northern,Wulugu Health Centre,Health Centre,MoH,10.6111,-0.8041,Combination,GHA,Health Centre,2.0,Tier2 health center
Ghana,Northern,Wundua Community-based Health Planning and Services,Community-based Health Planning and Services,MoH,10.33391,-0.53381,GPS,GHA,Community Health Unit,1.0,Tier1 health post
Ghana,Northern,Yagaba Health Centre,Health Centre,MoH,10.22982,-1.28604,GPS,GHA,Health Centre,2.0,Tier2 health center
Ghana,Northern,Yalla Community-based Health Planning and Services,Community-based Health Planning and Services,MoH,8.784521,-0.766681,Other,GHA,Community Health Unit,1.0,Tier1 health post
Ghana,Northern,Yama Community-based Health Planning and Services,Community-based Health Planning and Services,MoH,10.33918,-1.02142,GPS,GHA,Community Health Unit,1.0,Tier1 health post
Ghana,Northern,Yapei Health Centre,Health Centre,MoH,9.14325,-1.1547,GPS,GHA,Health Centre,2.0,Tier2 health center
Ghana,Northern,Yendi District Hospital,District Hospital,MoH,9.44604,-0.00402,GPS,GHA,Hospital,3.0,Tier3 provincial hospital
Ghana,Northern,Yikpabongo  Health Centre,Health Centre,MoH,10.24492,-1.56754,GPS,GHA,Health Centre,2.0,Tier2 health center
Ghana,Northern,Yizesi  Health Centre,Health Centre,MoH,10.28394,-1.4366,Combination,GHA,Health Centre,2.0,Tier2 health center
Ghana,Northern,Yoggu Community-based Health Planning and Services,Community-based Health Planning and Services,MoH,9.484167,-1.096667,Geonames,GHA,Community Health Unit,1.0,Tier1 health post
Ghana,Northern,Yunyoo  Health Centre,Health Centre,MoH,10.48094,-0.01575,GPS,GHA,Health Centre,2.0,Tier2 health center
Ghana,Northern,Zabzugu Polyclinic,Polyclinic,MoH,9.29565,0.37705,GPS,GHA,Polyclinic,4.0,Tier4 central hospital
Ghana,Northern,Zandua Community-based Health Planning and Services,Community-based Health Planning and Services,MoH,10.257584,-0.462222,Other,GHA,Community Health Unit,1.0,Tier1 health post
Ghana,Northern,Zinindo Community-based Health Planning and Services,Community-based Health Planning and Services,MoH,9.6219,-0.56795,GPS,GHA,Community Health Unit,1.0,Tier1 health post
Ghana,Northern,Zoggu Health Centre,Health Centre,MoH,9.66721,-0.71574,GPS,GHA,Health Centre,2.0,Tier2 health center
Ghana,Northern,Zuo Community-based Health Planning and Services,Community-based Health Planning and Services,MoH,9.357519,-0.730699,Other,GHA,Community Health Unit,1.0,Tier1 health post
Ghana,Upper East,Adaboya Community-based Health Planning and Services,Community-based Health Planning and Services,MoH,10.89957,-0.73402,GPS,GHA,Community Health Unit,1.0,Tier1 health post
Ghana,Upper East,Aguusi Community-based Health Planning and Services,Community-based Health Planning and Services,MoH,10.84972,-0.91899,GPS,GHA,Community Health Unit,1.0,Tier1 health post
Ghana,Upper East,Akolpolsiga Community-based Health Planning and Services,Community-based Health Planning and Services,MoH,,,,GHA,Community Health Unit,1.0,Tier1 health post
Ghana,Upper East,Anafobisi Clinic,Clinic,MoH,10.89636,-0.81044,GPS,GHA,Health Clinic,2.0,Tier2 health center
Ghana,Upper East,Atampiisi Community-based Health Planning and Services,Community-based Health Planning and Services,MoH,10.91026,-0.82337,GPS,GHA,Community Health Unit,1.0,Tier1 health post
Ghana,Upper East,Azuwera Community-based Health Planning and Services,Community-based Health Planning and Services,MoH,10.79081,-0.49413,GPS,GHA,Community Health Unit,1.0,Tier1 health post
Ghana,Upper East,Bachongsa Community-based Health Planning and Services,Community-based Health Planning and Services,MoH,10.68283,-1.49208,GPS,GHA,Community Health Unit,1.0,Tier1 health post
Ghana,Upper East,Balungu Community-based Health Planning and Services,Community-based Health Planning and Services,MoH,10.93802,-0.86082,GPS,GHA,Community Health Unit,1.0,Tier1 health post
Ghana,Upper East,Bansi Community-based Health Planning and Services,Community-based Health Planning and Services,MoH,11.06103,-0.34752,GPS,GHA,Community Health Unit,1.0,Tier1 health post
Ghana,Upper East,Basyonde Clinic,Clinic,MoH,10.97652,-0.04856,GPS,GHA,Health Clinic,2.0,Tier2 health center
Ghana,Upper East,Bawku Municipal Hospital,Municipal Hospital,FBO,11.06124,-0.23287,GPS,GHA,Hospital,3.0,Tier3 provincial hospital
Ghana,Upper East,Bazua Community Clinic,Clinic,MoH,11.00149,-0.35429,GPS,GHA,Health Clinic,2.0,Tier2 health center
Ghana,Upper East,Bazua Community-based Health Planning and Services,Community-based Health Planning and Services,MoH,11.00312,-0.35115,GPS,GHA,Community Health Unit,1.0,Tier1 health post
Ghana,Upper East,Binaba Health Centre,Health Centre,FBO,10.76166,-0.48572,GPS,GHA,Health Centre,2.0,Tier2 health center
Ghana,Upper East,Binduri Health Centre,Health Centre,MoH,10.95989,-0.31325,GPS,GHA,Health Centre,2.0,Tier2 health center
Ghana,Upper East,Biu Community-based Health Planning and Services,Community-based Health Planning and Services,MoH,10.77752,-1.10178,GPS,GHA,Community Health Unit,1.0,Tier1 health post
Ghana,Upper East,Boko Community-based Health Planning and Services,Community-based Health Planning and Services,MoH,10.98182,-0.8305,GPS,GHA,Community Health Unit,1.0,Tier1 health post
Ghana,Upper East,Bolga Health Centre,Health Centre,MoH,10.77905,-0.85375,GPS,GHA,Health Centre,2.0,Tier2 health center
Ghana,Upper East,Bolgatanga Regional Hospital,Regional Hospital,MoH,10.80737,-0.8612,GPS,GHA,Hospital,3.0,Tier3 provincial hospital
Ghana,Upper East,Bongo District Hospital,District Hospital,MoH,10.9145,-0.80727,GPS,GHA,Hospital,3.0,Tier3 provincial hospital
Ghana,Upper East,Bongo/Soe Health Centre,Health Centre,MoH,10.96426,-0.78193,GPS,GHA,Health Centre,2.0,Tier2 health center
Ghana,Upper East,Bugri Health Centre,Health Centre,MoH,10.9694,-0.13475,GPS,GHA,Health Centre,2.0,Tier2 health center
Ghana,Upper East,Bugsongo/Nyangolingo Community-based Health Planning and Services,Community-based Health Planning and Services,MoH,10.97063,-0.92951,GPS,GHA,Community Health Unit,1.0,Tier1 health post
Ghana,Upper East,Chansa Community-based Health Planning and Services,Community-based Health Planning and Services,MoH,10.57266,-1.19271,GPS,GHA,Community Health Unit,1.0,Tier1 health post
Ghana,Upper East,Chiana Health Centre,Health Centre,MoH,10.85618,-1.27802,GPS,GHA,Health Centre,2.0,Tier2 health center
Ghana,Upper East,Chuchuliga Health Centre,Health Centre,MoH,10.81357,-1.18114,GPS,GHA,Health Centre,2.0,Tier2 health center
Ghana,Upper East,Coronation Clinic,Clinic,MoH,10.78846,-0.8498,GPS,GHA,Health Clinic,2.0,Tier2 health center
Ghana,Upper East,Datuko Clinic,Clinic,MoH,10.71529,-0.64861,GPS,GHA,Health Clinic,2.0,Tier2 health center
Ghana,Upper East,Denegu Clinic,Clinic,MoH,10.72681,-0.2212,GPS,GHA,Health Clinic,2.0,Tier2 health center
Ghana,Upper East,Denugu Community-based Health Planning and Services,Community-based Health Planning and Services,MoH,10.7269,-0.2212,GPS,GHA,Community Health Unit,1.0,Tier1 health post
Ghana,Upper East,Doba Community-based Health Planning and Services,Community-based Health Planning and Services,MoH,10.86488,-1.03804,GPS,GHA,Community Health Unit,1.0,Tier1 health post
Ghana,Upper East,Doninga Health Centre,Health Centre,MoH,10.61591,-1.42572,GPS,GHA,Health Centre,2.0,Tier2 health center
Ghana,Upper East,Dua Clinic,Clinic,MoH,10.88062,-0.79558,GPS,GHA,Health Clinic,2.0,Tier2 health center
Ghana,Upper East,Duusi Community-based Health Planning and Services,Community-based Health Planning and Services,MoH,10.77934,-0.69325,GPS,GHA,Community Health Unit,1.0,Tier1 health post
Ghana,Upper East,Fame Clinic,Clinic,FBO,10.8316,-0.10127,GPS,GHA,Health Clinic,2.0,Tier2 health center
Ghana,Upper East,Feo Community-based Health Planning and Services,Community-based Health Planning and Services,MoH,10.98847,-0.80548,GPS,GHA,Community Health Unit,1.0,Tier1 health post
Ghana,Upper East,Fumbisi Health Centre,Health Centre,MoH,10.45675,-1.31601,GPS,GHA,Health Centre,2.0,Tier2 health center
Ghana,Upper East,Gambibgo Clinic,Clinic,MoH,10.75599,-0.86969,GPS,GHA,Health Clinic,2.0,Tier2 health center
Ghana,Upper East,Garu Health Centre,Health Centre,FBO,10.84948,-0.17807,GPS,GHA,Health Centre,2.0,Tier2 health center
Ghana,Upper East,Gbantongo Clinic,Clinic,MoH,10.8297,-0.50987,GPS,GHA,Health Clinic,2.0,Tier2 health center
Ghana,Upper East,Gbedema Community-based Health Planning and Services,Community-based Health Planning and Services,MoH,10.51352,-1.32208,GPS,GHA,Community Health Unit,1.0,Tier1 health post
Ghana,Upper East,Gbedembilisi Community-based Health Planning and Services,Community-based Health Planning and Services,MoH,10.32742,-1.2467,GPS,GHA,Community Health Unit,1.0,Tier1 health post
Ghana,Upper East,Gia Community-based Health Planning and Services,Community-based Health Planning and Services,MoH,10.92043,-1.13178,GPS,GHA,Community Health Unit,1.0,Tier1 health post
Ghana,Upper East,Gongnia Community-based Health Planning and Services,Community-based Health Planning and Services,MoH,10.86893,-1.08359,GPS,GHA,Community Health Unit,1.0,Tier1 health post
Ghana,Upper East,Googo Clinic,Clinic,MoH,11.02409,-0.41511,GPS,GHA,Health Clinic,2.0,Tier2 health center
Ghana,Upper East,Goore Clinic,Clinic,MoH,10.957901,-0.3141,Combination,GHA,Health Clinic,2.0,Tier2 health center
Ghana,Upper East,Gorigo/Awaradone Community-based Health Planning and Services,Community-based Health Planning and Services,MoH,10.72564,-0.87094,GPS,GHA,Community Health Unit,1.0,Tier1 health post
Ghana,Upper East,Gorogo Community-based Health Planning and Services,Community-based Health Planning and Services,MoH,10.69666,-0.83049,GPS,GHA,Community Health Unit,1.0,Tier1 health post
Ghana,Upper East,Gowrie Community-based Health Planning and Services,Community-based Health Planning and Services,MoH,10.85812,-0.84299,GPS,GHA,Community Health Unit,1.0,Tier1 health post
Ghana,Upper East,K. N. East Health Centre,Health Centre,MoH,10.9259,-0.95765,GPS,GHA,Health Centre,2.0,Tier2 health center
Ghana,Upper East,Kaadema Community-based Health Planning and Services,Community-based Health Planning and Services,MoH,10.58578,-1.2287,GPS,GHA,Community Health Unit,1.0,Tier1 health post
Ghana,Upper East,Kabre Community-based Health Planning and Services,Community-based Health Planning and Services,MoH,10.94445,-0.76877,GPS,GHA,Community Health Unit,1.0,Tier1 health post
Ghana,Upper East,Kadare Community-based Health Planning and Services,Community-based Health Planning and Services,MoH,10.94464,-0.89625,GPS,GHA,Community Health Unit,1.0,Tier1 health post
Ghana,Upper East,Kajelo Community-based Health Planning and Services,Community-based Health Planning and Services,MoH,10.93514,-1.1245,GPS,GHA,Community Health Unit,1.0,Tier1 health post
Ghana,Upper East,Kalbeo CHPS Clinic,Clinic,MoH,10.75174,-0.88293,GPS,GHA,Health Clinic,2.0,Tier2 health center
Ghana,Upper East,Kalijiisa Community-based Health Planning and Services,Community-based Health Planning and Services,MoH,10.77033,-1.27422,GPS,GHA,Community Health Unit,1.0,Tier1 health post
Ghana,Upper East,Kalvio Community-based Health Planning and Services,Community-based Health Planning and Services,MoH,10.83624,-1.24698,GPS,GHA,Community Health Unit,1.0,Tier1 health post
Ghana,Upper East,Kanania Community-based Health Planning and Services,Community-based Health Planning and Services,MoH,10.83074,-1.22417,GPS,GHA,Community Health Unit,1.0,Tier1 health post
Ghana,Upper East,Kanjarga Health Centre,Health Centre,MoH,10.51352,-1.37316,GPS,GHA,Health Centre,2.0,Tier2 health center
Ghana,Upper East,Kansoogo Community-based Health Planning and Services,Community-based Health Planning and Services,MoH,10.97189,-0.51656,GPS,GHA,Community Health Unit,1.0,Tier1 health post
Ghana,Upper East,Katanga Community-based Health Planning and Services,Community-based Health Planning and Services,MoH,10.780401,-0.85825,Combination,GHA,Community Health Unit,1.0,Tier1 health post
Ghana,Upper East,Katiu Community-based Health Planning and Services,Community-based Health Planning and Services,MoH,10.8443,-1.27802,GPS,GHA,Community Health Unit,1.0,Tier1 health post
Ghana,Upper East,Kayoro Community-based Health Planning and Services,Community-based Health Planning and Services,MoH,10.96859,-1.3301,GPS,GHA,Community Health Unit,1.0,Tier1 health post
Ghana,Upper East,Kayoro Health Centre,Health Centre,MoH,10.96854,-1.33011,GPS,GHA,Health Centre,2.0,Tier2 health center
Ghana,Upper East,Kodorogo Community-based Health Planning and Services,Community-based Health Planning and Services,MoH,10.92489,-0.90898,GPS,GHA,Community Health Unit,1.0,Tier1 health post
Ghana,Upper East,Kologo Community-based Health Planning and Services,Community-based Health Planning and Services,MoH,10.7405,-1.07768,GPS,GHA,Community Health Unit,1.0,Tier1 health post
Ghana,Upper East,Kologo Health Centre,Health Centre,MoH,10.7374,-1.07817,GPS,GHA,Health Centre,2.0,Tier2 health center
Ghana,Upper East,Kopella Community-based Health Planning and Services,Community-based Health Planning and Services,MoH,10.75,-0.433333,Geonames,GHA,Community Health Unit,1.0,Tier1 health post
Ghana,Upper East,Kori Community-based Health Planning and Services Centre,Community-based Health Planning and Services,MoH,10.73497,-1.24604,GPS,GHA,Community Health Unit,1.0,Tier1 health post
Ghana,Upper East,Kpatia Community-based Health Planning and Services,Community-based Health Planning and Services,MoH,10.76205,-0.74974,GPS,GHA,Community Health Unit,1.0,Tier1 health post
Ghana,Upper East,Kpatia Community-based Health Planning and Services,Community-based Health Planning and Services,MoH,10.81342,-0.14367,GPS,GHA,Community Health Unit,1.0,Tier1 health post
Ghana,Upper East,Kpattia Community-based Health Planning and Services,Community-based Health Planning and Services,MoH,10.81342,-0.14362,GPS,GHA,Community Health Unit,1.0,Tier1 health post
Ghana,Upper East,KpiKpira Community-based Health Planning and Services,Community-based Health Planning and Services,MoH,10.81243,-0.08464,GPS,GHA,Community Health Unit,1.0,Tier1 health post
Ghana,Upper East,Kugasheigu Community-based Health Planning and Services,Community-based Health Planning and Services,MoH,10.90886,-0.10779,GPS,GHA,Community Health Unit,1.0,Tier1 health post
Ghana,Upper East,Kuka Clinic,Clinic,MoH,11.01361,-0.18853,GPS,GHA,Health Clinic,2.0,Tier2 health center
Ghana,Upper East,Kuka Clinic,Clinic,MoH,11.055143,-0.241204,Combination,GHA,Health Clinic,2.0,Tier2 health center
Ghana,Upper East,Kukparigu Community-based Health Planning and Services,Community-based Health Planning and Services,MoH,10.914,-0.24989,GPS,GHA,Community Health Unit,1.0,Tier1 health post
Ghana,Upper East,Kultamise Clinic,Clinic,MoH,11.12845,-0.15447,GPS,GHA,Health Clinic,2.0,Tier2 health center
Ghana,Upper East,Kulungungu Clinic,Clinic,MoH,11.14667,-0.20935,GPS,GHA,Health Clinic,2.0,Tier2 health center
Ghana,Upper East,Kulungungu Community-based Health Planning and Services,Community-based Health Planning and Services,MoH,11.15,-0.2166,Other,GHA,Community Health Unit,1.0,Tier1 health post
Ghana,Upper East,Kunkua Community-based Health Planning and Services,Community-based Health Planning and Services,MoH,10.87572,-0.82925,GPS,GHA,Community Health Unit,1.0,Tier1 health post
Ghana,Upper East,Kunkwak Community-based Health Planning and Services,Community-based Health Planning and Services,MoH,10.59104,-1.36077,GPS,GHA,Community Health Unit,1.0,Tier1 health post
Ghana,Upper East,Manga Community-based Health Planning and Services,Community-based Health Planning and Services,MoH,11.02384,-0.26314,GPS,GHA,Community Health Unit,1.0,Tier1 health post
Ghana,Upper East,Manyoro Community-based Health Planning and Services,Community-based Health Planning and Services,MoH,10.98142,-0.99035,GPS,GHA,Community Health Unit,1.0,Tier1 health post
Ghana,Upper East,Mirigu Community-based Health Planning and Services,Community-based Health Planning and Services,MoH,10.9089,-0.99527,GPS,GHA,Community Health Unit,1.0,Tier1 health post
Ghana,Upper East,Mognori Clinic,Clinic,MoH,11.11651,-0.27659,GPS,GHA,Health Clinic,2.0,Tier2 health center
Ghana,Upper East,Mutiensa Community-based Health Planning and Services,Community-based Health Planning and Services,MoH,,,,GHA,Community Health Unit,1.0,Tier1 health post
Ghana,Upper East,Muzdem Community-based Health Planning and Services,Community-based Health Planning and Services,MoH,,,,GHA,Community Health Unit,1.0,Tier1 health post
Ghana,Upper East,Naaga Community-based Health Planning and Services,Community-based Health Planning and Services,MoH,10.59894,-1.02745,GPS,GHA,Community Health Unit,1.0,Tier1 health post
Ghana,Upper East,Nafkoliga Community-based Health Planning and Services,Community-based Health Planning and Services,MoH,10.8893,-0.36387,GPS,GHA,Community Health Unit,1.0,Tier1 health post
Ghana,Upper East,Nagani Community-based Health Planning and Services,Community-based Health Planning and Services,MoH,10.95298,-0.01639,GPS,GHA,Community Health Unit,1.0,Tier1 health post
Ghana,Upper East,Nakolo Clinic,Clinic,MoH,10.98988,-1.03621,GPS,GHA,Health Clinic,2.0,Tier2 health center
Ghana,Upper East,Nakolo Community Clinic,Clinic,FBO,10.9899,-1.03623,GPS,GHA,Health Clinic,2.0,Tier2 health center
Ghana,Upper East,Nakom Community-based Health Planning and Services,Community-based Health Planning and Services,MoH,11.0833,0.0166,Other,GHA,Community Health Unit,1.0,Tier1 health post
Ghana,Upper East,Nakong Community-based Health Planning and Services,Community-based Health Planning and Services,MoH,10.81418,-1.424,GPS,GHA,Community Health Unit,1.0,Tier1 health post
Ghana,Upper East,Namolgo Clinic,Clinic,FBO,10.73727,-0.72123,GPS,GHA,Health Clinic,2.0,Tier2 health center
Ghana,Upper East,Namonsa Community-based Health Planning and Services,Community-based Health Planning and Services,MoH,10.78727,-1.17157,GPS,GHA,Community Health Unit,1.0,Tier1 health post
Ghana,Upper East,Namoo Health Centre,Health Centre,MoH,10.96853,-0.8477,GPS,GHA,Health Centre,2.0,Tier2 health center
Ghana,Upper East,Nangodi Health Centre,Health Centre,MoH,10.86307,-0.66135,GPS,GHA,Health Centre,2.0,Tier2 health center
Ghana,Upper East,Natugnia Community-based Health Planning and Services,Community-based Health Planning and Services,MoH,10.96843,-0.97103,GPS,GHA,Community Health Unit,1.0,Tier1 health post
Ghana,Upper East,Navio Community-based Health Planning and Services,Community-based Health Planning and Services,MoH,10.96497,-1.05298,GPS,GHA,Community Health Unit,1.0,Tier1 health post
Ghana,Upper East,Nayagnia Community-based Health Planning and Services,Community-based Health Planning and Services,MoH,10.88547,-1.05459,GPS,GHA,Community Health Unit,1.0,Tier1 health post
Ghana,Upper East,Nyangania Community-based Health Planning and Services,Community-based Health Planning and Services,MoH,10.84255,-1.18961,GPS,GHA,Community Health Unit,1.0,Tier1 health post
Ghana,Upper East,Nyangania Community-based Health Planning and Services,Community-based Health Planning and Services,MoH,10.88547,-1.05457,GPS,GHA,Community Health Unit,1.0,Tier1 health post
Ghana,Upper East,Nyariga Clinic,Clinic,MoH,10.84756,-0.88225,GPS,GHA,Health Clinic,2.0,Tier2 health center
Ghana,Upper East,Nyokokor Community-based Health Planning and Services,Community-based Health Planning and Services,MoH,10.8,-0.7666,Other,GHA,Community Health Unit,1.0,Tier1 health post
Ghana,Upper East,Paga Health Centre,Health Centre,MoH,10.97053,-1.10099,GPS,GHA,Health Centre,2.0,Tier2 health center
Ghana,Upper East,Pelungu Clinic,Clinic,MoH,10.80039,-0.69548,GPS,GHA,Health Clinic,2.0,Tier2 health center
Ghana,Upper East,Pinda Community-based Health Planning and Services,Community-based Health Planning and Services,MoH,10.9845,-1.15623,GPS,GHA,Community Health Unit,1.0,Tier1 health post
Ghana,Upper East,Pungu North Community-based Health Planning and Services,Community-based Health Planning and Services,MoH,10.91222,-1.07443,GPS,GHA,Community Health Unit,1.0,Tier1 health post
Ghana,Upper East,Pungu South Community-based Health Planning and Services,Community-based Health Planning and Services,MoH,10.91361,-1.06369,GPS,GHA,Community Health Unit,1.0,Tier1 health post
Ghana,Upper East,Pusiga Health Centre,Health Centre,MoH,11.08115,-0.12473,GPS,GHA,Health Centre,2.0,Tier2 health center
Ghana,Upper East,Pwalugu Health centre,Health Centre,MoH,10.61157,-0.86053,GPS,GHA,Health Centre,2.0,Tier2 health center
Ghana,Upper East,Rabito Clinic,Clinic,MoH,10.850482,-0.179578,Other,GHA,Health Clinic,2.0,Tier2 health center
Ghana,Upper East,Sakote Community-based Health Planning and Services,Community-based Health Planning and Services,MoH,10.79052,-0.61917,GPS,GHA,Community Health Unit,1.0,Tier1 health post
Ghana,Upper East,Salpiiga Community-based Health Planning and Services,Community-based Health Planning and Services,MoH,11.0616,-0.38571,GPS,GHA,Community Health Unit,1.0,Tier1 health post
Ghana,Upper East,Sandema District Hospital,District Hospital,MoH,10.73339,-1.28786,GPS,GHA,Hospital,3.0,Tier3 provincial hospital
Ghana,Upper East,Sapelliga Health Centre,Health Centre,MoH,11.07824,-0.40863,GPS,GHA,Health Centre,2.0,Tier2 health center
Ghana,Upper East,Saporo Community-based Health Planning and Services,Community-based Health Planning and Services,MoH,10.87062,-0.74361,GPS,GHA,Community Health Unit,1.0,Tier1 health post
Ghana,Upper East,Sarabogo Community-based Health Planning and Services,Community-based Health Planning and Services,MoH,11.05838,-0.16943,GPS,GHA,Community Health Unit,1.0,Tier1 health post
Ghana,Upper East,Sherigu Clinic,Clinic,MoH,10.77276,-0.91063,GPS,GHA,Health Clinic,2.0,Tier2 health center
Ghana,Upper East,Shia Community-based Health Planning and Services,Community-based Health Planning and Services,MoH,10.671021,-0.838523,Other,GHA,Community Health Unit,1.0,Tier1 health post
Ghana,Upper East,Siniensi Presby Community Clinic,Clinic,FBO,10.6659,-1.35664,GPS,GHA,Health Clinic,2.0,Tier2 health center
Ghana,Upper East,Sirigu Clinic,Clinic,FBO,10.95793,-0.94242,GPS,GHA,Health Clinic,2.0,Tier2 health center
Ghana,Upper East,Sokabisi Clinic,Clinic,MoH,10.79087,-0.88137,GPS,GHA,Health Clinic,2.0,Tier2 health center
Ghana,Upper East,Songo Clinic,Clinic,MoH,10.72399,-0.28843,GPS,GHA,Health Clinic,2.0,Tier2 health center
Ghana,Upper East,Sumaduri Community-based Health Planning and Services,Community-based Health Planning and Services,MoH,10.82053,-0.0559,GPS,GHA,Community Health Unit,1.0,Tier1 health post
Ghana,Upper East,Sumaduri Presby Health Clinic,Clinic,FBO,10.82055,-0.05591,GPS,GHA,Health Clinic,2.0,Tier2 health center
Ghana,Upper East,Sumbrungu Clinic,Clinic,MoH,10.82285,-0.93263,GPS,GHA,Health Clinic,2.0,Tier2 health center
Ghana,Upper East,Tanga Community-based Health Planning and Services,Community-based Health Planning and Services,MoH,10.90813,-0.43994,GPS,GHA,Community Health Unit,1.0,Tier1 health post
Ghana,Upper East,Tarikum Community-based Health Planning and Services,Community-based Health Planning and Services,MoH,10.8666,-0.5166,Other,GHA,Community Health Unit,1.0,Tier1 health post
Ghana,Upper East,Teshie Community-based Health Planning and Services,Community-based Health Planning and Services,MoH,10.97864,-0.48265,GPS,GHA,Community Health Unit,1.0,Tier1 health post
Ghana,Upper East,Tilli  Clinic,Clinic,MoH,10.88323,-0.56105,GPS,GHA,Health Clinic,2.0,Tier2 health center
Ghana,Upper East,Timonde Community-based Health Planning and Services,Community-based Health Planning and Services,MoH,10.91236,-0.4065,GPS,GHA,Community Health Unit,1.0,Tier1 health post
Ghana,Upper East,Timonde Health Centre,Health Centre,MoH,10.91238,-0.4065,GPS,GHA,Health Centre,2.0,Tier2 health center
Ghana,Upper East,Tindanatinga Community-based Health Planning and Services,Community-based Health Planning and Services,MoH,11.05995,-0.236485,Combination,GHA,Community Health Unit,1.0,Tier1 health post
Ghana,Upper East,Tolla Community-based Health Planning and Services,Community-based Health Planning and Services,MoH,10.59899,-0.61462,GPS,GHA,Community Health Unit,1.0,Tier1 health post
Ghana,Upper East,Tongo Health Centre,Health Centre,MoH,10.71384,-0.7945,GPS,GHA,Health Centre,2.0,Tier2 health center
Ghana,Upper East,Urban Health Centre,Health Centre,MoH,11.06113,-0.23858,GPS,GHA,Health Centre,2.0,Tier2 health center
Ghana,Upper East,Urban West Clinic,Clinic,MoH,11.057612,-0.242992,Other,GHA,Health Clinic,2.0,Tier2 health center
Ghana,Upper East,Uwasi Community-based Health Planning and Services,Community-based Health Planning and Services,MoH,10.48012,-1.22845,GPS,GHA,Community Health Unit,1.0,Tier1 health post
Ghana,Upper East,Vea Health Centre,Health Centre,MoH,10.87557,-0.86574,GPS,GHA,Health Centre,2.0,Tier2 health center
Ghana,Upper East,Vunania Community-based Health Planning and Services,Community-based Health Planning and Services,MoH,10.83948,-1.06925,GPS,GHA,Community Health Unit,1.0,Tier1 health post
Ghana,Upper East,Wagliga Community-based Health Planning and Services,Community-based Health Planning and Services,MoH,10.87064,-0.74359,GPS,GHA,Community Health Unit,1.0,Tier1 health post
Ghana,Upper East,War Memorial District Hospital,District Hospital,MoH,10.88304,-1.08532,Combination,GHA,Hospital,3.0,Tier3 provincial hospital
Ghana,Upper East,Wiaga Clinic,Clinic,FBO,10.65505,-1.25675,GPS,GHA,Health Clinic,2.0,Tier2 health center
Ghana,Upper East,Widana Health Centre,Health Centre,FBO,11.08177,-0.0183,GPS,GHA,Health Centre,2.0,Tier2 health center
Ghana,Upper East,Widnaba Clinic,Clinic,MoH,10.97184,-0.56827,GPS,GHA,Health Clinic,2.0,Tier2 health center
Ghana,Upper East,Winkogo Clinic,Clinic,MoH,10.71774,-0.86642,GPS,GHA,Health Clinic,2.0,Tier2 health center
Ghana,Upper East,Worikambo Health Centre,Health Centre,MoH,10.7719,-0.14176,GPS,GHA,Health Centre,2.0,Tier2 health center
Ghana,Upper East,Worinyanga Health Centre,Health Centre,FBO,10.89508,-0.05591,GPS,GHA,Health Centre,2.0,Tier2 health center
Ghana,Upper East,Wupiensa Community-based Health Planning and Services,Community-based Health Planning and Services,MoH,10.57749,-1.4525,GPS,GHA,Community Health Unit,1.0,Tier1 health post
Ghana,Upper East,Wuru Community-based Health Planning and Services,Community-based Health Planning and Services,MoH,10.88533,-1.11713,GPS,GHA,Community Health Unit,1.0,Tier1 health post
Ghana,Upper East,Yarigabisi Community-based Health Planning and Services,Community-based Health Planning and Services,MoH,10.780355,-0.829152,Other,GHA,Community Health Unit,1.0,Tier1 health post
Ghana,Upper East,Yarigu Community-based Health Planning and Services,Community-based Health Planning and Services,MoH,10.95773,-0.39745,GPS,GHA,Community Health Unit,1.0,Tier1 health post
Ghana,Upper East,Yelwoko Anglican Clinic,Clinic,FBO,10.85902,-0.49363,GPS,GHA,Health Clinic,2.0,Tier2 health center
Ghana,Upper East,Yinduri Community-based Health Planning and Services,Community-based Health Planning and Services,MoH,10.654601,-0.823364,Other,GHA,Community Health Unit,1.0,Tier1 health post
Ghana,Upper East,Yorogo-Madina Community-based Health Planning and Services,Community-based Health Planning and Services,MoH,10.8166,-0.8166,Other,GHA,Community Health Unit,1.0,Tier1 health post
Ghana,Upper East,Yua Community-based Health Planning and Services,Community-based Health Planning and Services,MoH,10.783153,-0.265214,Other,GHA,Community Health Unit,1.0,Tier1 health post
Ghana,Upper East,Zanlerigu Community-based Health Planning and Services,Community-based Health Planning and Services,MoH,10.80643,-0.73703,GPS,GHA,Community Health Unit,1.0,Tier1 health post
Ghana,Upper East,Zawse Community-based Health Planning and Services,Community-based Health Planning and Services,MoH,11.05267,-0.29344,GPS,GHA,Community Health Unit,1.0,Tier1 health post
Ghana,Upper East,Zebilla  District Hospital,District Hospital,MoH,10.93621,-0.47351,GPS,GHA,Hospital,3.0,Tier3 provincial hospital
Ghana,Upper East,Zongoire Community-based Health Planning and Services,Community-based Health Planning and Services,MoH,10.66532,-0.41185,GPS,GHA,Community Health Unit,1.0,Tier1 health post
Ghana,Upper East,Zongoire Health Centre,Health Centre,MoH,10.69006,-0.43349,GPS,GHA,Health Centre,2.0,Tier2 health center
Ghana,Upper East,Zorko Health Centre,Health Centre,FBO,10.90874,-0.88592,GPS,GHA,Health Centre,2.0,Tier2 health center
Ghana,Upper East,Zuabulga Clinic,Clinic,MoH,11.04919,-0.14153,GPS,GHA,Health Clinic,2.0,Tier2 health center
Ghana,Upper East,Zuarungu Health Centre,Health Centre,MoH,10.79136,-0.79367,GPS,GHA,Health Centre,2.0,Tier2 health center
Ghana,Upper East,Zuarungu-Moshie Clinic,Clinic,MoH,10.83355,-0.7518,GPS,GHA,Health Clinic,2.0,Tier2 health center
Ghana,Upper West,Ahmadiya Mission Hospital,Hospital,FBO,10.1697,-2.54172,GPS,GHA,Hospital,3.0,Tier3 provincial hospital
Ghana,Upper West,Ahmadiya Muslim Clinic,Clinic,FBO,10.05382,-2.51601,GPS,GHA,Health Clinic,2.0,Tier2 health center
Ghana,Upper West,Baayiri Health Centre,Health Centre,MoH,10.18576,-2.32134,GPS,GHA,Health Centre,2.0,Tier2 health center
Ghana,Upper West,Babile Health Centre,Health Centre,MoH,10.52417,-2.8465,GPS,GHA,Health Centre,2.0,Tier2 health center
Ghana,Upper West,Bamahu Community-based Health Planning and Services,Community-based Health Planning and Services,MoH,10.006129,-2.483931,Other,GHA,Community Health Unit,1.0,Tier1 health post
Ghana,Upper West,Baseble Health Centre,Health Centre,MoH,10.80436,-2.80187,GPS,GHA,Health Centre,2.0,Tier2 health center
Ghana,Upper West,Bawiesibella Community-based Health Planning and Services,Community-based Health Planning and Services,MoH,,,,GHA,Community Health Unit,1.0,Tier1 health post
Ghana,Upper West,Biitenga Community-based Health Planning and Services,Community-based Health Planning and Services,MoH,,,,GHA,Community Health Unit,1.0,Tier1 health post
Ghana,Upper West,Billaw Health Centre,Health Centre,MoH,10.92125,-2.68208,GPS,GHA,Health Centre,2.0,Tier2 health center
Ghana,Upper West,Biro Community-based Health Planning and Services,Community-based Health Planning and Services,MoH,10.28673,-2.5108,GPS,GHA,Community Health Unit,1.0,Tier1 health post
Ghana,Upper West,Boli Community-based Health Planning and Services,Community-based Health Planning and Services,MoH,9.948056,-2.390278,Geonames,GHA,Community Health Unit,1.0,Tier1 health post
Ghana,Upper West,Buffiamah Community-based Health Planning and Services,Community-based Health Planning and Services,MoH,10.183,-1.918,Encarta,GHA,Community Health Unit,1.0,Tier1 health post
Ghana,Upper West,Bulenga Health Centre,Health Centre,MoH,9.93698,-2.20738,GPS,GHA,Health Centre,2.0,Tier2 health center
Ghana,Upper West,Buo Community-based Health Planning and Services,Community-based Health Planning and Services,MoH,10.943272,-2.497934,Other,GHA,Community Health Unit,1.0,Tier1 health post
Ghana,Upper West,Busa Health Centre,Health Centre,MoH,10.02056,-2.39099,GPS,GHA,Health Centre,2.0,Tier2 health center
Ghana,Upper West,Bussie Health Centre,Health Centre,MoH,10.49066,-2.50068,GPS,GHA,Health Centre,2.0,Tier2 health center
Ghana,Upper West,Challa Community-based Health Planning and Services,Community-based Health Planning and Services,MoH,10.18016,-2.13909,GPS,GHA,Community Health Unit,1.0,Tier1 health post
Ghana,Upper West,Charia Health Centre,Health Centre,MoH,10.06355,-2.34146,GPS,GHA,Health Centre,2.0,Tier2 health center
Ghana,Upper West,Charikpong Health Centre,Health Centre,MoH,10.35723,-2.78414,GPS,GHA,Health Centre,2.0,Tier2 health center
Ghana,Upper West,Charingu Health Centre,Health Centre,MoH,10.085609,-2.293877,Other,GHA,Health Centre,2.0,Tier2 health center
Ghana,Upper West,Cheri-Sombo Community-based Health Planning and Services,Community-based Health Planning and Services,MoH,10.30419,-2.68883,GPS,GHA,Community Health Unit,1.0,Tier1 health post
Ghana,Upper West,Chogsia Community-based Health Planning and Services,Community-based Health Planning and Services,MoH,9.76549,-2.5638,GPS,GHA,Community Health Unit,1.0,Tier1 health post
Ghana,Upper West,Dabo Community-based Health Planning and Services,Community-based Health Planning and Services,MoH,10.0702,-2.4596,GPS,GHA,Community Health Unit,1.0,Tier1 health post
Ghana,Upper West,Daffiama Health Centre,Health Centre,MoH,10.4238,-2.56187,GPS,GHA,Health Centre,2.0,Tier2 health center
Ghana,Upper West,Dahile Community-based Health Planning and Services,Community-based Health Planning and Services,MoH,10.57299,-2.44459,GPS,GHA,Community Health Unit,1.0,Tier1 health post
Ghana,Upper West,Dapuori Health Centre,Health Centre,MoH,10.87584,-2.6527,GPS,GHA,Health Centre,2.0,Tier2 health center
Ghana,Upper West,Dikpe Community-based Health Planning and Services,Community-based Health Planning and Services,MoH,10.38689,-2.5556,GPS,GHA,Community Health Unit,1.0,Tier1 health post
Ghana,Upper West,Dobile Community-based Health Planning and Services,Community-based Health Planning and Services,MoH,10.04092,-2.30982,GPS,GHA,Community Health Unit,1.0,Tier1 health post
Ghana,Upper West,Domwine Health Centre,Health Centre,MoH,10.63893,-2.74379,GPS,GHA,Health Centre,2.0,Tier2 health center
Ghana,Upper West,Dondoli Community-based Health Planning and Services,Community-based Health Planning and Services,MoH,10.04063,-2.29734,GPS,GHA,Community Health Unit,1.0,Tier1 health post
Ghana,Upper West,Dorimon Health Centre,Health Centre,MoH,10.03485,-2.68508,GPS,GHA,Health Centre,2.0,Tier2 health center
Ghana,Upper West,Dornye Community-based Health Planning and Services,Community-based Health Planning and Services,MoH,9.68347,-2.70487,GPS,GHA,Community Health Unit,1.0,Tier1 health post
Ghana,Upper West,Ducie Community-based Health Planning and Services,Community-based Health Planning and Services,MoH,9.933744,-2.199076,Combination,GHA,Community Health Unit,1.0,Tier1 health post
Ghana,Upper West,Duong Community-based Health Planning and Services,Community-based Health Planning and Services,MoH,10.20917,-2.32978,GPS,GHA,Community Health Unit,1.0,Tier1 health post
Ghana,Upper West,Duori Health Centre,Health Centre,MoH,10.59387,-2.78433,GPS,GHA,Health Centre,2.0,Tier2 health center
Ghana,Upper West,Duwie Community-based Health Planning and Services,Community-based Health Planning and Services,MoH,10.689606,-2.233224,Other,GHA,Community Health Unit,1.0,Tier1 health post
Ghana,Upper West,Eggu Health Centre,Health Centre,MoH,10.14579,-2.67158,GPS,GHA,Health Centre,2.0,Tier2 health center
Ghana,Upper West,Eremon Health Centre,Health Centre,MoH,10.709732,-2.788569,Other,GHA,Health Centre,2.0,Tier2 health center
Ghana,Upper West,Fian Health Centre,Health Centre,MoH,10.38618,-2.46862,GPS,GHA,Health Centre,2.0,Tier2 health center
Ghana,Upper West,Ga Community-based Health Planning and Services,Community-based Health Planning and Services,MoH,,,,GHA,Community Health Unit,1.0,Tier1 health post
Ghana,Upper West,Gbieri Community-based Health Planning and Services,Community-based Health Planning and Services,MoH,10.62186,-2.89917,GPS,GHA,Community Health Unit,1.0,Tier1 health post
Ghana,Upper West,Gengenkpe Health Centre,Health Centre,MoH,10.8222,-2.85046,GPS,GHA,Health Centre,2.0,Tier2 health center
Ghana,Upper West,Goh Community-based Health Planning and Services,Community-based Health Planning and Services,MoH,10.10873,-2.13551,GPS,GHA,Community Health Unit,1.0,Tier1 health post
Ghana,Upper West,Goli Community-based Health Planning and Services,Community-based Health Planning and Services,MoH,10.30059,-2.62405,GPS,GHA,Community Health Unit,1.0,Tier1 health post
Ghana,Upper West,Gurungu Health Centre,Health Centre,MoH,9.72288,-2.57621,GPS,GHA,Health Centre,2.0,Tier2 health center
Ghana,Upper West,Gwollu Health Centre,Health Centre,MoH,10.98236,-2.22292,GPS,GHA,Health Centre,2.0,Tier2 health center
Ghana,Upper West,Hain Health Centre,Health Centre,MoH,10.69209,-2.43668,GPS,GHA,Health Centre,2.0,Tier2 health center
Ghana,Upper West,Hamile Health Centre,Health Centre,MoH,10.99267,-2.73559,GPS,GHA,Health Centre,2.0,Tier2 health center
Ghana,Upper West,Henteng Community-based Health Planning and Services,Community-based Health Planning and Services,MoH,10.55812,-2.37083,GPS,GHA,Community Health Unit,1.0,Tier1 health post
Ghana,Upper West,Holomuni Health Centre,Health Centre,MoH,9.91628,-1.77969,GPS,GHA,Health Centre,2.0,Tier2 health center
Ghana,Upper West,Infirmary Clinic,Clinic,MoH,10.37467,-2.30288,GPS,GHA,Health Clinic,2.0,Tier2 health center
Ghana,Upper West,Issa Health Centre,Health Centre,MoH,10.38425,-2.32807,GPS,GHA,Health Centre,2.0,Tier2 health center
Ghana,Upper West,Jang Health Centre,Health Centre,MoH,10.19736,-2.45978,GPS,GHA,Health Centre,2.0,Tier2 health center
Ghana,Upper West,Jeffisi Health Centre,Health Centre,MoH,10.77011,-2.26815,GPS,GHA,Health Centre,2.0,Tier2 health center
Ghana,Upper West,Jenebob Community-based Health Planning and Services,Community-based Health Planning and Services,MoH,,,,GHA,Community Health Unit,1.0,Tier1 health post
Ghana,Upper West,Jeyiri Community-based Health Planning and Services,Community-based Health Planning and Services,MoH,9.823056,-2.203333,Geonames,GHA,Community Health Unit,1.0,Tier1 health post
Ghana,Upper West,Jonga Community-based Health Planning and Services,Community-based Health Planning and Services,MoH,10.03265,-2.25044,GPS,GHA,Community Health Unit,1.0,Tier1 health post
Ghana,Upper West,Kaleo Health Centre,Health Centre,FBO,10.17137,-2.54686,GPS,GHA,Health Centre,2.0,Tier2 health center
Ghana,Upper West,Kamahegu Community-based Health Planning and Services,Community-based Health Planning and Services,MoH,10.49047,-2.49141,GPS,GHA,Community Health Unit,1.0,Tier1 health post
Ghana,Upper West,Kambali Health Centre,Health Centre,MoH,10.142572,-2.351477,Other,GHA,Health Centre,2.0,Tier2 health center
Ghana,Upper West,Kanyini Community-based Health Planning and Services,Community-based Health Planning and Services,MoH,10.16023,-2.2956,GPS,GHA,Community Health Unit,1.0,Tier1 health post
Ghana,Upper West,Karni Health Centre,Health Centre,MoH,10.67039,-2.63989,GPS,GHA,Health Centre,2.0,Tier2 health center
Ghana,Upper West,Kattaa Community-based Health Planning and Services,Community-based Health Planning and Services,MoH,9.9833,-1.95,Other,GHA,Community Health Unit,1.0,Tier1 health post
Ghana,Upper West,Katua Community-based Health Planning and Services,Community-based Health Planning and Services,MoH,9.922242,-2.184037,Combination,GHA,Community Health Unit,1.0,Tier1 health post
Ghana,Upper West,Ketuo Health Centre,Health Centre,MoH,10.90453,-2.79764,GPS,GHA,Health Centre,2.0,Tier2 health center
Ghana,Upper West,Ko Health Centre,Health Centre,FBO,10.78969,-2.72994,GPS,GHA,Health Centre,2.0,Tier2 health center
Ghana,Upper West,Kojokpere Health Centre,Health Centre,MoH,10.36052,-2.23234,GPS,GHA,Health Centre,2.0,Tier2 health center
Ghana,Upper West,Kokoligu Community-based Health Planning and Services,Community-based Health Planning and Services,MoH,10.983288,-2.799922,Other,GHA,Community Health Unit,1.0,Tier1 health post
Ghana,Upper West,Konta North Clinic,Clinic,MoH,10.05631,-2.50149,Combination,GHA,Health Clinic,2.0,Tier2 health center
Ghana,Upper West,Kpaglahi Community-based Health Planning and Services,Community-based Health Planning and Services,MoH,,,,GHA,Community Health Unit,1.0,Tier1 health post
Ghana,Upper West,Kpazie Community-based Health Planning and Services,Community-based Health Planning and Services,MoH,10.424259,-2.700652,Other,GHA,Community Health Unit,1.0,Tier1 health post
Ghana,Upper West,Kperisi Community-based Health Planning and Services,Community-based Health Planning and Services,MoH,10.11981,-2.45597,GPS,GHA,Community Health Unit,1.0,Tier1 health post
Ghana,Upper West,Kpomgu Community-based Health Planning and Services,Community-based Health Planning and Services,MoH,,,,GHA,Community Health Unit,1.0,Tier1 health post
Ghana,Upper West,Kulfuo Health Centre,Health Centre,MoH,10.60463,-1.91881,GPS,GHA,Health Centre,2.0,Tier2 health center
Ghana,Upper West,Kumbiehi Community-based Health Planning and Services,Community-based Health Planning and Services,MoH,10.0512,-2.30109,GPS,GHA,Community Health Unit,1.0,Tier1 health post
Ghana,Upper West,Kunchelleyiri Community-based Health Planning and Services,Community-based Health Planning and Services,MoH,,,,GHA,Community Health Unit,1.0,Tier1 health post
Ghana,Upper West,Kunchogu Health Centre,Health Centre,MoH,10.861528,-1.672028,GPS,GHA,Health Centre,2.0,Tier2 health center
Ghana,Upper West,Kundugu Health Centre,Health Centre,FBO,10.13225,-1.74884,GPS,GHA,Health Centre,2.0,Tier2 health center
Ghana,Upper West,Lambussie Health Centre,Health Centre,MoH,10.84665,-2.70396,GPS,GHA,Health Centre,2.0,Tier2 health center
Ghana,Upper West,Lassia Tuolu Health Centre,Health Centre,FBO,9.83749,-2.60251,GPS,GHA,Health Centre,2.0,Tier2 health center
Ghana,Upper West,Lawra District Hospital,District Hospital,MoH,10.64207,-2.88789,Combination,GHA,Hospital,3.0,Tier3 provincial hospital
Ghana,Upper West,Lawra Methodist Clinic,Clinic,FBO,10.644118,-2.890225,Other,GHA,Health Clinic,2.0,Tier2 health center
Ghana,Upper West,Loggu Health Centre,Health Centre,MoH,9.90349,-2.35382,GPS,GHA,Health Centre,2.0,Tier2 health center
Ghana,Upper West,Market Clinic,Clinic,MoH,10.05541,-2.503293,Combination,GHA,Health Clinic,2.0,Tier2 health center
Ghana,Upper West,Metteu Community-based Health Planning and Services,Community-based Health Planning and Services,MoH,9.75,-2.6,Other,GHA,Community Health Unit,1.0,Tier1 health post
Ghana,Upper West,Naaha Community-based Health Planning and Services,Community-based Health Planning and Services,MoH,10.137853,-2.329694,Other,GHA,Community Health Unit,1.0,Tier1 health post
Ghana,Upper West,Nabugubelle Health Centre,Health Centre,MoH,10.70826,-1.86694,GPS,GHA,Health Centre,2.0,Tier2 health center
Ghana,Upper West,Nabulo Health Centre,Health Centre,MoH,10.48354,-1.79061,GPS,GHA,Health Centre,2.0,Tier2 health center
Ghana,Upper West,Nadowli District Hospital,District Hospital,MoH,10.36238,-2.65785,GPS,GHA,Hospital,3.0,Tier3 provincial hospital
Ghana,Upper West,Nakora Community-based Health Planning and Services,Community-based Health Planning and Services,MoH,10.0333,-2.5333,Other,GHA,Community Health Unit,1.0,Tier1 health post
Ghana,Upper West,Nandom Hospital,Hospital,FBO,10.83872,-2.7722,GPS,GHA,Hospital,3.0,Tier3 provincial hospital
Ghana,Upper West,Nanvilli Health Centre,Health Centre,FBO,10.22885,-2.71178,GPS,GHA,Health Centre,2.0,Tier2 health center
Ghana,Upper West,Nanyaari Community-based Health Planning and Services,Community-based Health Planning and Services,MoH,10.64074,-2.8536,GPS,GHA,Community Health Unit,1.0,Tier1 health post
Ghana,Upper West,Naro Community-based Health Planning and Services,Community-based Health Planning and Services,MoH,10.31828,-2.46513,GPS,GHA,Community Health Unit,1.0,Tier1 health post
Ghana,Upper West,Nator Community-based Health Planning and Services,Community-based Health Planning and Services,MoH,10.26844,-2.65501,GPS,GHA,Community Health Unit,1.0,Tier1 health post
Ghana,Upper West,Piina Health Centre,Health Centre,FBO,10.83587,-2.6414,GPS,GHA,Health Centre,2.0,Tier2 health center
Ghana,Upper West,Piisi Community-based Health Planning and Services,Community-based Health Planning and Services,MoH,9.957171,-2.662532,Other,GHA,Community Health Unit,1.0,Tier1 health post
Ghana,Upper West,Ping Community-based Health Planning and Services,Community-based Health Planning and Services,MoH,10.37472,-2.30283,Combination,GHA,Community Health Unit,1.0,Tier1 health post
Ghana,Upper West,Poyentanga Health Centre,Health Centre,MoH,9.8663,-2.46372,GPS,GHA,Health Centre,2.0,Tier2 health center
Ghana,Upper West,Sabuli Health Centre,Health Centre,FBO,10.5721,-2.51892,GPS,GHA,Health Centre,2.0,Tier2 health center
Ghana,Upper West,Sakia Community-based Health Planning and Services,Community-based Health Planning and Services,MoH,10.73223,-1.96607,GPS,GHA,Community Health Unit,1.0,Tier1 health post
Ghana,Upper West,Samanbo Community-based Health Planning and Services,Community-based Health Planning and Services,MoH,10.2902,-2.18107,GPS,GHA,Community Health Unit,1.0,Tier1 health post
Ghana,Upper West,Samoa Health Centre,Health Centre,MoH,10.83063,-2.56044,GPS,GHA,Health Centre,2.0,Tier2 health center
Ghana,Upper West,Sampina Community-based Health Planning and Services,Community-based Health Planning and Services,MoH,10.19332,-2.48783,GPS,GHA,Community Health Unit,1.0,Tier1 health post
Ghana,Upper West,Samuel Saidu Memorial Clinic,Clinic,MoH,10.190047,-2.253505,Other,GHA,Health Clinic,2.0,Tier2 health center
Ghana,Upper West,Sankana Community-based Health Planning and Services,Community-based Health Planning and Services,MoH,10.19884,-2.59114,GPS,GHA,Community Health Unit,1.0,Tier1 health post
Ghana,Upper West,Sentu Community-based Health Planning and Services,Community-based Health Planning and Services,MoH,10.79589,-2.66981,GPS,GHA,Community Health Unit,1.0,Tier1 health post
Ghana,Upper West,Sombo Health Centre,Health Centre,MoH,10.25833,-2.55833,GPS,GHA,Health Centre,2.0,Tier2 health center
Ghana,Upper West,Somboro Community-based Health Planning and Services,Community-based Health Planning and Services,MoH,10.476665,-2.645763,Combination,GHA,Community Health Unit,1.0,Tier1 health post
Ghana,Upper West,St. Gerhard Health Centre,Health Centre,FBO,10.97307,-2.59729,GPS,GHA,Health Centre,2.0,Tier2 health center
Ghana,Upper West,St. John's Health Centre,Health Centre,FBO,10.29971,-1.97081,GPS,GHA,Health Centre,2.0,Tier2 health center
Ghana,Upper West,St. Joseph's District Hospital,District Hospital,FBO,10.53334,-2.69916,GPS,GHA,Hospital,3.0,Tier3 provincial hospital
Ghana,Upper West,Suke Community-based Health Planning and Services,Community-based Health Planning and Services,MoH,10.50966,-2.30977,GPS,GHA,Community Health Unit,1.0,Tier1 health post
Ghana,Upper West,Tabiesi Community-based Health Planning and Services,Community-based Health Planning and Services,MoH,10.333,-2.301,Encarta,GHA,Community Health Unit,1.0,Tier1 health post
Ghana,Upper West,Takpo Health Centre,Health Centre,MoH,10.21344,-2.6503,GPS,GHA,Health Centre,2.0,Tier2 health center
Ghana,Upper West,Tampaala Community-based Health Planning and Services,Community-based Health Planning and Services,MoH,10.482897,-2.655938,Combination,GHA,Community Health Unit,1.0,Tier1 health post
Ghana,Upper West,Tampalipaani Community-based Health Planning and Services,Community-based Health Planning and Services,MoH,10.05,-2.2833,Other,GHA,Community Health Unit,1.0,Tier1 health post
Ghana,Upper West,Tankyaara Community-based Health Planning and Services,Community-based Health Planning and Services,MoH,10.55,-2.8166,Other,GHA,Community Health Unit,1.0,Tier1 health post
Ghana,Upper West,Tuggo Health Centre,Health Centre,MoH,10.51098,-2.80053,GPS,GHA,Health Centre,2.0,Tier2 health center
Ghana,Upper West,Tumu District Hospital,District Hospital,MoH,10.87758,-1.98649,GPS,GHA,Hospital,3.0,Tier3 provincial hospital
Ghana,Upper West,Tuopare Community-based Health Planning and Services,Community-based Health Planning and Services,MoH,10.45733,-2.42345,GPS,GHA,Community Health Unit,1.0,Tier1 health post
Ghana,Upper West,Ullo Health Centre,Health Centre,MoH,10.6926,-2.55772,GPS,GHA,Health Centre,2.0,Tier2 health center
Ghana,Upper West,Upper West Regional Hospital,Regional Hospital,MoH,10.05537,-2.49806,GPS,GHA,Hospital,3.0,Tier3 provincial hospital
Ghana,Upper West,Vieri Community-based Health Planning and Services,Community-based Health Planning and Services,MoH,9.92946,-2.59469,GPS,GHA,Community Health Unit,1.0,Tier1 health post
Ghana,Upper West,Wa Urban Health Centre,Health Centre,MoH,10.06041,-2.5003,GPS,GHA,Health Centre,2.0,Tier2 health center
Ghana,Upper West,Wechau Health Centre,Health Centre,MoH,9.82642,-2.6844,Combination,GHA,Health Centre,2.0,Tier2 health center
Ghana,Upper West,Wellembelle Health Centre,Health Centre,MoH,10.49278,-1.93614,GPS,GHA,Health Centre,2.0,Tier2 health center
Ghana,Upper West,Yaala Health Centre,Health Centre,MoH,10.12777,-1.83648,GPS,GHA,Health Centre,2.0,Tier2 health center
Ghana,Upper West,Yagha Health Centre,Health Centre,MoH,10.480583,-2.790083,GPS,GHA,Health Centre,2.0,Tier2 health center
Ghana,Upper West,Zambo Health Centre,Health Centre,MoH,10.65352,-2.84888,GPS,GHA,Health Centre,2.0,Tier2 health center
Ghana,Upper West,Zini Health Centre,Health Centre,MoH,10.86016,-2.4089,GPS,GHA,Health Centre,2.0,Tier2 health center
Ghana,Volta,Abotoase Health Centre,Health Centre,MoH,7.40788,0.30284,GPS,GHA,Health Centre,2.0,Tier2 health center
Ghana,Volta,Abui Community-based Health Planning and Services,Community-based Health Planning and Services,MoH,,,,GHA,Community Health Unit,1.0,Tier1 health post
Ghana,Volta,Abutia Agove Health Centre,Health Centre,MoH,6.505783,0.364633,GPS,GHA,Health Centre,2.0,Tier2 health center
Ghana,Volta,Abutia Kloe Health Centre,Health Centre,MoH,6.4841,0.34725,GPS,GHA,Health Centre,2.0,Tier2 health center
Ghana,Volta,Adaklu Ahunda Health Centre,Health Centre,MoH,6.28798,0.54468,GPS,GHA,Health Centre,2.0,Tier2 health center
Ghana,Volta,Adaklu Hlekpe Health Centre,Health Centre,MoH,6.49032,0.48773,GPS,GHA,Health Centre,2.0,Tier2 health center
Ghana,Volta,Adaklu Waya   Health Centre,Health Centre,MoH,6.44801,0.62388,GPS,GHA,Health Centre,2.0,Tier2 health center
Ghana,Volta,Adidome District Hospital,District Hospital,MoH,6.07347,0.49812,GPS,GHA,Hospital,3.0,Tier3 provincial hospital
Ghana,Volta,Adina Health Centre,Health Centre,MoH,6.04202,1.07422,GPS,GHA,Health Centre,2.0,Tier2 health center
Ghana,Volta,Adumadum Health Centre,Health Centre,MoH,7.82039,0.036993,GPS,GHA,Health Centre,2.0,Tier2 health center
Ghana,Volta,Adutor Health Centre,Health Centre,MoH,5.96221,0.69649,GPS,GHA,Health Centre,2.0,Tier2 health center
Ghana,Volta,Adzokoe Health Centre,Health Centre,MoH,6.625617,0.312667,GPS,GHA,Health Centre,2.0,Tier2 health center
Ghana,Volta,Afife Health Centre,Health Centre,MoH,6.0541,0.9186,GPS,GHA,Health Centre,2.0,Tier2 health center
Ghana,Volta,Aflao District Hospital,District Hospital,MoH,6.11762,1.18013,GPS,GHA,Hospital,3.0,Tier3 provincial hospital
Ghana,Volta,Agavedzi Health Centre,Health Centre,MoH,6.00546,1.04302,GPS,GHA,Health Centre,2.0,Tier2 health center
Ghana,Volta,Agbakope Health Centre,Health Centre,MoH,6.03148,0.70957,GPS,GHA,Health Centre,2.0,Tier2 health center
Ghana,Volta,Agbate Community-based Health Planning and Services,Community-based Health Planning and Services,MoH,6.562247,0.248227,Other,GHA,Community Health Unit,1.0,Tier1 health post
Ghana,Volta,Agbenorxoe Health Centre,Health Centre,MoH,7.0666,0.3,Other,GHA,Health Centre,2.0,Tier2 health center
Ghana,Volta,Agbledome Health Centre,Health Centre,MoH,5.77699,0.7414,GPS,GHA,Health Centre,2.0,Tier2 health center
Ghana,Volta,Agbozume Health Centre,Health Centre,MoH,6.076735,1.032615,Other,GHA,Health Centre,2.0,Tier2 health center
Ghana,Volta,Agormor Community-based Health Planning and Services,Community-based Health Planning and Services,MoH,6.24924,0.78987,GPS,GHA,Community Health Unit,1.0,Tier1 health post
Ghana,Volta,Agorta Health Centre,Health Centre,MoH,5.8511,0.66119,GPS,GHA,Health Centre,2.0,Tier2 health center
Ghana,Volta,Agoufie Community-based Health Planning and Services,Community-based Health Planning and Services,MoH,8.34735,0.31913,GPS,GHA,Community Health Unit,1.0,Tier1 health post
Ghana,Volta,Ahamansu Health Centre,Health Centre,MoH,7.725617,0.55005,GPS,GHA,Health Centre,2.0,Tier2 health center
Ghana,Volta,Akaa Clinic,Clinic,MoH,7.4268,0.40889,GPS,GHA,Health Clinic,2.0,Tier2 health center
Ghana,Volta,Akatsi District Hospital,District Hospital,MoH,6.13877,0.80901,GPS,GHA,Hospital,3.0,Tier3 provincial hospital
Ghana,Volta,Akoefe Health Centre,Health Centre,MoH,6.65595,0.51331,GPS,GHA,Health Centre,2.0,Tier2 health center
Ghana,Volta,Akpafu Adomi Community Clinic,Clinic,MoH,7.27607,0.47742,GPS,GHA,Health Clinic,2.0,Tier2 health center
Ghana,Volta,Akpafu Adorkor Health Centre,Health Centre,MoH,7.28125,0.528083,GPS,GHA,Health Centre,2.0,Tier2 health center
Ghana,Volta,Akpafu Mempeasem Health Centre,Health Centre,MoH,7.249967,0.4825,GPS,GHA,Health Centre,2.0,Tier2 health center
Ghana,Volta,Akporkploe Health Centre,Health Centre,MoH,6.1551,1.16645,GPS,GHA,Health Centre,2.0,Tier2 health center
Ghana,Volta,Akporsorkubi Health Centre,Health Centre,MoH,,,,GHA,Health Centre,2.0,Tier2 health center
Ghana,Volta,Akrofu Health Centre,Health Centre,MoH,6.63283,0.37881,GPS,GHA,Health Centre,2.0,Tier2 health center
Ghana,Volta,Alavanyo Health Centre,Health Centre,MoH,7.1199,0.3578,GPS,GHA,Health Centre,2.0,Tier2 health center
Ghana,Volta,Alukpatsa Community-based Health Planning and Services,Community-based Health Planning and Services,MoH,,,,GHA,Community Health Unit,1.0,Tier1 health post
Ghana,Volta,Amanya  Health Centre,Health Centre,MoH,7.4519,0.34045,GPS,GHA,Health Centre,2.0,Tier2 health center
Ghana,Volta,Amedzofe Health Centre,Health Centre,MoH,6.85153,0.43555,GPS,GHA,Health Centre,2.0,Tier2 health center
Ghana,Volta,Anfoega Catholic Hospital,Hospital,FBO,6.88049,0.27621,GPS,GHA,Hospital,3.0,Tier3 provincial hospital
Ghana,Volta,Anlo-Afiadenyigba Health Centre,Health Centre,MoH,6.0447,0.97815,GPS,GHA,Health Centre,2.0,Tier2 health center
Ghana,Volta,Anloga Health Centre,Health Centre,MoH,5.79154,0.88193,GPS,GHA,Health Centre,2.0,Tier2 health center
Ghana,Volta,Anyako Health Centre,Health Centre,MoH,6.00984,0.90157,GPS,GHA,Health Centre,2.0,Tier2 health center
Ghana,Volta,Anyanui Health Centre,Health Centre,MoH,5.78153,0.72957,GPS,GHA,Health Centre,2.0,Tier2 health center
Ghana,Volta,Anyinamae Health Centre,Health Centre,MoH,8.05525,-0.15415,GPS,GHA,Health Centre,2.0,Tier2 health center
Ghana,Volta,Anyiremu Community-based Health Planning and Services,Community-based Health Planning and Services,MoH,,,,GHA,Community Health Unit,1.0,Tier1 health post
Ghana,Volta,Asadame Health Centre,Health Centre,MoH,5.99405,0.857117,GPS,GHA,Health Centre,2.0,Tier2 health center
Ghana,Volta,Asafotsi Community-based Health Planning and Services,Community-based Health Planning and Services,MoH,6.19757,0.87044,GPS,GHA,Community Health Unit,1.0,Tier1 health post
Ghana,Volta,Asidowui Health Centre,Health Centre,MoH,5.9109,0.6193,Combination,GHA,Health Centre,2.0,Tier2 health center
Ghana,Volta,Asukawkaw Health Centre,Health Centre,MoH,7.6974,0.091,Combination,GHA,Health Centre,2.0,Tier2 health center
Ghana,Volta,Atiavi Health Centre,Health Centre,MoH,5.94776,0.8507,GPS,GHA,Health Centre,2.0,Tier2 health center
Ghana,Volta,Atidzive Community-based Health Planning and Services,Community-based Health Planning and Services,MoH,6.12007,0.85112,GPS,GHA,Community Health Unit,1.0,Tier1 health post
Ghana,Volta,Atikpui Health Centre,Health Centre,MoH,6.74583,0.62377,GPS,GHA,Health Centre,2.0,Tier2 health center
Ghana,Volta,Atorkor Community-based Health Planning and Services,Community-based Health Planning and Services,MoH,5.777222,0.803611,Geonames,GHA,Community Health Unit,1.0,Tier1 health post
Ghana,Volta,Ave Afiadenyigba Community-based Health Planning and Services,Community-based Health Planning and Services,MoH,6.33083,0.87924,GPS,GHA,Community Health Unit,1.0,Tier1 health post
Ghana,Volta,Ave Dakpe Health Centre,Health Centre,MoH,6.36786,0.85134,GPS,GHA,Health Centre,2.0,Tier2 health center
Ghana,Volta,Ave Dzalele Community-based Health Planning and Services,Community-based Health Planning and Services,MoH,6.41447,0.75754,GPS,GHA,Community Health Unit,1.0,Tier1 health post
Ghana,Volta,Ave Xevi Community-based Health Planning and Services,Community-based Health Planning and Services,MoH,6.2666,0.8166,Other,GHA,Community Health Unit,1.0,Tier1 health post
Ghana,Volta,Avedo Health Centre,Health Centre,MoH,6.1338,0.63666,GPS,GHA,Health Centre,2.0,Tier2 health center
Ghana,Volta,Avedotoe Community-based Health Planning and Services,Community-based Health Planning and Services,MoH,6.306273,0.256699,Other,GHA,Community Health Unit,1.0,Tier1 health post
Ghana,Volta,Aveme Beme Health Centre,Health Centre,MoH,6.91877,0.26542,GPS,GHA,Health Centre,2.0,Tier2 health center
Ghana,Volta,Aveme Danyigba Health Centre,Health Centre,MoH,6.92794,0.264,GPS,GHA,Health Centre,2.0,Tier2 health center
Ghana,Volta,Avenorpedo Health Centre,Health Centre,MoH,6.05781,0.85014,GPS,GHA,Health Centre,2.0,Tier2 health center
Ghana,Volta,Avenorpeme Health Centre,Health Centre,MoH,6.00101,0.82452,GPS,GHA,Health Centre,2.0,Tier2 health center
Ghana,Volta,Avevi Community-based Health Planning and Services,Community-based Health Planning and Services,MoH,6.2667,0.81921,GPS,GHA,Community Health Unit,1.0,Tier1 health post
Ghana,Volta,Awate Health Centre,Health Centre,MoH,6.86865,0.23677,GPS,GHA,Health Centre,2.0,Tier2 health center
Ghana,Volta,Azua Community-based Health Planning and Services,Community-based Health Planning and Services,MoH,,,,GHA,Community Health Unit,1.0,Tier1 health post
Ghana,Volta,Baglo Clinic,Clinic,MoH,7.30324,0.63808,GPS,GHA,Health Clinic,2.0,Tier2 health center
Ghana,Volta,Baika Health Centre,Health Centre,MoH,7.235167,0.531467,GPS,GHA,Health Centre,2.0,Tier2 health center
Ghana,Volta,Banda Health Centre,Health Centre,MoH,8.29353,-0.09654,GPS,GHA,Health Centre,2.0,Tier2 health center
Ghana,Volta,Banda Health Centre,Health Centre,MoH,8.296894,-0.096495,Combination,GHA,Health Centre,2.0,Tier2 health center
Ghana,Volta,Battor Mission. Hospital,Hospital,FBO,6.0584,0.4037,Combination,GHA,Hospital,3.0,Tier3 provincial hospital
Ghana,Volta,Bejamasu Health Centre,Health Centre,MoH,,,,GHA,Health Centre,2.0,Tier2 health center
Ghana,Volta,Blekusu Health Centre,Health Centre,MoH,5.987383,1.0292,GPS,GHA,Health Centre,2.0,Tier2 health center
Ghana,Volta,Bodada Health Centre,Health Centre,MoH,7.35791,0.48971,GPS,GHA,Health Centre,2.0,Tier2 health center
Ghana,Volta,Bonakye Health Centre,Health Centre,MoH,8.4006,0.40342,GPS,GHA,Health Centre,2.0,Tier2 health center
Ghana,Volta,Bontibor Clinic,Clinic,MoH,8.08967,0.49736,GPS,GHA,Health Clinic,2.0,Tier2 health center
Ghana,Volta,Borae Health Centre,Health Centre,MoH,8.15676,-0.03478,GPS,GHA,Health Centre,2.0,Tier2 health center
Ghana,Volta,Botoku Health Centre,Health Centre,MoH,6.75977,0.26703,GPS,GHA,Health Centre,2.0,Tier2 health center
Ghana,Volta,Bowiri Community Clinic,Clinic,MoH,7.33227,0.45922,GPS,GHA,Health Clinic,2.0,Tier2 health center
Ghana,Volta,Brewaniase Health Centre,Health Centre,MoH,8.00635,0.56168,GPS,GHA,Health Centre,2.0,Tier2 health center
Ghana,Volta,Bume Community-based Health Planning and Services,Community-based Health Planning and Services,MoH,7.216,0.484,Encarta,GHA,Community Health Unit,1.0,Tier1 health post
Ghana,Volta,Comboni Polyclinic,Polyclinic,FBO,6.00217,0.58532,GPS,GHA,Polyclinic,4.0,Tier4 central hospital
Ghana,Volta,Dabala Health Centre,Health Centre,MoH,5.98588,0.67646,GPS,GHA,Health Centre,2.0,Tier2 health center
Ghana,Volta,Dafor Community-based Health Planning and Services,Community-based Health Planning and Services,MoH,7.080816,0.307595,Other,GHA,Community Health Unit,1.0,Tier1 health post
Ghana,Volta,Damanko Health Centre,Health Centre,MoH,8.68775,0.18494,GPS,GHA,Health Centre,2.0,Tier2 health center
Ghana,Volta,Dambai Evangelical Presbyterian Clinic (Dan Mossar),Clinic,FBO,8.06744,0.016741,GPS,GHA,Health Clinic,2.0,Tier2 health center
Ghana,Volta,Dambai Health Centre,Health Centre,MoH,8.0453,0.1962,Combination,GHA,Health Centre,2.0,Tier2 health center
Ghana,Volta,Dededo Community-based Health Planning and Services,Community-based Health Planning and Services,MoH,5.78714,0.745352,Combination,GHA,Community Health Unit,1.0,Tier1 health post
Ghana,Volta,Devego Health Centre,Health Centre,MoH,6.17732,0.91419,GPS,GHA,Health Centre,2.0,Tier2 health center
Ghana,Volta,Dodi Papase Mary Theresa Hospital,Hospital,FBO,7.74227,0.51028,GPS,GHA,Hospital,3.0,Tier3 provincial hospital
Ghana,Volta,Dodi-Mepeasem Health Centre,Health Centre,MoH,7.63383,0.51598,GPS,GHA,Health Centre,2.0,Tier2 health center
Ghana,Volta,Dodo Amanfrom Health Centre,Health Centre,MoH,7.82116,0.50692,GPS,GHA,Health Centre,2.0,Tier2 health center
Ghana,Volta,Dodome Awiasu Health Centre,Health Centre,MoH,6.76756,0.51627,GPS,GHA,Health Centre,2.0,Tier2 health center
Ghana,Volta,Dodome Teleafenu  Health Centre,Health Centre,MoH,6.8033,0.50415,GPS,GHA,Health Centre,2.0,Tier2 health center
Ghana,Volta,Dofor Adidome Health Centre,Health Centre,MoH,6.11891,0.2442,GPS,GHA,Health Centre,2.0,Tier2 health center
Ghana,Volta,Dordoekope Health Centre,Health Centre,MoH,5.997863,0.601837,Combination,GHA,Health Centre,2.0,Tier2 health center
Ghana,Volta,Dorkplorme Community-based Health Planning and Services,Community-based Health Planning and Services,MoH,6.11591,0.70574,GPS,GHA,Community Health Unit,1.0,Tier1 health post
Ghana,Volta,Dormabin Health Centre,Health Centre,MoH,7.83504,0.030785,GPS,GHA,Health Centre,2.0,Tier2 health center
Ghana,Volta,Dzake Health Centre,Health Centre,MoH,6.5011,0.20109,GPS,GHA,Health Centre,2.0,Tier2 health center
Ghana,Volta,Dzamlome Government Clinic,Clinic,MoH,7.5803,0.440083,GPS,GHA,Health Clinic,2.0,Tier2 health center
Ghana,Volta,Dzelukope Health Centre,Health Centre,MoH,5.884,0.983,Encarta,GHA,Health Centre,2.0,Tier2 health center
Ghana,Volta,Dzemeni Evangelical Presbyterian Church Clinic,Clinic,MoH,6.60048,0.17176,GPS,GHA,Health Clinic,2.0,Tier2 health center
Ghana,Volta,Dzogadze Community-based Health Planning and Services,Community-based Health Planning and Services,MoH,6.1119,0.87213,GPS,GHA,Community Health Unit,1.0,Tier1 health post
Ghana,Volta,Dzolo Gbogame Health Centre,Health Centre,MoH,6.77545,0.47681,GPS,GHA,Health Centre,2.0,Tier2 health center
Ghana,Volta,Dzolo Kpuita Health Centre,Health Centre,MoH,6.73469,0.44479,GPS,GHA,Health Centre,2.0,Tier2 health center
Ghana,Volta,Dzolu Community Clinic,Clinic,MoH,7.281336,0.549368,Other,GHA,Health Clinic,2.0,Tier2 health center
Ghana,Volta,Ehiamankyene Health Centre,Health Centre,MoH,7.99808,-0.06178,GPS,GHA,Health Centre,2.0,Tier2 health center
Ghana,Volta,Ehie Health Centre,Health Centre,MoH,6.14481,1.00314,GPS,GHA,Health Centre,2.0,Tier2 health center
Ghana,Volta,Evangelical Presbyterian Church Clinic,Clinic,FBO,,,,GHA,Health Clinic,2.0,Tier2 health center
Ghana,Volta,Fame Clinic,Clinic,FBO,7.94065,0.51134,GPS,GHA,Health Clinic,2.0,Tier2 health center
Ghana,Volta,Fesi Community-based Health Planning and Services,Community-based Health Planning and Services,MoH,7.033368,0.298773,Other,GHA,Community Health Unit,1.0,Tier1 health post
Ghana,Volta,Fiamafle Clinic,Clinic,MoH,,,,GHA,Health Clinic,2.0,Tier2 health center
Ghana,Volta,Fodome Ahor Health Centre,Health Centre,MoH,7.08445,0.55947,GPS,GHA,Health Centre,2.0,Tier2 health center
Ghana,Volta,Fodome Helu Health Centre,Health Centre,MoH,7.07424,0.50712,GPS,GHA,Health Centre,2.0,Tier2 health center
Ghana,Volta,Fodome Woe Community-based Health Planning and Services,Community-based Health Planning and Services,MoH,7.06954,0.51707,GPS,GHA,Community Health Unit,1.0,Tier1 health post
Ghana,Volta,Fodzoku Health Centre,Health Centre,MoH,6.16198,0.12466,GPS,GHA,Health Centre,2.0,Tier2 health center
Ghana,Volta,Fume Health Centre,Health Centre,MoH,6.878533,0.42045,GPS,GHA,Health Centre,2.0,Tier2 health center
Ghana,Volta,Gadza Health Centre,Health Centre,MoH,7.0165,0.31853,GPS,GHA,Health Centre,2.0,Tier2 health center
Ghana,Volta,Galo-Sota Health Centre,Health Centre,MoH,5.85415,0.71039,GPS,GHA,Health Centre,2.0,Tier2 health center
Ghana,Volta,Gamenu Health Centre,Health Centre,MoH,5.79743,0.69163,GPS,GHA,Health Centre,2.0,Tier2 health center
Ghana,Volta,Gbadzeme Health Centre,Health Centre,MoH,6.86116,0.44132,GPS,GHA,Health Centre,2.0,Tier2 health center
Ghana,Volta,Gbefi Community-based Health Planning and Services,Community-based Health Planning and Services,MoH,6.20833,1.060316,Other,GHA,Community Health Unit,1.0,Tier1 health post
Ghana,Volta,Gbi Wegbe Health Centre,Health Centre,MoH,7.11135,0.45891,GPS,GHA,Health Centre,2.0,Tier2 health center
Ghana,Volta,Gbledi Health Centre,Health Centre,MoH,7.03232,0.55932,GPS,GHA,Health Centre,2.0,Tier2 health center
Ghana,Volta,Gefia Health Centre,Health Centre,MoH,6.15753,0.85427,GPS,GHA,Health Centre,2.0,Tier2 health center
Ghana,Volta,Gornikope Community-based Health Planning and Services,Community-based Health Planning and Services,MoH,6.293641,0.694463,Other,GHA,Community Health Unit,1.0,Tier1 health post
Ghana,Volta,Goviefe Agodome Health Centre,Health Centre,MoH,6.71463,0.33663,GPS,GHA,Health Centre,2.0,Tier2 health center
Ghana,Volta,Goviefe Todzi Health Centre,Health Centre,MoH,7.100803,0.554065,Other,GHA,Health Centre,2.0,Tier2 health center
Ghana,Volta,Grubi Health Centre,Health Centre,MoH,8.181,-0.225,Encarta,GHA,Health Centre,2.0,Tier2 health center
Ghana,Volta,Guaman Community-based Health Planning and Services,Community-based Health Planning and Services,MoH,7.446754,0.442086,Other,GHA,Community Health Unit,1.0,Tier1 health post
Ghana,Volta,Gyatoakroa Community-based Health Planning and Services,Community-based Health Planning and Services,MoH,8.179899,0.07513,GPS,GHA,Community Health Unit,1.0,Tier1 health post
Ghana,Volta,Hatorgodo Evangelical Presbyterian Clinic,Clinic,FBO,5.9505,0.807683,GPS,GHA,Health Clinic,2.0,Tier2 health center
Ghana,Volta,Have Health Centre,Health Centre,MoH,6.75798,0.3611,GPS,GHA,Health Centre,2.0,Tier2 health center
Ghana,Volta,Hlefi Health Centre,Health Centre,MoH,6.7208,0.376117,GPS,GHA,Health Centre,2.0,Tier2 health center
Ghana,Volta,Ho Evangelical Presbyterian Clinic,Clinic,FBO,6.60187,0.47638,GPS,GHA,Health Clinic,2.0,Tier2 health center
Ghana,Volta,Ho Municipal Hospital,Municipal Hospital,MoH,6.60926,0.46805,GPS,GHA,Hospital,3.0,Tier3 provincial hospital
Ghana,Volta,Ho Polyclinic,Polyclinic,MoH,6.60289,0.49271,GPS,GHA,Polyclinic,4.0,Tier4 central hospital
Ghana,Volta,Hodzoga Health Centre,Health Centre,MoH,6.67156,0.57846,GPS,GHA,Health Centre,2.0,Tier2 health center
Ghana,Volta,Hohoe Government District Hospital,District Hospital,MoH,7.15849,0.47239,GPS,GHA,Hospital,3.0,Tier3 provincial hospital
Ghana,Volta,Jasikan District Hospital,District Hospital,MoH,7.4014,0.46464,Combination,GHA,Hospital,3.0,Tier3 provincial hospital
Ghana,Volta,Juapong Health Centre,Health Centre,MoH,6.25848,0.1406,GPS,GHA,Health Centre,2.0,Tier2 health center
Ghana,Volta,Kabiti CHPS Clinic,Clinic,MoH,8.2942,0.2657,Combination,GHA,Health Clinic,2.0,Tier2 health center
Ghana,Volta,Kadjebi Health Centre,Health Centre,MoH,7.5344,0.4736,Combination,GHA,Health Centre,2.0,Tier2 health center
Ghana,Volta,Katanga Health Centre,Health Centre,MoH,7.6517,0.0986,Combination,GHA,Health Centre,2.0,Tier2 health center
Ghana,Volta,Kechebi Health Centre,Health Centre,MoH,8.20548,0.39801,GPS,GHA,Health Centre,2.0,Tier2 health center
Ghana,Volta,Kedze Health Centre,Health Centre,MoH,5.978148,1.021382,Google Earth,GHA,Health Centre,2.0,Tier2 health center
Ghana,Volta,Keri Clinic,Clinic,MoH,8.38638,0.52767,GPS,GHA,Health Clinic,2.0,Tier2 health center
Ghana,Volta,Keta Government Municipal Hospital,Municipal Hospital,MoH,5.88784,0.98164,GPS,GHA,Hospital,3.0,Tier3 provincial hospital
Ghana,Volta,Keyime Health Centre,Health Centre,MoH,6.34644,0.714,GPS,GHA,Health Centre,2.0,Tier2 health center
Ghana,Volta,Klefe Health Centre,Health Centre,MoH,6.6184,0.44442,GPS,GHA,Health Centre,2.0,Tier2 health center
Ghana,Volta,Klikoor Health Centre,Health Centre,MoH,6.07488,1.0282,GPS,GHA,Health Centre,2.0,Tier2 health center
Ghana,Volta,Koe Community-based Health Planning and Services,Community-based Health Planning and Services,MoH,8.507306,0.585516,Google Earth,GHA,Community Health Unit,1.0,Tier1 health post
Ghana,Volta,Koni Clinic,Clinic,MoH,8.619967,0.417524,Other,GHA,Health Clinic,2.0,Tier2 health center
Ghana,Volta,Kotoka Memorial Clinic,Clinic,MoH,5.85179,0.888,GPS,GHA,Health Clinic,2.0,Tier2 health center
Ghana,Volta,Kpalime Duga Health Centre,Health Centre,MoH,6.57345,0.18283,GPS,GHA,Health Centre,2.0,Tier2 health center
Ghana,Volta,Kpalime/Tongor Evangelical Presbyterian Clinic,Clinic,FBO,6.57,0.18,Other,GHA,Health Clinic,2.0,Tier2 health center
Ghana,Volta,Kpando Health Centre,Health Centre,MoH,6.99319,0.28998,Combination,GHA,Health Centre,2.0,Tier2 health center
Ghana,Volta,Kpando Margret Marquat District Hospital,District Hospital,FBO,6.99992,0.30312,GPS,GHA,Hospital,3.0,Tier3 provincial hospital
Ghana,Volta,Kpando Torkor Health Centre,Health Centre,MoH,7.015,0.2804,Combination,GHA,Health Centre,2.0,Tier2 health center
Ghana,Volta,Kpassa Chuch Of Pentecost Clinic,Clinic,FBO,8.49341,0.30398,GPS,GHA,Health Clinic,2.0,Tier2 health center
Ghana,Volta,Kpassa Health Centre,Health Centre,MoH,8.49597,0.31394,GPS,GHA,Health Centre,2.0,Tier2 health center
Ghana,Volta,Kpedze Health Centre,Health Centre,MoH,6.8463,0.50409,GPS,GHA,Health Centre,2.0,Tier2 health center
Ghana,Volta,Kpetoe Health Centre,Health Centre,MoH,6.54767,0.69357,GPS,GHA,Health Centre,2.0,Tier2 health center
Ghana,Volta,Kpeve Health Centre,Health Centre,MoH,6.6877,0.332,GPS,GHA,Health Centre,2.0,Tier2 health center
Ghana,Volta,Kpogadzi Community-based Health Planning and Services,Community-based Health Planning and Services,MoH,6.376987,0.376609,Other,GHA,Community Health Unit,1.0,Tier1 health post
Ghana,Volta,Kpoglu Community-based Health Planning and Services,Community-based Health Planning and Services,MoH,6.168356,1.078077,Other,GHA,Community Health Unit,1.0,Tier1 health post
Ghana,Volta,Kpotame Health Centre,Health Centre,MoH,6.0,0.597,Combination,GHA,Health Centre,2.0,Tier2 health center
Ghana,Volta,Kpoviadzi Health Centre,Health Centre,MoH,6.20273,0.7097,GPS,GHA,Health Centre,2.0,Tier2 health center
Ghana,Volta,Krachi District Hospital,District Hospital,MoH,7.79476,-0.05729,GPS,GHA,Hospital,3.0,Tier3 provincial hospital
Ghana,Volta,Kudzra Health Centre,Health Centre,MoH,6.9622,0.33978,GPS,GHA,Health Centre,2.0,Tier2 health center
Ghana,Volta,Kute Clinic,Clinic,MoH,7.37731,0.61336,GPS,GHA,Health Clinic,2.0,Tier2 health center
Ghana,Volta,Kwamekrom Static Clinic,Clinic,MoH,7.29616,0.33076,GPS,GHA,Health Clinic,2.0,Tier2 health center
Ghana,Volta,Kyirahi Clinic,Clinic,MoH,7.330278,0.46,Geonames,GHA,Health Clinic,2.0,Tier2 health center
Ghana,Volta,Lave Community-based Health Planning and Services,Community-based Health Planning and Services,MoH,5.903551,0.675548,Other,GHA,Community Health Unit,1.0,Tier1 health post
Ghana,Volta,Leklebi Duga Health Centre,Health Centre,MoH,6.95983,0.49854,GPS,GHA,Health Centre,2.0,Tier2 health center
Ghana,Volta,Leklebi Kame Health Centre,Health Centre,MoH,6.96778,0.51587,GPS,GHA,Health Centre,2.0,Tier2 health center
Ghana,Volta,Liati Soba Health Centre,Health Centre,MoH,7.028836,0.478515,Other,GHA,Health Centre,2.0,Tier2 health center
Ghana,Volta,Liati Wote Community-based Health Planning and Services,Community-based Health Planning and Services,MoH,7.02111,0.548553,GPS,GHA,Community Health Unit,1.0,Tier1 health post
Ghana,Volta,Likpe Abrani Health Centre,Health Centre,MoH,7.2479,0.559733,GPS,GHA,Health Centre,2.0,Tier2 health center
Ghana,Volta,Likpe Bakwa Health Centre,Health Centre,MoH,7.16317,0.58214,GPS,GHA,Health Centre,2.0,Tier2 health center
Ghana,Volta,Likpe Bala Health Centre,Health Centre,MoH,7.203,0.60788,GPS,GHA,Health Centre,2.0,Tier2 health center
Ghana,Volta,Likpe Kukurntumi Health Centre,Health Centre,MoH,7.26183,0.56834,GPS,GHA,Health Centre,2.0,Tier2 health center
Ghana,Volta,Logba Alakpeti Health Centre,Health Centre,MoH,6.8902,0.42874,GPS,GHA,Health Centre,2.0,Tier2 health center
Ghana,Volta,Logba Tota Health Centre,Health Centre,MoH,6.89008,0.45336,GPS,GHA,Health Centre,2.0,Tier2 health center
Ghana,Volta,Logba Vuinta Health Centre,Health Centre,MoH,6.92311,0.46091,GPS,GHA,Health Centre,2.0,Tier2 health center
Ghana,Volta,Lolobi Kumase Health Centre,Health Centre,MoH,7.21877,0.52861,GPS,GHA,Health Centre,2.0,Tier2 health center
Ghana,Volta,Lume Health Centre,Health Centre,MoH,6.76022,0.51531,GPS,GHA,Health Centre,2.0,Tier2 health center
Ghana,Volta,Mafi Agoe Community-based Health Planning and Services,Community-based Health Planning and Services,MoH,6.284125,0.474786,Other,GHA,Community Health Unit,1.0,Tier1 health post
Ghana,Volta,Mafi Kumasi Health Centre,Health Centre,MoH,6.27551,0.5713,GPS,GHA,Health Centre,2.0,Tier2 health center
Ghana,Volta,Mafi Sasekpe Health Centre,Health Centre,MoH,6.27226,0.61951,GPS,GHA,Health Centre,2.0,Tier2 health center
Ghana,Volta,Matse Health Centre,Health Centre,MoH,6.68861,0.48231,GPS,GHA,Health Centre,2.0,Tier2 health center
Ghana,Volta,Monkra Health Centre,Health Centre,MoH,7.93023,-0.01069,GPS,GHA,Health Centre,2.0,Tier2 health center
Ghana,Volta,New Ayoma Health Centre,Health Centre,MoH,7.284033,0.583917,GPS,GHA,Health Centre,2.0,Tier2 health center
Ghana,Volta,Njere Community-based Health Planning and Services,Community-based Health Planning and Services,MoH,,,,GHA,Community Health Unit,1.0,Tier1 health post
Ghana,Volta,Nkonya Ahenkro Health Centre,Health Centre,MoH,7.1189,0.32725,GPS,GHA,Health Centre,2.0,Tier2 health center
Ghana,Volta,Nkonya Wurupong Health Centre,Health Centre,MoH,7.17411,0.33047,GPS,GHA,Health Centre,2.0,Tier2 health center
Ghana,Volta,Nkwanta District Hospital,District Hospital,MoH,8.25756,0.50838,GPS,GHA,Hospital,3.0,Tier3 provincial hospital
Ghana,Volta,Nsuta Health Centre,Health Centre,MoH,7.50509,0.45856,GPS,GHA,Health Centre,2.0,Tier2 health center
Ghana,Volta,Ntewusa Health Centre,Health Centre,MoH,7.99206,0.00215,GPS,GHA,Health Centre,2.0,Tier2 health center
Ghana,Volta,Nyagbo Gagbefe Health Centre,Health Centre,MoH,6.81945,0.37475,GPS,GHA,Health Centre,2.0,Tier2 health center
Ghana,Volta,Nyambong Health Centre,Health Centre,MoH,8.36006,0.478,GPS,GHA,Health Centre,2.0,Tier2 health center
Ghana,Volta,Nyangbo Sroe Health Centre,Health Centre,MoH,6.77367,0.37709,GPS,GHA,Health Centre,2.0,Tier2 health center
Ghana,Volta,Nyive Health Centre,Health Centre,MoH,6.76168,0.57856,GPS,GHA,Health Centre,2.0,Tier2 health center
Ghana,Volta,Obanda Health Centre,Health Centre,MoH,7.94337,0.51054,GPS,GHA,Health Centre,2.0,Tier2 health center
Ghana,Volta,Odumanse Clinic,Clinic,MoH,7.3333,0.3,Other,GHA,Health Clinic,2.0,Tier2 health center
Ghana,Volta,Odumasi Community-based Health Planning and Services,Community-based Health Planning and Services,MoH,7.325433,0.643171,Other,GHA,Community Health Unit,1.0,Tier1 health post
Ghana,Volta,Ofosu Community-based Health Planning and Services,Community-based Health Planning and Services,MoH,8.085466,0.293756,Other,GHA,Community Health Unit,1.0,Tier1 health post
Ghana,Volta,Ohawu Health Centre,Health Centre,MoH,6.13266,0.89581,GPS,GHA,Health Centre,2.0,Tier2 health center
Ghana,Volta,Old Ayoma Health Centre,Health Centre,MoH,7.28808,0.63358,GPS,GHA,Health Centre,2.0,Tier2 health center
Ghana,Volta,Osramani Health Centre,Health Centre,MoH,7.95647,-0.00906,GPS,GHA,Health Centre,2.0,Tier2 health center
Ghana,Volta,Pampawie Health Centre,Health Centre,MoH,7.81128,0.5668,GPS,GHA,Health Centre,2.0,Tier2 health center
Ghana,Volta,Peki Government District Hospital,District Hospital,MoH,6.5337,0.22594,GPS,GHA,Hospital,3.0,Tier3 provincial hospital
Ghana,Volta,Pepesu Community-based Health Planning and Services,Community-based Health Planning and Services,MoH,7.869158,0.516078,Other,GHA,Community Health Unit,1.0,Tier1 health post
Ghana,Volta,Poase Cement Health Centre,Health Centre,MoH,7.6507,0.51971,GPS,GHA,Health Centre,2.0,Tier2 health center
Ghana,Volta,Podoe Health Centre,Health Centre,MoH,6.29884,0.19677,GPS,GHA,Health Centre,2.0,Tier2 health center
Ghana,Volta,Port Health Service Clinic,Clinic,MoH,6.11306,1.19144,GPS,GHA,Health Clinic,2.0,Tier2 health center
Ghana,Volta,Pusupu Health Centre,Health Centre,MoH,8.0521,0.49043,GPS,GHA,Health Centre,2.0,Tier2 health center
Ghana,Volta,Sabadu Health Centre,Health Centre,MoH,6.905588,0.24822,GPS,GHA,Health Centre,2.0,Tier2 health center
Ghana,Volta,Sacred Heart Hospital,Hospital,FBO,6.05465,0.867667,GPS,GHA,Hospital,3.0,Tier3 provincial hospital
Ghana,Volta,Salifu Community-based Health Planning and Services,Community-based Health Planning and Services,MoH,,,,GHA,Community Health Unit,1.0,Tier1 health post
Ghana,Volta,Salvation Army Clinic,Clinic,FBO,6.38347,0.63826,GPS,GHA,Health Clinic,2.0,Tier2 health center
Ghana,Volta,Santrokofi Health Centre,Health Centre,MoH,7.21485,0.47205,GPS,GHA,Health Centre,2.0,Tier2 health center
Ghana,Volta,Sasiame Community-based Health Planning and Services,Community-based Health Planning and Services,MoH,6.033,0.9,Encarta,GHA,Community Health Unit,1.0,Tier1 health post
Ghana,Volta,Saviefe Agorkpo Health Centre,Health Centre,MoH,6.784067,0.411633,GPS,GHA,Health Centre,2.0,Tier2 health center
Ghana,Volta,Senam Clinic  Aziavi,Clinic,MoH,6.98122,0.28906,GPS,GHA,Health Clinic,2.0,Tier2 health center
Ghana,Volta,Shia Health Centre,Health Centre,MoH,6.79456,0.56212,GPS,GHA,Health Centre,2.0,Tier2 health center
Ghana,Volta,Shime Health Centre,Health Centre,MoH,,,,GHA,Health Centre,2.0,Tier2 health center
Ghana,Volta,Sibi Clinic,Clinic,MoH,8.61158,0.23133,GPS,GHA,Health Clinic,2.0,Tier2 health center
Ghana,Volta,Sibi Hill Top Community-based Health Planning and Services,Community-based Health Planning and Services,MoH,8.593294,0.236213,Google Earth,GHA,Community Health Unit,1.0,Tier1 health post
Ghana,Volta,Soba Liati Health Centre,Health Centre,MoH,7.01016,0.51274,GPS,GHA,Health Centre,2.0,Tier2 health center
Ghana,Volta,Sogakope District Hospital,District Hospital,MoH,6.00774,0.61563,GPS,GHA,Hospital,3.0,Tier3 provincial hospital
Ghana,Volta,Sokutsime Community-based Health Planning and Services,Community-based Health Planning and Services,MoH,,,,GHA,Community Health Unit,1.0,Tier1 health post
Ghana,Volta,Sremanu Community-based Health Planning and Services,Community-based Health Planning and Services,MoH,6.259372,0.800677,Other,GHA,Community Health Unit,1.0,Tier1 health post
Ghana,Volta,St Anthony's Hospital,Hospital,FBO,6.24112,0.98911,GPS,GHA,Hospital,3.0,Tier3 provincial hospital
Ghana,Volta,St. George's Health Centre,Health Centre,FBO,6.98529,0.48962,GPS,GHA,Health Centre,2.0,Tier2 health center
Ghana,Volta,St. Joseph's Hospital,Hospital,FBO,8.24792,0.52134,GPS,GHA,Hospital,3.0,Tier3 provincial hospital
Ghana,Volta,St. Lukes Clinic Chinderi,Clinic,FBO,8.139,-0.139,GPS,GHA,Health Clinic,2.0,Tier2 health center
Ghana,Volta,Tadzewu Health Centre,Health Centre,MoH,6.188517,0.8948,GPS,GHA,Health Centre,2.0,Tier2 health center
Ghana,Volta,Tafi Agoeme Health Centre,Health Centre,MoH,6.84859,0.39238,GPS,GHA,Health Centre,2.0,Tier2 health center
Ghana,Volta,Takla Community-based Health Planning and Services,Community-based Health Planning and Services,MoH,6.636856,0.574729,Other,GHA,Community Health Unit,1.0,Tier1 health post
Ghana,Volta,Takrabe Clinic,Clinic,MoH,7.325482,0.569423,Other,GHA,Health Clinic,2.0,Tier2 health center
Ghana,Volta,Tanyigbe Health Centre,Health Centre,MoH,6.69613,0.52185,GPS,GHA,Health Centre,2.0,Tier2 health center
Ghana,Volta,Taviafe Health Centre,Health Centre,MoH,6.66395,0.47341,GPS,GHA,Health Centre,2.0,Tier2 health center
Ghana,Volta,Tefle Health Centre,Health Centre,MoH,5.9932,0.5579,Combination,GHA,Health Centre,2.0,Tier2 health center
Ghana,Volta,Tegbi Health Centre,Health Centre,MoH,5.84994,0.97225,GPS,GHA,Health Centre,2.0,Tier2 health center
Ghana,Volta,Teteman Community-based Health Planning and Services,Community-based Health Planning and Services,MoH,7.30353,0.50848,GPS,GHA,Community Health Unit,1.0,Tier1 health post
Ghana,Volta,Teteman Health Centre,Health Centre,MoH,7.303633,0.508517,GPS,GHA,Health Centre,2.0,Tier2 health center
Ghana,Volta,Tinjase Health Centre,Health Centre,MoH,8.57005,0.40473,GPS,GHA,Health Centre,2.0,Tier2 health center
Ghana,Volta,Tokokoe Health Centre,Health Centre,MoH,6.71853,0.55557,GPS,GHA,Health Centre,2.0,Tier2 health center
Ghana,Volta,Tokronu Health Centre,Health Centre,MoH,7.7464,0.082,Combination,GHA,Health Centre,2.0,Tier2 health center
Ghana,Volta,Tongor Tsanakpe Community-based Health Planning and Services,Community-based Health Planning and Services,MoH,6.60745,0.17126,GPS,GHA,Community Health Unit,1.0,Tier1 health post
Ghana,Volta,Torgome Health Centre,Health Centre,MoH,6.127,0.1491,Combination,GHA,Health Centre,2.0,Tier2 health center
Ghana,Volta,Torkor Health Centre,Health Centre,MoH,6.136136,1.170237,Other,GHA,Health Centre,2.0,Tier2 health center
Ghana,Volta,Tregui Health Centre,Health Centre,MoH,5.88803,0.82339,GPS,GHA,Health Centre,2.0,Tier2 health center
Ghana,Volta,Tsanakpe Health Centre,Health Centre,MoH,6.603664,0.17655,Other,GHA,Health Centre,2.0,Tier2 health center
Ghana,Volta,Tseyinu Community-based Health Planning and Services,Community-based Health Planning and Services,MoH,,,,GHA,Community Health Unit,1.0,Tier1 health post
Ghana,Volta,Tsiame Health Centre,Health Centre,MoH,5.998034,0.857475,Other,GHA,Health Centre,2.0,Tier2 health center
Ghana,Volta,Tsibu Health Centre,Health Centre,MoH,6.57815,0.27885,GPS,GHA,Health Centre,2.0,Tier2 health center
Ghana,Volta,Tsito Health Centre,Health Centre,MoH,6.55093,0.30134,GPS,GHA,Health Centre,2.0,Tier2 health center
Ghana,Volta,Tsrukpe Health Centre,Health Centre,MoH,6.79575,0.27705,GPS,GHA,Health Centre,2.0,Tier2 health center
Ghana,Volta,Tsyome Sabadu Health Centre,Health Centre,MoH,6.884845,0.26784,Other,GHA,Health Centre,2.0,Tier2 health center
Ghana,Volta,Tublukope Community-based Health Planning and Services,Community-based Health Planning and Services,MoH,6.153476,1.104291,Other,GHA,Community Health Unit,1.0,Tier1 health post
Ghana,Volta,Tutukpene Health Centre,Health Centre,MoH,8.09914,0.3935,GPS,GHA,Health Centre,2.0,Tier2 health center
Ghana,Volta,Vakpo Health Centre,Health Centre,MoH,6.85657,0.2824,GPS,GHA,Health Centre,2.0,Tier2 health center
Ghana,Volta,Vane Health Centre,Health Centre,MoH,6.82417,0.42248,GPS,GHA,Health Centre,2.0,Tier2 health center
Ghana,Volta,Ve Golokwati Health Centre,Health Centre,MoH,7.00071,0.43755,GPS,GHA,Health Centre,2.0,Tier2 health center
Ghana,Volta,Ve Hoeme Health Centre,Health Centre,MoH,6.95761,0.45874,GPS,GHA,Health Centre,2.0,Tier2 health center
Ghana,Volta,Volo Health Centre,Health Centre,MoH,6.0689,0.3137,Combination,GHA,Health Centre,2.0,Tier2 health center
Ghana,Volta,Volta Regional Hospital,Regional Hospital,MoH,6.60215,0.48421,GPS,GHA,Hospital,3.0,Tier3 provincial hospital
Ghana,Volta,Wegbe Kpalime Health Centre,Health Centre,MoH,6.654267,0.343083,GPS,GHA,Health Centre,2.0,Tier2 health center
Ghana,Volta,Wheta Health Centre,Health Centre,MoH,6.08257,0.97503,GPS,GHA,Health Centre,2.0,Tier2 health center
Ghana,Volta,Wli Afegame Health Centre,Health Centre,MoH,7.11633,0.58649,GPS,GHA,Health Centre,2.0,Tier2 health center
Ghana,Volta,Wli Cenral Health Centre,Health Centre,MoH,,,,GHA,Health Centre,2.0,Tier2 health center
Ghana,Volta,Wli Todzi Health Centre,Health Centre,MoH,7.046687,0.569985,Other,GHA,Health Centre,2.0,Tier2 health center
Ghana,Volta,Woekpoe Community-based Health Planning and Services,Community-based Health Planning and Services,MoH,6.223785,0.449632,Combination,GHA,Community Health Unit,1.0,Tier1 health post
Ghana,Volta,Worawora Hospital,Hospital,MoH,7.514483,0.375783,GPS,GHA,Hospital,3.0,Tier3 provincial hospital
Ghana,Volta,Woraworso Health Centre,Health Centre,MoH,7.65459,0.44468,GPS,GHA,Health Centre,2.0,Tier2 health center
Ghana,Volta,Wudzedeke Health Centre,Health Centre,MoH,6.35311,0.6907,GPS,GHA,Health Centre,2.0,Tier2 health center
Ghana,Volta,Wusuta Health Centre,Health Centre,MoH,6.83595,0.25759,GPS,GHA,Health Centre,2.0,Tier2 health center
Ghana,Volta,Wute Health Centre,Health Centre,MoH,6.21657,0.72462,GPS,GHA,Health Centre,2.0,Tier2 health center
Ghana,Volta,Xavi Community-based Health Planning and Services,Community-based Health Planning and Services,MoH,6.036664,0.798515,Combination,GHA,Community Health Unit,1.0,Tier1 health post
Ghana,Volta,Ziave Health Centre,Health Centre,MoH,6.65039,0.44264,GPS,GHA,Health Centre,2.0,Tier2 health center
Ghana,Volta,Ziope Health Centre,Health Centre,MoH,6.4216,0.73793,GPS,GHA,Health Centre,2.0,Tier2 health center
Ghana,Western,A.B Bokazo Community-based Health Planning and Services,Community-based Health Planning and Services,MoH,4.976495,-2.318465,Google Earth,GHA,Community Health Unit,1.0,Tier1 health post
Ghana,Western,Aboagyekrom Community-based Health Planning and Services,Community-based Health Planning and Services,MoH,6.453624,-2.667914,Other,GHA,Community Health Unit,1.0,Tier1 health post
Ghana,Western,Aboduabo Community-based Health Planning and Services,Community-based Health Planning and Services,MoH,6.36579,-2.354797,Other,GHA,Community Health Unit,1.0,Tier1 health post
Ghana,Western,Aboso Health Centre,Health Centre,MoH,5.36117,-1.941954,GPS,GHA,Health Centre,2.0,Tier2 health center
Ghana,Western,Aboso Health Centre,Health Centre,MoH,5.36553,-1.94085,GPS,GHA,Health Centre,2.0,Tier2 health center
Ghana,Western,Abrabra Health Centre,Health Centre,MoH,6.311208,-2.418836,Other,GHA,Health Centre,2.0,Tier2 health center
Ghana,Western,Aburonahia Community-based Health Planning and Services,Community-based Health Planning and Services,MoH,,,,GHA,Community Health Unit,1.0,Tier1 health post
Ghana,Western,Achimfo Health Centre,Health Centre,MoH,5.78423,-2.72278,GPS,GHA,Health Centre,2.0,Tier2 health center
Ghana,Western,Ackaakrom Community Clinic,Clinic,MoH,6.21222,-2.62833,GPS,GHA,Health Clinic,2.0,Tier2 health center
Ghana,Western,Ackaakrom Community-based Health Planning and Services,Community-based Health Planning and Services,MoH,6.218788,-2.633899,Combination,GHA,Community Health Unit,1.0,Tier1 health post
Ghana,Western,Ackaakrom Health Centre,Health Centre,MoH,6.240543,-2.626806,Other,GHA,Health Centre,2.0,Tier2 health center
Ghana,Western,Acquai Allah Health Centre,Health Centre,MoH,5.88419,-2.66443,GPS,GHA,Health Centre,2.0,Tier2 health center
Ghana,Western,Adabokrom Community-based Health Planning and Services,Community-based Health Planning and Services,MoH,6.83139,-3.02535,GPS,GHA,Community Health Unit,1.0,Tier1 health post
Ghana,Western,Adamase Clinic,Clinic,MoH,6.319206,-3.01714,Other,GHA,Health Clinic,2.0,Tier2 health center
Ghana,Western,Adansi Community Clinic,Clinic,MoH,5.13255,-1.75319,GPS,GHA,Health Clinic,2.0,Tier2 health center
Ghana,Western,Adjakaa Manso Health Centre,Health Centre,MoH,6.0336,-2.28546,GPS,GHA,Health Centre,2.0,Tier2 health center
Ghana,Western,Adum Bamso Community Clinic,Clinic,MoH,5.05886,-1.90057,GPS,GHA,Health Clinic,2.0,Tier2 health center
Ghana,Western,Agona Amenfi Community Clinic,Clinic,MoH,5.9501,-2.32037,GPS,GHA,Health Clinic,2.0,Tier2 health center
Ghana,Western,Agona Camp Clinic,Clinic,MoH,5.986326,-2.361548,Other,GHA,Health Clinic,2.0,Tier2 health center
Ghana,Western,Agona Health Centre,Health Centre,MoH,4.88993,-1.96434,GPS,GHA,Health Centre,2.0,Tier2 health center
Ghana,Western,Agyemandiem Community-based Health Planning and Services,Community-based Health Planning and Services,MoH,6.56498,-2.795681,Other,GHA,Community Health Unit,1.0,Tier1 health post
Ghana,Western,Ahinbenso Rural Clinic,Clinic,MoH,6.1126,-2.80676,GPS,GHA,Health Clinic,2.0,Tier2 health center
Ghana,Western,Ahmadiyya Mission Hospital,Hospital,FBO,5.13012,-1.65779,GPS,GHA,Hospital,3.0,Tier3 provincial hospital
Ghana,Western,Ahobre Community-based Health Planning and Services,Community-based Health Planning and Services,MoH,5.030986,-2.808521,Other,GHA,Community Health Unit,1.0,Tier1 health post
Ghana,Western,Ahokwa Community-based Health Planning and Services,Community-based Health Planning and Services,MoH,6.2833,-2.45,Other,GHA,Community Health Unit,1.0,Tier1 health post
Ghana,Western,Ahwiafutu Community-based Health Planning and Services,Community-based Health Planning and Services,MoH,,,,GHA,Community Health Unit,1.0,Tier1 health post
Ghana,Western,Aidoosuazo Community-based Health Planning and Services,Community-based Health Planning and Services,MoH,5.0833,-2.85,Other,GHA,Community Health Unit,1.0,Tier1 health post
Ghana,Western,Aidoosuazo Community-based Health Planning and Services,Community-based Health Planning and Services,MoH,,,,GHA,Community Health Unit,1.0,Tier1 health post
Ghana,Western,Aiyinase Health Centre,Health Centre,MoH,5.042063,-2.466113,Other,GHA,Health Centre,2.0,Tier2 health center
Ghana,Western,Aiyinase Health Centre,Health Centre,MoH,5.04331,-2.46495,GPS,GHA,Health Centre,2.0,Tier2 health center
Ghana,Western,Akontombra Health Centre,Health Centre,MoH,6.041836,-2.875174,Google Earth,GHA,Health Centre,2.0,Tier2 health center
Ghana,Western,Akontombra Health Centre,Health Centre,MoH,6.05041,-2.86616,GPS,GHA,Health Centre,2.0,Tier2 health center
Ghana,Western,Akontombra Nkwanta Health Centre,Health Centre,MoH,5.97557,-2.94089,GPS,GHA,Health Centre,2.0,Tier2 health center
Ghana,Western,Akurafu Community-based Health Planning and Services,Community-based Health Planning and Services,MoH,,,,GHA,Community Health Unit,1.0,Tier1 health post
Ghana,Western,Akutuase Community Clinic,Clinic,MoH,5.2709,-1.48052,GPS,GHA,Health Clinic,2.0,Tier2 health center
Ghana,Western,Akwidaa Community-based Health Planning and Services,Community-based Health Planning and Services,MoH,4.760171,-2.034067,Google Earth,GHA,Community Health Unit,1.0,Tier1 health post
Ghana,Western,Akyekyere Community-based Health Planning and Services,Community-based Health Planning and Services,MoH,5.710717,-2.326753,Other,GHA,Community Health Unit,1.0,Tier1 health post
Ghana,Western,Alhajikrom PHC Clinic,Clinic,MoH,6.89556,-3.1184,GPS,GHA,Health Clinic,2.0,Tier2 health center
Ghana,Western,Amafia Community-based Health Planning and Services,Community-based Health Planning and Services,MoH,6.189482,-2.468914,Geonames,GHA,Community Health Unit,1.0,Tier1 health post
Ghana,Western,Amoashed Community-based Health Planning and Services,Community-based Health Planning and Services,MoH,,,,GHA,Community Health Unit,1.0,Tier1 health post
Ghana,Western,Amoaya Rural Health Centre,Health Centre,MoH,6.23719,-2.94014,GPS,GHA,Health Centre,2.0,Tier2 health center
Ghana,Western,Amonie Presby Clinic,Clinic,FBO,,,,GHA,Health Clinic,2.0,Tier2 health center
Ghana,Western,Ampain Refugee Camp Clinic,Clinic,MoH,4.95,-2.4,Other,GHA,Health Clinic,2.0,Tier2 health center
Ghana,Western,Anakum Community-based Health Planning and Services,Community-based Health Planning and Services,MoH,5.612326,-2.37337,Other,GHA,Community Health Unit,1.0,Tier1 health post
Ghana,Western,Angela Catholic Clinic,Clinic,FBO,6.76395,-3.18353,GPS,GHA,Health Clinic,2.0,Tier2 health center
Ghana,Western,Anhwiaso Health Centre,Health Centre,MoH,6.33124,-2.25592,GPS,GHA,Health Centre,2.0,Tier2 health center
Ghana,Western,Anwiafutu Community-based Health Planning and Services,Community-based Health Planning and Services,MoH,5.159275,-2.686308,Other,GHA,Community Health Unit,1.0,Tier1 health post
Ghana,Western,Anyinabrim Community-based Health Planning and Services,Community-based Health Planning and Services,MoH,5.75036,-2.22911,GPS,GHA,Community Health Unit,1.0,Tier1 health post
Ghana,Western,Anyinabrim Health Centre,Health Centre,MoH,6.36905,-2.55121,GPS,GHA,Health Centre,2.0,Tier2 health center
Ghana,Western,Anyinasuso Clinic,Clinic,MoH,6.326172,-2.249922,Other,GHA,Health Clinic,2.0,Tier2 health center
Ghana,Western,Aowin Suaman SDA Clinic,Clinic,FBO,,,,GHA,Health Clinic,2.0,Tier2 health center
Ghana,Western,Apowa Health Centre,Health Centre,MoH,4.88824,-1.81206,GPS,GHA,Health Centre,2.0,Tier2 health center
Ghana,Western,Apprutu Community-based Health Planning and Services,Community-based Health Planning and Services,MoH,6.194167,-2.676667,Geonames,GHA,Community Health Unit,1.0,Tier1 health post
Ghana,Western,Arhinful Community-based Health Planning and Services,Community-based Health Planning and Services,MoH,,,,GHA,Community Health Unit,1.0,Tier1 health post
Ghana,Western,Asankra Saa Clinic,Clinic,MoH,5.84638,-2.41892,GPS,GHA,Health Clinic,2.0,Tier2 health center
Ghana,Western,Asankragwa Catholic Hospital,Hospital,FBO,5.80149,-2.43225,GPS,GHA,Hospital,3.0,Tier3 provincial hospital
Ghana,Western,Asankran Breman Health Centre,Health Centre,MoH,5.84852,-2.44901,GPS,GHA,Health Centre,2.0,Tier2 health center
Ghana,Western,ASantékrom Community-based Health Planning and Services,Community-based Health Planning and Services,MoH,6.0601,-2.57313,GPS,GHA,Community Health Unit,1.0,Tier1 health post
Ghana,Western,Asasetre Health Centre,Health Centre,MoH,5.02413,-2.34799,GPS,GHA,Health Centre,2.0,Tier2 health center
Ghana,Western,Asasetre Health Centre,Health Centre,MoH,5.028338,-2.350519,Google Earth,GHA,Health Centre,2.0,Tier2 health center
Ghana,Western,Asawinso A Community Clinic,Clinic,MoH,6.25618,-2.13631,GPS,GHA,Health Clinic,2.0,Tier2 health center
Ghana,Western,Asawinso S.D.A Clinic,Clinic,FBO,6.42296,-2.71218,GPS,GHA,Health Clinic,2.0,Tier2 health center
Ghana,Western,Asemnyinakrom Health Centre,Health Centre,MoH,,,,GHA,Health Centre,2.0,Tier2 health center
Ghana,Western,Asempaneye Community-based Health Planning and Services,Community-based Health Planning and Services,MoH,6.50236,-2.90835,GPS,GHA,Community Health Unit,1.0,Tier1 health post
Ghana,Western,Ashiam Community-based Health Planning and Services,Community-based Health Planning and Services,MoH,6.108056,-2.325,Google Earth,GHA,Community Health Unit,1.0,Tier1 health post
Ghana,Western,Asikuma Community-based Health Planning and Services,Community-based Health Planning and Services,MoH,6.596469,-2.844382,Other,GHA,Community Health Unit,1.0,Tier1 health post
Ghana,Western,Asoampa Community-based Health Planning and Services,Community-based Health Planning and Services,MoH,,,,GHA,Community Health Unit,1.0,Tier1 health post
Ghana,Western,Asomase Community-based Health Planning and Services,Community-based Health Planning and Services,MoH,5.363659,-2.471926,Other,GHA,Community Health Unit,1.0,Tier1 health post
Ghana,Western,Asompa Community-based Health Planning and Services,Community-based Health Planning and Services,MoH,5.43213,-2.1512,GPS,GHA,Community Health Unit,1.0,Tier1 health post
Ghana,Western,Atieku Health Centre,Health Centre,MoH,5.57282,-1.68962,GPS,GHA,Health Centre,2.0,Tier2 health center
Ghana,Western,Atobiase Community Clinic,Clinic,MoH,5.35319,-1.5573,GPS,GHA,Health Clinic,2.0,Tier2 health center
Ghana,Western,Atronsu Community-based Health Planning and Services,Community-based Health Planning and Services,MoH,6.2333,-2.3,Other,GHA,Community Health Unit,1.0,Tier1 health post
Ghana,Western,Attobrakrom Community-based Health Planning and Services,Community-based Health Planning and Services,MoH,,,,GHA,Community Health Unit,1.0,Tier1 health post
Ghana,Western,Awudua Community Clinic,Clinic,MoH,5.42689,-2.09014,GPS,GHA,Health Clinic,2.0,Tier2 health center
Ghana,Western,Axim Government District Hospital,District Hospital,MoH,4.86653,-2.23889,GPS,GHA,Hospital,3.0,Tier3 provincial hospital
Ghana,Western,Ayiem Community-based Health Planning and Services,Community-based Health Planning and Services,MoH,5.005342,-1.954143,Other,GHA,Community Health Unit,1.0,Tier1 health post
Ghana,Western,Bamiankor Health Centre,Health Centre,MoH,5.01094,-2.16902,GPS,GHA,Health Centre,2.0,Tier2 health center
Ghana,Western,Bassengele Community Clinic,Clinic,MoH,6.41192,-2.24725,GPS,GHA,Health Clinic,2.0,Tier2 health center
Ghana,Western,Bawakrom Community-based Health Planning and Services,Community-based Health Planning and Services,MoH,6.1386,-2.903036,Other,GHA,Community Health Unit,1.0,Tier1 health post
Ghana,Western,Bechwa Community-based Health Planning and Services,Community-based Health Planning and Services,MoH,,,,GHA,Community Health Unit,1.0,Tier1 health post
Ghana,Western,Bekwai Health Centre,Health Centre,MoH,6.1833,-2.3166,Other,GHA,Health Centre,2.0,Tier2 health center
Ghana,Western,Benso Health Centre,Health Centre,MoH,5.15635,-1.89334,GPS,GHA,Health Centre,2.0,Tier2 health center
Ghana,Western,Benumsuo Community-based Health Planning and Services,Community-based Health Planning and Services,MoH,6.167336,-2.821425,Other,GHA,Community Health Unit,1.0,Tier1 health post
Ghana,Western,Bepoase Clinic,Clinic,MoH,,,,GHA,Health Clinic,2.0,Tier2 health center
Ghana,Western,Bethlehem Community-based Health Planning and Services,Community-based Health Planning and Services,MoH,6.445673,-2.274764,Other,GHA,Community Health Unit,1.0,Tier1 health post
Ghana,Western,Bibiani Government District Hospital,District Hospital,MoH,6.45658,-2.32238,GPS,GHA,Hospital,3.0,Tier3 provincial hospital
Ghana,Western,Bisaaso Clinic,Clinic,MoH,5.530462,-2.477351,Other,GHA,Health Clinic,2.0,Tier2 health center
Ghana,Western,Boako Community-based Health Planning and Services,Community-based Health Planning and Services,MoH,6.392039,-2.567483,Other,GHA,Community Health Unit,1.0,Tier1 health post
Ghana,Western,Bodi Anglican Clinic,Clinic,FBO,6.21933,-2.75505,GPS,GHA,Health Clinic,2.0,Tier2 health center
Ghana,Western,Bodi Community-based Health Planning and Services,Community-based Health Planning and Services,MoH,6.222629,-2.75514,Other,GHA,Community Health Unit,1.0,Tier1 health post
Ghana,Western,Bogoso Health Centre,Health Centre,MoH,5.56935,-2.01971,GPS,GHA,Health Centre,2.0,Tier2 health center
Ghana,Western,Boinso Health Centre,Health Centre,MoH,5.55545,-2.7221,GPS,GHA,Health Centre,2.0,Tier2 health center
Ghana,Western,Boinzan Anglican Clinic,Clinic,FBO,6.38414,-2.87881,GPS,GHA,Health Clinic,2.0,Tier2 health center
Ghana,Western,Bokakore Community-based Health Planning and Services,Community-based Health Planning and Services,MoH,5.025248,-2.764768,Encarta,GHA,Community Health Unit,1.0,Tier1 health post
Ghana,Western,Bompieso Community-based Health Planning and Services,Community-based Health Planning and Services,MoH,5.424043,-1.935355,Other,GHA,Community Health Unit,1.0,Tier1 health post
Ghana,Western,Bonsu Community-based Health Planning and Services,Community-based Health Planning and Services,MoH,6.324786,-3.014325,Combination,GHA,Community Health Unit,1.0,Tier1 health post
Ghana,Western,Bonsu Nkwanta Health Centre,Health Centre,MoH,6.32004,-3.01765,GPS,GHA,Health Centre,2.0,Tier2 health center
Ghana,Western,Brebre Community-based Health Planning and Services,Community-based Health Planning and Services,MoH,6.60326,-3.22566,GPS,GHA,Community Health Unit,1.0,Tier1 health post
Ghana,Western,Butre Community-based Health Planning and Services,Community-based Health Planning and Services,MoH,4.820194,-1.917421,Other,GHA,Community Health Unit,1.0,Tier1 health post
Ghana,Western,Camp 15 Community-based Health Planning and Services,Community-based Health Planning and Services,MoH,6.795,-2.90451,GPS,GHA,Community Health Unit,1.0,Tier1 health post
Ghana,Western,Cashier Community-based Health Planning and Services,Community-based Health Planning and Services,MoH,,,,GHA,Community Health Unit,1.0,Tier1 health post
Ghana,Western,Chirano Health Centre,Health Centre,MoH,6.27276,-2.31919,GPS,GHA,Health Centre,2.0,Tier2 health center
Ghana,Western,Chorichori Community-based Health Planning and Services,Community-based Health Planning and Services,MoH,6.062666,-2.684774,Other,GHA,Community Health Unit,1.0,Tier1 health post
Ghana,Western,Church of Pentecost Clinic,Clinic,FBO,5.302617,-1.997879,Google Earth,GHA,Health Clinic,2.0,Tier2 health center
Ghana,Western,Church of Pentecost Clinic,Clinic,FBO,6.76584,-3.19595,GPS,GHA,Health Clinic,2.0,Tier2 health center
Ghana,Western,Daamang Community-based Health Planning and Services,Community-based Health Planning and Services,MoH,5.518016,-1.841783,Google Earth,GHA,Community Health Unit,1.0,Tier1 health post
Ghana,Western,Daboase Health Centre,Health Centre,MoH,5.13384,-1.65626,GPS,GHA,Health Centre,2.0,Tier2 health center
Ghana,Western,Dadieso Health Centre,Health Centre,MoH,6.1177,-3.03295,GPS,GHA,Health Centre,2.0,Tier2 health center
Ghana,Western,Damang Community-based Health Planning and Services,Community-based Health Planning and Services,MoH,5.514612,-1.841029,Google Earth,GHA,Community Health Unit,1.0,Tier1 health post
Ghana,Western,Dawurampong Community-based Health Planning and Services,Community-based Health Planning and Services,MoH,5.68484,-2.02564,GPS,GHA,Community Health Unit,1.0,Tier1 health post
Ghana,Western,Denchemoisue Community Clinic,Clinic,MoH,6.24386,-2.72043,GPS,GHA,Health Clinic,2.0,Tier2 health center
Ghana,Western,Divine Love Hospital,Hospital,MoH,6.455983,-2.31698,Combination,GHA,Hospital,3.0,Tier3 provincial hospital
Ghana,Western,Dixcove District Hospital,District Hospital,MoH,4.79799,-1.94978,GPS,GHA,Hospital,3.0,Tier3 provincial hospital
Ghana,Western,Domama Community-based Health Planning and Services,Community-based Health Planning and Services,MoH,5.371907,-1.572551,Other,GHA,Community Health Unit,1.0,Tier1 health post
Ghana,Western,Dominebo Community-based Health Planning and Services,Community-based Health Planning and Services,MoH,6.383333,-2.266667,Google Earth,GHA,Community Health Unit,1.0,Tier1 health post
Ghana,Western,Dompim Community Clinic,Clinic,MoH,5.10597,-1.67532,GPS,GHA,Health Clinic,2.0,Tier2 health center
Ghana,Western,Dompim Health Centre,Health Centre,MoH,5.15593,-2.07594,GPS,GHA,Health Centre,2.0,Tier2 health center
Ghana,Western,Dunkwa Community-based Health Planning and Services,Community-based Health Planning and Services,MoH,5.771798,-2.52174,Other,GHA,Community Health Unit,1.0,Tier1 health post
Ghana,Western,Edewuakrom Community-based Health Planning and Services,Community-based Health Planning and Services,MoH,6.519,-2.977,Encarta,GHA,Community Health Unit,1.0,Tier1 health post
Ghana,Western,Effia Nkwanta Regional Hospital,Regional Hospital,MoH,4.92482,-1.74458,GPS,GHA,Hospital,3.0,Tier3 provincial hospital
Ghana,Western,Egyam Catholic Clinic,Clinic,FBO,4.879573,-1.861839,Google Earth,GHA,Health Clinic,2.0,Tier2 health center
Ghana,Western,Egyam Catholic Health Centre,Health Centre,FBO,4.887841,-1.864895,Combination,GHA,Health Centre,2.0,Tier2 health center
Ghana,Western,Egyambra Community-based Health Planning and Services,Community-based Health Planning and Services,MoH,4.82067,-2.1698,GPS,GHA,Community Health Unit,1.0,Tier1 health post
Ghana,Western,Eikwe Catholic Hospital,Hospital,FBO,4.96539,-2.46978,GPS,GHA,Hospital,3.0,Tier3 provincial hospital
Ghana,Western,Ekabeku Health Centre,Health Centre,MoH,4.98334,-2.56883,GPS,GHA,Health Centre,2.0,Tier2 health center
Ghana,Western,Ellubo Health Centre,Health Centre,MoH,5.28684,-2.77149,GPS,GHA,Health Centre,2.0,Tier2 health center
Ghana,Western,Enchi Government District Hospital,District Hospital,MoH,5.82974,-2.82118,GPS,GHA,Hospital,3.0,Tier3 provincial hospital
Ghana,Western,Enzemetianu Community-based Health Planning and Services,Community-based Health Planning and Services,MoH,5.07279,-3.00704,GPS,GHA,Community Health Unit,1.0,Tier1 health post
Ghana,Western,Esiama Health Centre,Health Centre,MoH,4.93473,-2.348045,Other,GHA,Health Centre,2.0,Tier2 health center
Ghana,Western,Essam Health Centre,Health Centre,MoH,6.66532,-3.10699,Combination,GHA,Health Centre,2.0,Tier2 health center
Ghana,Western,Essiama Health Centre,Health Centre,MoH,4.93579,-2.35504,GPS,GHA,Health Centre,2.0,Tier2 health center
Ghana,Western,Essikadu Polyclinic,Polyclinic,MoH,4.94575,-1.71459,GPS,GHA,Polyclinic,4.0,Tier4 central hospital
Ghana,Western,Ewuku Community-based Health Planning and Services,Community-based Health Planning and Services,MoH,4.860126,-2.197611,Other,GHA,Community Health Unit,1.0,Tier1 health post
Ghana,Western,Ewusiejoe Community-based Health Planning and Services,Community-based Health Planning and Services,MoH,4.8833,-1.9,Other,GHA,Community Health Unit,1.0,Tier1 health post
Ghana,Western,Fasin Community-based Health Planning and Services,Community-based Health Planning and Services,MoH,4.92707,-1.94305,GPS,GHA,Community Health Unit,1.0,Tier1 health post
Ghana,Western,Fatima Clinic,Clinic,FBO,,,,GHA,Health Clinic,2.0,Tier2 health center
Ghana,Western,Fawoman Community-based Health Planning and Services,Community-based Health Planning and Services,MoH,,,,GHA,Community Health Unit,1.0,Tier1 health post
Ghana,Western,Fijai Clinic,Clinic,MoH,4.94049,-1.7544,GPS,GHA,Health Clinic,2.0,Tier2 health center
Ghana,Western,Fosukrom Community-based Health Planning and Services,Community-based Health Planning and Services,MoH,,,,GHA,Community Health Unit,1.0,Tier1 health post
Ghana,Western,Ghana Nungua Community-based Health Planning and Services,Community-based Health Planning and Services,MoH,5.34764,-2.76845,Other,GHA,Community Health Unit,1.0,Tier1 health post
Ghana,Western,Gravel Yard Clinic,Clinic,MoH,5.41941,-2.46114,GPS,GHA,Health Clinic,2.0,Tier2 health center
Ghana,Western,Gwira Banso Community-based Health Planning and Services,Community-based Health Planning and Services,MoH,5.11982,-2.24086,GPS,GHA,Community Health Unit,1.0,Tier1 health post
Ghana,Western,Gwira Eshiem Community-based Health Planning and Services,Community-based Health Planning and Services,MoH,5.13831,-2.19365,GPS,GHA,Community Health Unit,1.0,Tier1 health post
Ghana,Western,Half Assini Government District Hospital,District Hospital,MoH,5.05314,-2.88944,GPS,GHA,Hospital,3.0,Tier3 provincial hospital
Ghana,Western,Himan Health Centre,Health Centre,MoH,5.452114,-2.133964,Combination,GHA,Health Centre,2.0,Tier2 health center
Ghana,Western,Himan Health Centre,Health Centre,MoH,5.45378,-2.13672,GPS,GHA,Health Centre,2.0,Tier2 health center
Ghana,Western,Holy Child Clinic,Clinic,FBO,4.86855,-1.85769,GPS,GHA,Health Clinic,2.0,Tier2 health center
Ghana,Western,Humjibre Clinic,Clinic,MoH,6.15581,-2.26865,GPS,GHA,Health Clinic,2.0,Tier2 health center
Ghana,Western,Huni Valley Health Centre,Health Centre,MoH,5.47217,-1.91329,GPS,GHA,Health Centre,2.0,Tier2 health center
Ghana,Western,Huniso Community-based Health Planning and Services,Community-based Health Planning and Services,MoH,5.38227,-2.06017,GPS,GHA,Community Health Unit,1.0,Tier1 health post
Ghana,Western,Iduapriem Community Clinic,Clinic,MoH,5.24676,-2.0905,GPS,GHA,Health Clinic,2.0,Tier2 health center
Ghana,Western,Inchaban Community-based Health Planning and Services,Community-based Health Planning and Services,MoH,4.982,-1.685,Encarta,GHA,Community Health Unit,1.0,Tier1 health post
Ghana,Western,Insusiding Community-based Health Planning and Services,Community-based Health Planning and Services,MoH,,,,GHA,Community Health Unit,1.0,Tier1 health post
Ghana,Western,Jatokrom Community-based Health Planning and Services,Community-based Health Planning and Services,MoH,5.034,-2.335,Encarta,GHA,Community Health Unit,1.0,Tier1 health post
Ghana,Western,Jawey Wharf Community-based Health Planning and Services,Community-based Health Planning and Services,MoH,5.0833,-2.8666,Other,GHA,Community Health Unit,1.0,Tier1 health post
Ghana,Western,Jema Community-based Health Planning and Services,Community-based Health Planning and Services,MoH,5.42,-2.68,Other,GHA,Community Health Unit,1.0,Tier1 health post
Ghana,Western,JJ Nkwanta Community-based Health Planning and Services,Community-based Health Planning and Services,MoH,6.277668,-2.988245,Other,GHA,Community Health Unit,1.0,Tier1 health post
Ghana,Western,Juabo Community Clinic,Clinic,MoH,6.09323,-2.21437,GPS,GHA,Health Clinic,2.0,Tier2 health center
Ghana,Western,Juaboso Government District Hospital,District Hospital,MoH,6.33418,-2.82972,GPS,GHA,Hospital,3.0,Tier3 provincial hospital
Ghana,Western,Jukwa Hemang Community-based Health Planning and Services,Community-based Health Planning and Services,MoH,5.95266,-2.16958,GPS,GHA,Community Health Unit,1.0,Tier1 health post
Ghana,Western,Kaase Health Centre,Health Centre,MoH,6.85936,-3.15232,GPS,GHA,Health Centre,2.0,Tier2 health center
Ghana,Western,Kamgbunli Community-based Health Planning and Services,Community-based Health Planning and Services,MoH,4.978192,-2.415,Other,GHA,Community Health Unit,1.0,Tier1 health post
Ghana,Western,Kantankrubo Clinic,Clinic,MoH,,,,GHA,Health Clinic,2.0,Tier2 health center
Ghana,Western,Kejebil Community-based Health Planning and Services,Community-based Health Planning and Services,MoH,4.9,-1.8333,Other,GHA,Community Health Unit,1.0,Tier1 health post
Ghana,Western,Kengen Community-based Health Planning and Services,Community-based Health Planning and Services,MoH,4.99919,-2.63917,GPS,GHA,Community Health Unit,1.0,Tier1 health post
Ghana,Western,Kofikrom Community-based Health Planning and Services,Community-based Health Planning and Services,MoH,6.908792,-2.978052,Other,GHA,Community Health Unit,1.0,Tier1 health post
Ghana,Western,Kofikrom S.D.A. Clinic,Clinic,FBO,6.34421,-2.90085,GPS,GHA,Health Clinic,2.0,Tier2 health center
Ghana,Western,Kojokrom Community-based Health Planning and Services,Community-based Health Planning and Services,MoH,6.207553,-2.605407,Other,GHA,Community Health Unit,1.0,Tier1 health post
Ghana,Western,Kordjour Community-based Health Planning and Services,Community-based Health Planning and Services,MoH,,,,GHA,Community Health Unit,1.0,Tier1 health post
Ghana,Western,Kramokrom Community-based Health Planning and Services,Community-based Health Planning and Services,MoH,6.062594,-2.645305,Other,GHA,Community Health Unit,1.0,Tier1 health post
Ghana,Western,Kramokrom Health Centre,Health Centre,MoH,6.0696,-2.64575,GPS,GHA,Health Centre,2.0,Tier2 health center
Ghana,Western,Krisan Camp Clinic,Clinic,FBO,4.9605,-2.4608,Other,GHA,Health Clinic,2.0,Tier2 health center
Ghana,Western,Kumkumso Community-based Health Planning and Services,Community-based Health Planning and Services,MoH,6.304476,-2.312082,Other,GHA,Community Health Unit,1.0,Tier1 health post
Ghana,Western,Kutukrom Health Centre,Health Centre,MoH,5.301911,-2.205077,Other,GHA,Health Centre,2.0,Tier2 health center
Ghana,Western,Kutukrom Health Centre,Health Centre,MoH,5.304641,-2.214396,Other,GHA,Health Centre,2.0,Tier2 health center
Ghana,Western,Kwaman Community-based Health Planning and Services,Community-based Health Planning and Services,MoH,5.744444,-2.284167,Geonames,GHA,Community Health Unit,1.0,Tier1 health post
Ghana,Western,Kwametawiahkrom Community-based Health Planning and Services,Community-based Health Planning and Services,MoH,6.609167,-3.028611,Geonames,GHA,Community Health Unit,1.0,Tier1 health post
Ghana,Western,Kwasi Nkrumah Community-based Health Planning and Services,Community-based Health Planning and Services,MoH,,,,GHA,Community Health Unit,1.0,Tier1 health post
Ghana,Western,Kwasikrom Community-based Health Planning and Services,Community-based Health Planning and Services,MoH,5.306139,-2.397249,Other,GHA,Community Health Unit,1.0,Tier1 health post
Ghana,Western,Kwasikrom Community-based Health Planning and Services,Community-based Health Planning and Services,MoH,5.348113,-2.430646,Other,GHA,Community Health Unit,1.0,Tier1 health post
Ghana,Western,Kwasuo/Bantama Community-based Health Planning and Services,Community-based Health Planning and Services,MoH,6.151884,-3.076105,Other,GHA,Community Health Unit,1.0,Tier1 health post
Ghana,Western,Kwesikrom Health Centre,Health Centre,MoH,6.18985,-2.95644,GPS,GHA,Health Centre,2.0,Tier2 health center
Ghana,Western,Kwesimintsim Polyclinic,Polyclinic,MoH,4.9126,-1.78233,GPS,GHA,Polyclinic,4.0,Tier4 central hospital
Ghana,Western,Kyensekokoo Community-based Health Planning and Services,Community-based Health Planning and Services,MoH,,,,GHA,Community Health Unit,1.0,Tier1 health post
Ghana,Western,Living Well Community-based Health Planning and Services,Community-based Health Planning and Services,MoH,,,,GHA,Community Health Unit,1.0,Tier1 health post
Ghana,Western,Mafia Community-based Health Planning and Services,Community-based Health Planning and Services,MoH,6.462222,-2.924722,Geonames,GHA,Community Health Unit,1.0,Tier1 health post
Ghana,Western,Manso Amenfi Health Centre,Health Centre,MoH,5.63228,-2.25839,GPS,GHA,Health Centre,2.0,Tier2 health center
Ghana,Western,Manso Community Clinic,Clinic,MoH,5.07976,-1.83299,GPS,GHA,Health Clinic,2.0,Tier2 health center
Ghana,Western,Manukrom Community-based Health Planning and Services,Community-based Health Planning and Services,MoH,6.619606,-3.193808,Other,GHA,Community Health Unit,1.0,Tier1 health post
Ghana,Western,Mempeasem Health Centre,Health Centre,MoH,6.49452,-2.98921,GPS,GHA,Health Centre,2.0,Tier2 health center
Ghana,Western,Mmerewa Community Clinic,Clinic,MoH,6.28608,-2.13631,GPS,GHA,Health Clinic,2.0,Tier2 health center
Ghana,Western,Mobile Clinic,Clinic,MoH,4.964773,-2.471094,Google Earth,GHA,Health Clinic,2.0,Tier2 health center
Ghana,Western,Moseaso Community-based Health Planning and Services,Community-based Health Planning and Services,MoH,5.75,-2.05,Other,GHA,Community Health Unit,1.0,Tier1 health post
Ghana,Western,Mpataba Community-based Health Planning and Services,Community-based Health Planning and Services,MoH,5.0957,-2.59104,GPS,GHA,Community Health Unit,1.0,Tier1 health post
Ghana,Western,Mpohor Health Centre,Health Centre,MoH,4.97864,-1.89254,GPS,GHA,Health Centre,2.0,Tier2 health center
Ghana,Western,Nagel Memorial S.D.A. Clinic,Clinic,FBO,4.90168,-1.76649,GPS,GHA,Health Clinic,2.0,Tier2 health center
Ghana,Western,Nana Hima-Dekyi District Hospital,District Hospital,MoH,4.8002066020589,-1.94998741149902,Google Earth,GHA,Hospital,3.0,Tier3 provincial hospital
Ghana,Western,New Amanful Community-based Health Planning and Services,Community-based Health Planning and Services,MoH,4.87819,-1.790348,Google Earth,GHA,Community Health Unit,1.0,Tier1 health post
Ghana,Western,New Atuabo Community Clinic,Clinic,MoH,5.32287,-1.97654,GPS,GHA,Health Clinic,2.0,Tier2 health center
Ghana,Western,New Look Optical Works Clinic,Clinic,FBO,4.92886,-1.73401,GPS,GHA,Health Clinic,2.0,Tier2 health center
Ghana,Western,New Papaase Community-based Health Planning and Services,Community-based Health Planning and Services,MoH,6.5666,-2.9,Other,GHA,Community Health Unit,1.0,Tier1 health post
Ghana,Western,New Takoradi Health Centre,Health Centre,MoH,4.90356,-1.74861,GPS,GHA,Health Centre,2.0,Tier2 health center
Ghana,Western,New Town Clinic,Clinic,MoH,5.091677,-3.098411,Google Earth,GHA,Health Clinic,2.0,Tier2 health center
Ghana,Western,Newtown Community Clinic,Clinic,MoH,5.09234,-3.0919,GPS,GHA,Health Clinic,2.0,Tier2 health center
Ghana,Western,Nkroful Health Centre,Health Centre,MoH,4.95998,-2.32616,GPS,GHA,Health Centre,2.0,Tier2 health center
Ghana,Western,Nkwantanum Community-based Health Planning and Services,Community-based Health Planning and Services,MoH,5.4,-2.35,Other,GHA,Community Health Unit,1.0,Tier1 health post
Ghana,Western,Nsadweso Community-based Health Planning and Services,Community-based Health Planning and Services,MoH,5.450204,-1.715458,Other,GHA,Community Health Unit,1.0,Tier1 health post
Ghana,Western,Nsawora Health Centre,Health Centre,MoH,6.15052,-2.60204,GPS,GHA,Health Centre,2.0,Tier2 health center
Ghana,Western,Nsowakrom Community-based Health Planning and Services,Community-based Health Planning and Services,MoH,6.770053,-3.13645,Other,GHA,Community Health Unit,1.0,Tier1 health post
Ghana,Western,Nsuaem Health Centre,Health Centre,MoH,5.00344,-2.0289,GPS,GHA,Health Centre,2.0,Tier2 health center
Ghana,Western,Nsuonsua Community-based Health Planning and Services,Community-based Health Planning and Services,MoH,6.285,-2.417,Encarta,GHA,Community Health Unit,1.0,Tier1 health post
Ghana,Western,Nsusuaden Community-based Health Planning and Services,Community-based Health Planning and Services,MoH,,,,GHA,Community Health Unit,1.0,Tier1 health post
Ghana,Western,Nuba Community-based Health Planning and Services,Community-based Health Planning and Services,MoH,5.094,-2.63326,GPS,GHA,Community Health Unit,1.0,Tier1 health post
Ghana,Western,Nyame Ama Clinic,Clinic,FBO,,,,GHA,Health Clinic,2.0,Tier2 health center
Ghana,Western,Nyamegyeso Community Clinic,Clinic,MoH,6.24896,-2.51596,GPS,GHA,Health Clinic,2.0,Tier2 health center
Ghana,Western,Nyamegyeso Community-based Health Planning and Services,Community-based Health Planning and Services,MoH,6.249453,-2.515404,Combination,GHA,Community Health Unit,1.0,Tier1 health post
Ghana,Western,Nyarso Community-based Health Planning and Services,Community-based Health Planning and Services,MoH,4.98532,-2.09134,GPS,GHA,Community Health Unit,1.0,Tier1 health post
Ghana,Western,Old Hospital,Hospital,MoH,4.89984,-1.756596,Combination,GHA,Hospital,3.0,Tier3 provincial hospital
Ghana,Western,Oppon Valley Health Centre,Health Centre,MoH,5.69689,-1.84361,GPS,GHA,Health Centre,2.0,Tier2 health center
Ghana,Western,Oseikojokrom Community-based Health Planning and Services,Community-based Health Planning and Services,MoH,6.65927,-3.23588,GPS,GHA,Community Health Unit,1.0,Tier1 health post
Ghana,Western,Our Lady Of Fatima Clinic,Clinic,FBO,5.02266,-2.72711,GPS,GHA,Health Clinic,2.0,Tier2 health center
Ghana,Western,Owusu Ansah Community-based Health Planning and Services,Community-based Health Planning and Services,MoH,5.996389,-2.525556,Geonames,GHA,Community Health Unit,1.0,Tier1 health post
Ghana,Western,Paboase Community-based Health Planning and Services,Community-based Health Planning and Services,MoH,6.245842,-2.491103,Other,GHA,Community Health Unit,1.0,Tier1 health post
Ghana,Western,Papueso Presby Clinic,Clinic,FBO,5.74685,-2.7183,GPS,GHA,Health Clinic,2.0,Tier2 health center
Ghana,Western,Patakro Community-based Health Planning and Services,Community-based Health Planning and Services,MoH,6.277756,-2.919848,Other,GHA,Community Health Unit,1.0,Tier1 health post
Ghana,Western,Pewuako Community-based Health Planning and Services,Community-based Health Planning and Services,MoH,5.97477,-1.97248,GPS,GHA,Community Health Unit,1.0,Tier1 health post
Ghana,Western,Port Clinic,Clinic,MoH,4.88814,-1.74912,GPS,GHA,Health Clinic,2.0,Tier2 health center
Ghana,Western,Prapamase Community Clinic,Clinic,MoH,6.65829,-2.90146,GPS,GHA,Health Clinic,2.0,Tier2 health center
Ghana,Western,Presby Health Centre,Health Centre,FBO,5.80861,-2.83425,GPS,GHA,Health Centre,2.0,Tier2 health center
Ghana,Western,Prestea Government Hospital,Hospital,MoH,5.432497,-2.148463,Other,GHA,Hospital,3.0,Tier3 provincial hospital
Ghana,Western,Prestea Hospital,Hospital,MoH,5.42662,-2.13573,GPS,GHA,Hospital,3.0,Tier3 provincial hospital
Ghana,Western,Princesstown Health Centre,Health Centre,MoH,4.79618,-2.13338,GPS,GHA,Health Centre,2.0,Tier2 health center
Ghana,Western,Puakrom Community-based Health Planning and Services,Community-based Health Planning and Services,MoH,6.315643,-2.70829,Other,GHA,Community Health Unit,1.0,Tier1 health post
Ghana,Western,Sameye Health Centre Clinic,Health Centre,MoH,5.08124,-2.55797,GPS,GHA,Health Centre,2.0,Tier2 health center
Ghana,Western,Sayerano Community-based Health Planning and Services,Community-based Health Planning and Services,MoH,6.466,-2.868,Encarta,GHA,Community Health Unit,1.0,Tier1 health post
Ghana,Western,Sefwi Bekwai Health Centre,Health Centre,MoH,6.18753,-2.32599,GPS,GHA,Health Centre,2.0,Tier2 health center
Ghana,Western,Sefwi Wenchi Clinic,Clinic,MoH,6.37367,-2.3095,GPS,GHA,Health Clinic,2.0,Tier2 health center
Ghana,Western,Sefwi Wiawso District Hospital,District Hospital,MoH,6.20632,-2.49419,GPS,GHA,Hospital,3.0,Tier3 provincial hospital
Ghana,Western,Sekyere Hemang Community-based Health Planning and Services,Community-based Health Planning and Services,MoH,5.1833,-1.5666,Other,GHA,Community Health Unit,1.0,Tier1 health post
Ghana,Western,Sekyere Krobo Community Clinic,Clinic,MoH,5.24652,-1.60994,GPS,GHA,Health Clinic,2.0,Tier2 health center
Ghana,Western,Sewum Health Centre,Health Centre,MoH,5.67613,-2.81908,GPS,GHA,Health Centre,2.0,Tier2 health center
Ghana,Western,Shama Health Centre,Health Centre,MoH,5.01188,-1.63508,GPS,GHA,Health Centre,2.0,Tier2 health center
Ghana,Western,Siloam Gospel Clinic,Clinic,FBO,5.03337,-2.71821,GPS,GHA,Health Clinic,2.0,Tier2 health center
Ghana,Western,Simpa Health Centre,Health Centre,MoH,5.11074,-2.10835,GPS,GHA,Health Centre,2.0,Tier2 health center
Ghana,Western,Somprey Clinic,Clinic,MoH,5.918,-2.466,Encarta,GHA,Health Clinic,2.0,Tier2 health center
Ghana,Western,Sowodadzem Community-based Health Planning and Services,Community-based Health Planning and Services,MoH,5.16415,-2.64809,GPS,GHA,Community Health Unit,1.0,Tier1 health post
Ghana,Western,St. John of God Clinic Annex Clinic,Clinic,FBO,,,,GHA,Health Clinic,2.0,Tier2 health center
Ghana,Western,St. Johns Of God Hospital,Hospital,FBO,6.39401,-2.65779,GPS,GHA,Hospital,3.0,Tier3 provincial hospital
Ghana,Western,St. Martin de Porres Hospital,Hospital,FBO,4.965194,-2.470262,Combination,GHA,Hospital,3.0,Tier3 provincial hospital
Ghana,Western,St.Marks Anglican Clinic,Clinic,FBO,6.27715,-2.29092,GPS,GHA,Health Clinic,2.0,Tier2 health center
Ghana,Western,St.Theresa Clinic,Clinic,FBO,5.44135,-2.50321,GPS,GHA,Health Clinic,2.0,Tier2 health center
Ghana,Western,Sui Community-based Health Planning and Services,Community-based Health Planning and Services,MoH,6.254996,-2.659621,Other,GHA,Community Health Unit,1.0,Tier1 health post
Ghana,Western,Suiano Health Centre,Health Centre,MoH,6.27921,-2.77294,GPS,GHA,Health Centre,2.0,Tier2 health center
Ghana,Western,Supomu Clinic,Clinic,MoH,5.11698,-1.61935,GPS,GHA,Health Clinic,2.0,Tier2 health center
Ghana,Western,Supomu Dunkwa Health Centre,Health Centre,MoH,5.11244,-1.63078,GPS,GHA,Health Centre,2.0,Tier2 health center
Ghana,Western,Takinta Community-based Health Planning and Services,Community-based Health Planning and Services,MoH,5.05367,-2.80707,GPS,GHA,Community Health Unit,1.0,Tier1 health post
Ghana,Western,Takoradi Hospital,Hospital,MoH,4.8856,-1.75258,GPS,GHA,Hospital,3.0,Tier3 provincial hospital
Ghana,Western,Tanokrom Community-based Health Planning and Services,Community-based Health Planning and Services,MoH,6.001713,-2.862152,Other,GHA,Community Health Unit,1.0,Tier1 health post
Ghana,Western,Tarkwa Municipal Hospital,Municipal Hospital,MoH,5.30567,-1.9863,GPS,GHA,Hospital,3.0,Tier3 provincial hospital
Ghana,Western,Tikobo No 1 Health Centre,Health Centre,MoH,5.05345,-2.69218,GPS,GHA,Health Centre,2.0,Tier2 health center
Ghana,Western,Tikobo No 2 Community Clinic,Clinic,MoH,5.07958,-2.53036,GPS,GHA,Health Clinic,2.0,Tier2 health center
Ghana,Western,Twenen Community Clinic,Clinic,MoH,5.00796,-2.67931,GPS,GHA,Health Clinic,2.0,Tier2 health center
Ghana,Western,Wansampo Community-based Health Planning and Services,Community-based Health Planning and Services,MoH,6.004718,-2.721451,Other,GHA,Community Health Unit,1.0,Tier1 health post
Ghana,Western,Wassa Akropong Government District Hospital,District Hospital,MoH,5.7813,-2.08352,GPS,GHA,Hospital,3.0,Tier3 provincial hospital
Ghana,Western,Wassa Bonsie Community-based Health Planning and Services,Community-based Health Planning and Services,MoH,5.941788,-2.466981,Other,GHA,Community Health Unit,1.0,Tier1 health post
Ghana,Western,Wassa Mampong Health Centre,Health Centre,MoH,6.03377,-2.14757,GPS,GHA,Health Centre,2.0,Tier2 health center
Ghana,Western,Wassa Saa Health Centre,Health Centre,MoH,5.91924,-2.01533,GPS,GHA,Health Centre,2.0,Tier2 health center
Ghana,Western,Wenchi Clinic,Clinic,FBO,6.36665250508675,-2.31674194335937,Google Earth,GHA,Health Clinic,2.0,Tier2 health center
Ghana,Western,Wiawso Government Hospital,Hospital,MoH,6.215862,-2.485146,Google Earth,GHA,Hospital,3.0,Tier3 provincial hospital
Ghana,Western,Wuratrem Community-based Health Planning and Services,Community-based Health Planning and Services,MoH,,,,GHA,Community Health Unit,1.0,Tier1 health post
Ghana,Western,Yamfo Community-based Health Planning and Services,Community-based Health Planning and Services,MoH,5.985319,-2.784344,Other,GHA,Community Health Unit,1.0,Tier1 health post
Ghana,Western,Yawkrom Community-based Health Planning and Services,Community-based Health Planning and Services,MoH,6.226362,-2.684242,Other,GHA,Community Health Unit,1.0,Tier1 health post
Ghana,Western,Yiwabra Health Centre,Health Centre,MoH,5.75901,-2.66201,GPS,GHA,Health Centre,2.0,Tier2 health center
